player_name,season,MP,Starts,Min,90s,Gls,Ast,G_plus_A,G_minus_PK,PK,PKatt,CrdY,CrdR,xG,npxG,xAG,npxG_plus_xAG,PrgC,PrgP,PrgR,age,team,nation,positions_all,primary_position,n_positions,n_source_rows,transferred_midseason,Gls_per90,Ast_per90,GA_per90,xG_per90,xAG_per90,npxG_per90,PrgC_per90,PrgP_per90,PrgR_per90,is_low_sample,is_inter,contract_years_left,is_loan,contract_raw,has_contract_info,departed,has_departure_label
Sebastiano Luperto,2023-2024,38,38,3406,37.8,1,1,2,1,0,0,4,0,1.7,1.7,1.0,2.7,13,100,13,26,Empoli,ITA,DF,Defender,1,1,False,0.026455026455026457,0.026455026455026457,0.052910052910052914,0.04497354497354498,0.026455026455026457,0.04497354497354498,0.34391534391534395,2.6455026455026456,0.34391534391534395,False,False,,False,,False,,False
Federico Baschirotto,2023-2024,37,37,3294,36.6,0,1,1,0,0,0,3,1,1.7,1.5,0.7,2.1,28,96,3,26,Lecce,ITA,DF,Defender,1,1,False,0.0,0.0273224043715847,0.0273224043715847,0.046448087431693985,0.019125683060109287,0.040983606557377046,0.7650273224043715,2.622950819672131,0.08196721311475409,False,False,,False,,False,,False
Nehuén Pérez,2023-2024,36,36,3238,36.0,0,0,0,0,0,0,9,1,1.3,1.3,0.2,1.5,28,119,24,23,Udinese,ARG,DF,Defender,1,1,False,0.0,0.0,0.0,0.036111111111111115,0.005555555555555556,0.036111111111111115,0.7777777777777778,3.3055555555555554,0.6666666666666666,False,False,,False,,False,,False
Giovanni Di Lorenzo,2023-2024,36,36,3234,35.9,1,6,7,1,0,0,6,0,3.1,3.1,4.9,8.0,95,304,250,29,Napoli,ITA,DF,Defender,1,1,False,0.02785515320334262,0.1671309192200557,0.19498607242339833,0.08635097493036212,0.13649025069637885,0.08635097493036212,2.6462395543175488,8.467966573816156,6.963788300835655,False,False,,False,,False,,False
Gleison Bremer,2023-2024,36,36,3233,35.9,3,0,3,3,0,0,9,0,1.4,1.4,0.4,1.9,7,120,4,26,Juventus,BRA,DF,Defender,1,1,False,0.08356545961002786,0.0,0.08356545961002786,0.03899721448467967,0.011142061281337049,0.03899721448467967,0.19498607242339833,3.3426183844011144,0.11142061281337048,False,False,,False,,False,,False
Marin Pongračić,2023-2024,36,36,3219,35.8,0,0,0,0,0,0,10,1,1.2,1.2,0.4,1.5,45,134,7,25,Lecce,CRO,DF,Defender,1,1,False,0.0,0.0,0.0,0.0335195530726257,0.011173184357541902,0.0335195530726257,1.2569832402234637,3.7430167597765367,0.19553072625698326,False,False,,False,,False,,False
Adam Marušić,2023-2024,37,37,3100,34.4,1,0,1,1,0,0,3,1,0.4,0.4,0.8,1.2,35,118,108,30,Lazio,MNE,DF,Defender,1,1,False,0.029069767441860465,0.0,0.029069767441860465,0.011627906976744188,0.023255813953488375,0.011627906976744188,1.0174418604651163,3.430232558139535,3.1395348837209305,False,False,,False,,False,,False
Raoul Bellanova,2023-2024,37,36,3046,33.8,1,7,8,1,0,0,5,0,2.0,2.0,5.0,7.1,141,98,202,23,Torino,ITA,DF,Defender,1,1,False,0.02958579881656805,0.20710059171597636,0.2366863905325444,0.0591715976331361,0.14792899408284024,0.0591715976331361,4.171597633136095,2.899408284023669,5.976331360946746,False,False,,False,,False,,False
Valentin Gendrey,2023-2024,37,35,3044,33.8,2,3,5,2,0,0,5,0,1.6,1.6,1.6,3.2,77,116,86,23,Lecce,FRA,DF,Defender,1,1,False,0.0591715976331361,0.08875739644970415,0.14792899408284024,0.04733727810650888,0.04733727810650888,0.04733727810650888,2.27810650887574,3.4319526627218937,2.544378698224852,False,False,,False,,False,,False
Alberto Dossena,2023-2024,35,33,2977,33.1,2,4,6,2,0,0,5,0,2.2,2.2,2.1,4.3,9,89,2,24,Cagliari,ITA,DF,Defender,1,1,False,0.060422960725075525,0.12084592145015105,0.18126888217522658,0.06646525679758308,0.0634441087613293,0.06646525679758308,0.2719033232628399,2.688821752265861,0.060422960725075525,False,False,,False,,False,,False
Caleb Okoli,2023-2024,34,32,2914,32.4,0,1,1,0,0,0,9,0,0.6,0.6,0.8,1.4,22,118,4,22,Frosinone,ITA,DF,Defender,1,1,False,0.0,0.0308641975308642,0.0308641975308642,0.018518518518518517,0.02469135802469136,0.018518518518518517,0.6790123456790124,3.6419753086419755,0.1234567901234568,False,False,,False,,False,,False
Gianluca Mancini,2023-2024,36,34,2869,31.9,4,1,5,4,0,0,9,0,1.9,1.9,1.1,3.0,38,139,13,27,Roma,ITA,DF,Defender,1,1,False,0.12539184952978058,0.031347962382445145,0.15673981191222572,0.05956112852664577,0.03448275862068966,0.05956112852664577,1.1912225705329154,4.3573667711598745,0.40752351097178685,False,False,,False,,False,,False
Johan Vásquez,2023-2024,37,32,2850,31.7,1,1,2,1,0,0,6,0,1.9,1.9,0.8,2.7,29,81,61,24,Genoa,MEX,DF,Defender,1,1,False,0.031545741324921134,0.031545741324921134,0.06309148264984227,0.05993690851735015,0.02523659305993691,0.05993690851735015,0.9148264984227129,2.555205047318612,1.9242902208201893,False,False,,False,,False,,False
Berat Djimsiti,2023-2024,37,32,2832,31.5,0,1,1,0,0,0,5,0,0.8,0.8,0.7,1.5,6,79,10,30,Atalanta,ALB,DF,Defender,1,1,False,0.0,0.031746031746031744,0.031746031746031744,0.025396825396825397,0.02222222222222222,0.025396825396825397,0.19047619047619047,2.507936507936508,0.31746031746031744,False,False,,False,,False,,False
Theo Hernández,2023-2024,32,31,2791,31.0,5,4,9,4,1,2,11,1,4.9,3.4,4.3,7.7,116,166,124,25,Milan,FRA,DF,Defender,1,1,False,0.16129032258064516,0.12903225806451613,0.2903225806451613,0.15806451612903227,0.13870967741935483,0.10967741935483871,3.7419354838709675,5.354838709677419,4.0,False,False,,False,,False,,False
Ricardo Rodríguez,2023-2024,35,34,2772,30.8,1,2,3,1,0,0,4,0,0.3,0.3,1.4,1.7,61,127,40,30,Torino,SUI,DF,Defender,1,1,False,0.032467532467532464,0.06493506493506493,0.09740259740259741,0.00974025974025974,0.04545454545454545,0.00974025974025974,1.9805194805194806,4.123376623376624,1.2987012987012987,False,False,,False,,False,,False
Domagoj Bradarić,2023-2024,34,30,2749,30.5,0,3,3,0,0,0,5,0,0.8,0.8,1.8,2.6,57,76,120,23,Salernitana,CRO,DF,Defender,1,1,False,0.0,0.09836065573770492,0.09836065573770492,0.02622950819672131,0.05901639344262295,0.02622950819672131,1.8688524590163935,2.4918032786885247,3.9344262295081966,False,False,,False,,False,,False
Simone Romagnoli,2023-2024,33,30,2715,30.2,1,1,2,1,0,0,6,0,1.2,1.2,0.4,1.6,2,47,2,33,Frosinone,ITA,DF,Defender,1,1,False,0.033112582781456956,0.033112582781456956,0.06622516556291391,0.039735099337748346,0.013245033112582783,0.039735099337748346,0.06622516556291391,1.5562913907284768,0.06622516556291391,False,False,,False,,False,,False
Federico Gatti,2023-2024,32,30,2637,29.3,4,0,4,4,0,0,7,0,5.5,5.5,1.5,7.0,52,122,43,25,Juventus,ITA,DF,Defender,1,1,False,0.13651877133105803,0.0,0.13651877133105803,0.18771331058020477,0.051194539249146756,0.18771331058020477,1.7747440273037542,4.163822525597269,1.4675767918088738,False,False,,False,,False,,False
Martin Erlic,2023-2024,32,31,2618,29.1,1,0,1,1,0,0,5,0,1.0,1.0,0.0,1.0,19,78,11,25,Sassuolo,CRO,DF,Defender,1,1,False,0.034364261168384876,0.0,0.034364261168384876,0.034364261168384876,0.0,0.034364261168384876,0.6529209621993127,2.6804123711340204,0.37800687285223367,False,False,,False,,False,,False
Pablo Marí,2023-2024,34,30,2615,29.1,0,0,0,0,0,0,7,0,0.4,0.4,0.3,0.7,2,62,1,29,Monza,ESP,DF,Defender,1,1,False,0.0,0.0,0.0,0.013745704467353952,0.010309278350515464,0.013745704467353952,0.06872852233676975,2.1305841924398625,0.034364261168384876,False,False,,False,,False,,False
Amir Rrahmani,2023-2024,30,30,2600,28.9,3,0,3,3,0,0,5,0,2.2,2.2,0.9,3.1,19,113,4,29,Napoli,KVX,DF,Defender,1,1,False,0.10380622837370243,0.0,0.10380622837370243,0.07612456747404846,0.03114186851211073,0.07612456747404846,0.6574394463667821,3.910034602076125,0.1384083044982699,False,False,,False,,False,,False
Gabriele Zappa,2023-2024,38,25,2561,28.5,1,3,4,1,0,0,2,0,1.5,1.5,3.3,4.8,35,99,84,23,Cagliari,ITA,DF,Defender,1,1,False,0.03508771929824561,0.10526315789473684,0.14035087719298245,0.05263157894736842,0.11578947368421053,0.05263157894736842,1.2280701754385965,3.473684210526316,2.9473684210526314,False,False,,False,,False,,False
Sam Beukema,2023-2024,30,29,2547,28.3,1,1,2,1,0,0,6,1,1.9,1.9,0.8,2.7,14,76,5,24,Bologna,NED,DF,Defender,1,1,False,0.0353356890459364,0.0353356890459364,0.0706713780918728,0.06713780918727914,0.028268551236749116,0.06713780918727914,0.4946996466431095,2.685512367491166,0.17667844522968199,False,False,,False,,False,,False
Giorgio Scalvini,2023-2024,33,31,2544,28.3,1,3,4,1,0,0,3,0,1.4,1.4,1.1,2.5,30,116,33,19,Atalanta,ITA,DF,Defender,1,1,False,0.0353356890459364,0.10600706713780919,0.1413427561837456,0.04946996466431095,0.03886925795053004,0.04946996466431095,1.0600706713780919,4.098939929328622,1.1660777385159011,False,False,,False,,False,,False
Alessandro Buongiorno,2023-2024,29,29,2527,28.1,3,0,3,3,0,0,7,0,1.6,1.6,0.1,1.7,14,62,10,24,Torino,ITA,DF,Defender,1,1,False,0.10676156583629892,0.0,0.10676156583629892,0.05693950177935943,0.0035587188612099642,0.05693950177935943,0.49822064056939497,2.206405693950178,0.3558718861209964,False,False,,False,,False,,False
Nikola Milenković,2023-2024,34,27,2510,27.9,0,0,0,0,0,0,4,0,0.4,0.4,0.7,1.1,8,81,10,25,Fiorentina,SRB,DF,Defender,1,1,False,0.0,0.0,0.0,0.014336917562724016,0.025089605734767026,0.014336917562724016,0.28673835125448033,2.903225806451613,0.35842293906810035,False,False,,False,,False,,False
Antonino Gallo,2023-2024,35,30,2490,27.7,0,3,3,0,0,0,2,0,0.5,0.5,4.5,5.0,69,125,101,23,Lecce,ITA,DF,Defender,1,1,False,0.0,0.10830324909747292,0.10830324909747292,0.018050541516245487,0.1624548736462094,0.018050541516245487,2.490974729241877,4.512635379061372,3.6462093862815887,False,False,,False,,False,,False
Danilo,2023-2024,29,27,2452,27.2,1,1,2,1,0,0,7,0,1.3,1.3,0.9,2.2,18,161,21,32,Juventus,BRA,DF,Defender,1,1,False,0.03676470588235294,0.03676470588235294,0.07352941176470588,0.04779411764705883,0.03308823529411765,0.04779411764705883,0.6617647058823529,5.919117647058823,0.7720588235294118,False,False,,False,,False,,False
Matteo Ruggeri,2023-2024,34,28,2449,27.2,0,4,4,0,0,0,3,0,0.5,0.5,1.8,2.3,55,142,132,21,Atalanta,ITA,DF,Defender,1,1,False,0.0,0.14705882352941177,0.14705882352941177,0.01838235294117647,0.0661764705882353,0.01838235294117647,2.0220588235294117,5.220588235294118,4.852941176470589,False,False,,False,,False,,False
Giangiacomo Magnani,2023-2024,33,27,2444,27.2,0,0,0,0,0,0,6,0,0.5,0.5,0.2,0.8,15,79,10,27,Hellas Verona,ITA,DF,Defender,1,1,False,0.0,0.0,0.0,0.01838235294117647,0.007352941176470589,0.01838235294117647,0.5514705882352942,2.9044117647058822,0.36764705882352944,False,False,,False,,False,,False
Stefano Sabelli,2023-2024,32,30,2429,27.0,0,1,1,0,0,0,5,0,0.8,0.8,1.9,2.7,69,88,101,30,Genoa,ITA,DF,Defender,1,1,False,0.0,0.037037037037037035,0.037037037037037035,0.02962962962962963,0.07037037037037036,0.02962962962962963,2.5555555555555554,3.259259259259259,3.740740740740741,False,False,,False,,False,,False
Tommaso Augello,2023-2024,32,28,2418,26.9,1,1,2,1,0,0,5,0,0.5,0.5,2.0,2.5,62,96,99,28,Cagliari,ITA,DF,Defender,1,1,False,0.03717472118959108,0.03717472118959108,0.07434944237918216,0.01858736059479554,0.07434944237918216,0.01858736059479554,2.304832713754647,3.568773234200744,3.680297397769517,False,False,,False,,False,,False
Alessio Romagnoli,2023-2024,29,26,2411,26.8,0,0,0,0,0,0,9,0,0.6,0.6,0.6,1.1,7,87,2,28,Lazio,ITA,DF,Defender,1,1,False,0.0,0.0,0.0,0.022388059701492536,0.022388059701492536,0.022388059701492536,0.26119402985074625,3.246268656716418,0.07462686567164178,False,False,,False,,False,,False
Stefan Posch,2023-2024,31,29,2409,26.8,1,2,3,1,0,0,7,0,1.2,1.2,2.1,3.3,44,123,64,26,Bologna,AUT,DF,Defender,1,1,False,0.03731343283582089,0.07462686567164178,0.11194029850746269,0.04477611940298507,0.07835820895522388,0.04477611940298507,1.6417910447761193,4.58955223880597,2.388059701492537,False,False,,False,,False,,False
Matteo Darmian,2023-2024,33,27,2404,26.7,2,1,3,2,0,0,2,0,1.2,1.2,1.8,3.0,18,72,82,33,Inter,ITA,DF,Defender,1,1,False,0.0749063670411985,0.03745318352059925,0.11235955056179775,0.0449438202247191,0.06741573033707865,0.0449438202247191,0.6741573033707865,2.696629213483146,3.0711610486891385,False,True,0.0,False,0.0,True,0,True
Francesco Acerbi,2023-2024,29,26,2388,26.5,3,1,4,3,0,0,1,0,1.6,1.6,1.8,3.4,21,87,24,35,Inter,ITA,DF,Defender,1,1,False,0.11320754716981132,0.03773584905660377,0.1509433962264151,0.06037735849056604,0.06792452830188679,0.06037735849056604,0.7924528301886793,3.2830188679245285,0.9056603773584906,False,True,1.0,False,1.0,True,0,True
Koni De Winter,2023-2024,29,26,2380,26.4,0,1,1,0,0,0,8,1,0.8,0.8,1.0,1.8,21,76,15,21,Genoa,BEL,DF,Defender,1,1,False,0.0,0.03787878787878788,0.03787878787878788,0.030303030303030307,0.03787878787878788,0.030303030303030307,0.7954545454545455,2.878787878787879,0.5681818181818182,False,False,,False,,False,,False
Andrea Cambiaso,2023-2024,34,28,2372,26.4,2,3,5,2,0,0,10,0,2.2,2.2,3.9,6.0,87,71,172,23,Juventus,ITA,"DF,FW",Defender,2,1,False,0.07575757575757576,0.11363636363636365,0.1893939393939394,0.08333333333333334,0.14772727272727273,0.08333333333333334,3.2954545454545454,2.6893939393939394,6.515151515151516,False,False,,False,,False,,False
Cristiano Biraghi,2023-2024,29,27,2356,26.2,2,5,7,2,0,1,8,0,1.6,0.8,3.6,4.4,55,129,109,30,Fiorentina,ITA,DF,Defender,1,1,False,0.07633587786259542,0.19083969465648856,0.26717557251908397,0.06106870229007634,0.13740458015267176,0.03053435114503817,2.099236641221374,4.923664122137405,4.1603053435114505,False,False,,False,,False,,False
Riccardo Calafiori,2023-2024,30,26,2349,26.1,2,5,7,2,0,0,4,0,1.4,1.4,1.2,2.6,28,96,23,21,Bologna,ITA,DF,Defender,1,1,False,0.07662835249042145,0.19157088122605362,0.2681992337164751,0.053639846743295014,0.045977011494252866,0.053639846743295014,1.0727969348659003,3.67816091954023,0.8812260536398467,False,False,,False,,False,,False
Victor Bernth Kristiansen,2023-2024,32,26,2307,25.6,0,3,3,0,0,0,4,0,0.3,0.3,2.4,2.6,23,123,74,20,Bologna,DEN,DF,Defender,1,1,False,0.0,0.1171875,0.1171875,0.011718749999999998,0.09374999999999999,0.011718749999999998,0.8984375,4.8046875,2.890625,False,False,,False,,False,,False
Mattia Bani,2023-2024,27,27,2306,25.6,2,0,2,2,0,0,9,0,1.2,1.2,0.1,1.3,5,37,4,29,Genoa,ITA,DF,Defender,1,1,False,0.078125,0.0,0.078125,0.04687499999999999,0.00390625,0.04687499999999999,0.1953125,1.4453125,0.15625,False,False,,False,,False,,False
Lucas Martínez Quarta,2023-2024,29,26,2291,25.5,5,1,6,5,0,0,9,0,2.7,2.7,1.8,4.6,23,177,16,27,Fiorentina,ARG,DF,Defender,1,1,False,0.19607843137254902,0.0392156862745098,0.23529411764705882,0.10588235294117648,0.07058823529411765,0.10588235294117648,0.9019607843137255,6.9411764705882355,0.6274509803921569,False,False,,False,,False,,False
Gian Marco Ferrari,2023-2024,31,25,2272,25.2,1,0,1,1,0,0,4,0,1.6,1.6,0.3,1.9,32,148,7,31,Sassuolo,ITA,DF,Defender,1,1,False,0.03968253968253968,0.0,0.03968253968253968,0.0634920634920635,0.011904761904761904,0.0634920634920635,1.2698412698412698,5.8730158730158735,0.2777777777777778,False,False,,False,,False,,False
Alessandro Bastoni,2023-2024,28,28,2268,25.2,1,3,4,1,0,0,5,0,1.2,1.2,3.4,4.6,63,142,77,24,Inter,ITA,DF,Defender,1,1,False,0.03968253968253968,0.11904761904761905,0.15873015873015872,0.047619047619047616,0.1349206349206349,0.047619047619047616,2.5,5.634920634920635,3.055555555555556,False,True,4.0,False,4.0,True,0,True
Hassane Kamara,2023-2024,35,27,2225,24.7,1,1,2,1,0,0,4,0,1.9,1.9,2.8,4.8,61,81,94,29,Udinese,CIV,DF,Defender,1,1,False,0.04048582995951417,0.04048582995951417,0.08097165991902834,0.07692307692307693,0.11336032388663968,0.07692307692307693,2.4696356275303644,3.279352226720648,3.805668016194332,False,False,,False,,False,,False
Jhon Lucumí,2023-2024,29,23,2217,24.6,0,0,0,0,0,0,1,0,0.8,0.8,0.3,1.1,28,93,4,25,Bologna,COL,DF,Defender,1,1,False,0.0,0.0,0.0,0.03252032520325203,0.012195121951219511,0.03252032520325203,1.1382113821138211,3.7804878048780486,0.16260162601626016,False,False,,False,,False,,False
Davide Calabria,2023-2024,29,26,2185,24.3,1,3,4,1,0,0,5,2,1.3,1.3,1.2,2.5,31,140,66,26,Milan,ITA,DF,Defender,1,1,False,0.0411522633744856,0.12345679012345678,0.1646090534979424,0.053497942386831275,0.04938271604938271,0.053497942386831275,1.2757201646090535,5.761316872427983,2.7160493827160495,False,False,,False,,False,,False
Sead Kolašinac,2023-2024,30,25,2178,24.2,1,0,1,1,0,0,4,0,1.3,1.3,1.1,2.4,32,94,30,30,Atalanta,BIH,DF,Defender,1,1,False,0.04132231404958678,0.0,0.04132231404958678,0.05371900826446281,0.04545454545454546,0.05371900826446281,1.322314049586777,3.884297520661157,1.2396694214876034,False,False,,False,,False,,False
Josh Doig,2023-2024,28,26,2173,24.1,0,2,2,0,0,0,7,0,0.4,0.4,1.4000000000000001,1.8,53,48,67,21,MULTI:Hellas Verona|Sassuolo,SCO,DF,Defender,1,2,True,0.0,0.08298755186721991,0.08298755186721991,0.016597510373443983,0.058091286307053944,0.016597510373443983,2.1991701244813275,1.9917012448132778,2.780082987551867,False,False,,False,,False,,False
Diego Llorente,2023-2024,29,27,2170,24.1,1,1,2,1,0,0,5,0,0.3,0.3,0.6,0.9,20,75,5,29,Roma,ESP,DF,Defender,1,1,False,0.04149377593360996,0.04149377593360996,0.08298755186721991,0.012448132780082987,0.024896265560165973,0.012448132780082987,0.8298755186721991,3.1120331950207465,0.20746887966804978,False,False,,False,,False,,False
Obite N'Dicka,2023-2024,25,25,2168,24.1,0,3,3,0,0,0,6,0,1.0,1.0,1.0,2.0,26,87,11,23,Roma,CIV,DF,Defender,1,1,False,0.0,0.12448132780082986,0.12448132780082986,0.04149377593360996,0.04149377593360996,0.04149377593360996,1.0788381742738589,3.609958506224066,0.45643153526970953,False,False,,False,,False,,False
Adrien Tameze,2023-2024,29,25,2146,23.8,0,2,2,0,0,0,6,1,0.7,0.7,2.2,2.9,22,90,39,29,Torino,CMR,"DF,MF",Defender,2,1,False,0.0,0.08403361344537814,0.08403361344537814,0.02941176470588235,0.09243697478991597,0.02941176470588235,0.9243697478991596,3.7815126050420167,1.638655462184874,False,False,,False,,False,,False
Paweł Dawidowicz,2023-2024,28,25,2143,23.8,0,0,0,0,0,0,5,0,0.5,0.5,0.0,0.6,11,89,5,28,Hellas Verona,POL,DF,Defender,1,1,False,0.0,0.0,0.0,0.021008403361344536,0.0,0.021008403361344536,0.4621848739495798,3.7394957983193278,0.21008403361344538,False,False,,False,,False,,False
Luca Caldirola,2023-2024,29,23,2141,23.8,1,1,2,1,0,0,7,1,0.5,0.5,0.6,1.1,10,56,9,32,Monza,ITA,DF,Defender,1,1,False,0.04201680672268907,0.04201680672268907,0.08403361344537814,0.021008403361344536,0.025210084033613443,0.021008403361344536,0.42016806722689076,2.3529411764705883,0.37815126050420167,False,False,,False,,False,,False
Fikayo Tomori,2023-2024,26,24,2121,23.6,4,0,4,4,0,0,8,1,3.7,3.7,0.2,3.9,16,63,2,25,Milan,ENG,DF,Defender,1,1,False,0.1694915254237288,0.0,0.1694915254237288,0.15677966101694915,0.00847457627118644,0.15677966101694915,0.6779661016949152,2.669491525423729,0.0847457627118644,False,False,,False,,False,,False
Juan Jesus,2023-2024,24,23,2116,23.5,1,0,1,1,0,0,7,0,1.3,1.3,0.3,1.6,6,82,2,32,Napoli,BRA,DF,Defender,1,1,False,0.0425531914893617,0.0,0.0425531914893617,0.055319148936170216,0.01276595744680851,0.055319148936170216,0.2553191489361702,3.4893617021276597,0.0851063829787234,False,False,,False,,False,,False
Thomas Kristensen,2023-2024,26,23,2096,23.3,0,1,1,0,0,0,4,1,1.1,1.1,0.4,1.5,20,47,3,21,Udinese,DEN,DF,Defender,1,1,False,0.0,0.04291845493562232,0.04291845493562232,0.04721030042918455,0.017167381974248927,0.04721030042918455,0.8583690987124464,2.017167381974249,0.12875536480686695,False,False,,False,,False,,False
Jaka Bijol,2023-2024,24,23,2084,23.2,0,0,0,0,0,0,4,0,1.9,1.9,0.2,2.1,5,42,1,24,Udinese,SVN,DF,Defender,1,1,False,0.0,0.0,0.0,0.08189655172413793,0.008620689655172414,0.08189655172413793,0.21551724137931036,1.8103448275862069,0.04310344827586207,False,False,,False,,False,,False
Jeremy Toljan,2023-2024,25,24,2083,23.1,0,5,5,0,0,0,1,0,0.6,0.6,1.6,2.1,35,79,85,28,Sassuolo,GER,DF,Defender,1,1,False,0.0,0.21645021645021645,0.21645021645021645,0.025974025974025972,0.06926406926406926,0.025974025974025972,1.5151515151515151,3.41991341991342,3.6796536796536796,False,False,,False,,False,,False
Federico Dimarco,2023-2024,30,29,2077,23.1,5,6,11,5,0,0,0,0,2.9,2.7,8.5,11.1,51,100,198,25,Inter,ITA,DF,Defender,1,1,False,0.21645021645021645,0.2597402597402597,0.47619047619047616,0.12554112554112554,0.36796536796536794,0.11688311688311688,2.207792207792208,4.329004329004329,8.571428571428571,False,True,2.0,False,2.0,True,0,True
Luca Ranieri,2023-2024,26,23,2065,22.9,2,1,3,2,0,0,14,0,0.9,0.9,0.4,1.3,17,99,5,24,Fiorentina,ITA,DF,Defender,1,1,False,0.08733624454148473,0.04366812227074236,0.13100436681222707,0.039301310043668124,0.017467248908296946,0.039301310043668124,0.7423580786026202,4.323144104803494,0.2183406113537118,False,False,,False,,False,,False
Michael Kayode,2023-2024,26,22,2058,22.9,1,1,2,1,0,0,2,0,0.5,0.5,1.1,1.6,45,80,102,19,Fiorentina,ITA,DF,Defender,1,1,False,0.04366812227074236,0.04366812227074236,0.08733624454148473,0.02183406113537118,0.0480349344978166,0.02183406113537118,1.9650655021834063,3.493449781659389,4.454148471615721,False,False,,False,,False,,False
Sebastian Walukiewicz,2023-2024,27,23,2055,22.8,0,0,0,0,0,0,6,0,0.1,0.1,0.1,0.2,14,45,5,23,Empoli,POL,DF,Defender,1,1,False,0.0,0.0,0.0,0.0043859649122807015,0.0043859649122807015,0.0043859649122807015,0.6140350877192983,1.9736842105263157,0.21929824561403508,False,False,,False,,False,,False
Ardian Ismajli,2023-2024,26,23,2045,22.7,0,0,0,0,0,0,2,0,0.3,0.3,0.1,0.4,9,49,3,26,Empoli,ALB,DF,Defender,1,1,False,0.0,0.0,0.0,0.013215859030837005,0.004405286343612335,0.013215859030837005,0.39647577092511016,2.158590308370044,0.13215859030837004,False,False,,False,,False,,False
Samuele Birindelli,2023-2024,35,22,2013,22.4,0,2,2,0,0,0,7,0,1.1,1.1,2.9,4.0,63,70,122,24,Monza,ITA,DF,Defender,1,1,False,0.0,0.08928571428571429,0.08928571428571429,0.04910714285714286,0.12946428571428573,0.04910714285714286,2.8125,3.125,5.446428571428572,False,False,,False,,False,,False
Valentino Lazaro,2023-2024,35,21,1994,22.2,0,4,4,0,0,0,3,0,1.7,1.7,2.9,4.7,53,94,106,27,Torino,AUT,"DF,MF",Defender,2,1,False,0.0,0.1801801801801802,0.1801801801801802,0.07657657657657657,0.13063063063063063,0.07657657657657657,2.3873873873873874,4.2342342342342345,4.774774774774775,False,False,,False,,False,,False
Lorenzo Pirola,2023-2024,27,24,1987,22.1,1,0,1,1,0,0,4,0,0.9,0.9,0.0,0.9,13,57,7,21,Salernitana,ITA,DF,Defender,1,1,False,0.04524886877828054,0.0,0.04524886877828054,0.04072398190045249,0.0,0.04072398190045249,0.588235294117647,2.5791855203619907,0.3167420814479638,False,False,,False,,False,,False
Liberato Cacace,2023-2024,31,18,1912,21.2,0,1,1,0,0,0,6,0,0.4,0.4,1.7,2.1,34,84,55,22,Empoli,NZL,DF,Defender,1,1,False,0.0,0.04716981132075472,0.04716981132075472,0.01886792452830189,0.08018867924528301,0.01886792452830189,1.6037735849056605,3.9622641509433962,2.5943396226415096,False,False,,False,,False,,False
Emmanuel Gyasi,2023-2024,33,21,1879,20.9,1,2,3,1,0,0,8,0,3.5,3.5,1.5,5.0,15,41,60,29,Empoli,GHA,"DF,FW",Defender,2,1,False,0.04784688995215311,0.09569377990430622,0.14354066985645933,0.1674641148325359,0.07177033492822966,0.1674641148325359,0.7177033492822967,1.9617224880382778,2.870813397129187,False,False,,False,,False,,False
Davide Zappacosta,2023-2024,31,23,1867,20.7,2,1,3,2,0,0,5,0,2.2,2.2,1.4,3.7,67,78,132,31,Atalanta,ITA,DF,Defender,1,1,False,0.0966183574879227,0.04830917874396135,0.14492753623188406,0.10628019323671499,0.06763285024154589,0.10628019323671499,3.236714975845411,3.768115942028986,6.3768115942028984,False,False,,False,,False,,False
João Ferreira,2023-2024,35,18,1822,20.2,0,1,1,0,0,0,9,0,0.1,0.1,0.9,1.0,19,61,45,22,Udinese,POR,DF,Defender,1,1,False,0.0,0.04950495049504951,0.04950495049504951,0.0049504950495049506,0.04455445544554456,0.0049504950495049506,0.9405940594059407,3.01980198019802,2.227722772277228,False,False,,False,,False,,False
Filip Kostić,2023-2024,29,26,1815,20.2,0,4,4,0,0,0,2,0,0.7,0.7,5.4,6.1,64,88,95,30,Juventus,SRB,DF,Defender,1,1,False,0.0,0.19801980198019803,0.19801980198019803,0.03465346534653465,0.26732673267326734,0.03465346534653465,3.1683168316831685,4.356435643564357,4.702970297029703,False,False,,False,,False,,False
Mario Gila,2023-2024,21,21,1809,20.1,0,0,0,0,0,0,4,1,0.5,0.5,0.5,1.0,21,93,12,22,Lazio,ESP,DF,Defender,1,1,False,0.0,0.0,0.0,0.02487562189054726,0.02487562189054726,0.02487562189054726,1.044776119402985,4.626865671641791,0.5970149253731343,False,False,,False,,False,,False
Isak Hien,2023-2024,26,18,1801,20.0,0,1,1,0,0,0,4,1,0.6000000000000001,0.6000000000000001,0.1,0.7,8,50,1,24,MULTI:Atalanta|Hellas Verona,SWE,DF,Defender,1,2,True,0.0,0.05,0.05,0.030000000000000006,0.005,0.030000000000000006,0.4,2.5,0.05,False,False,,False,,False,,False
Bartosz Bereszyński,2023-2024,24,22,1762,19.6,0,1,1,0,0,0,3,0,0.1,0.1,0.3,0.4,15,69,18,31,Empoli,POL,DF,Defender,1,1,False,0.0,0.0510204081632653,0.0510204081632653,0.00510204081632653,0.01530612244897959,0.00510204081632653,0.7653061224489796,3.520408163265306,0.9183673469387754,False,False,,False,,False,,False
Norbert Gyömbér,2023-2024,22,20,1760,19.6,0,0,0,0,0,0,9,0,0.2,0.2,0.2,0.3,4,42,2,31,Salernitana,SVK,DF,Defender,1,1,False,0.0,0.0,0.0,0.01020408163265306,0.01020408163265306,0.01020408163265306,0.2040816326530612,2.142857142857143,0.1020408163265306,False,False,,False,,False,,False
Rasmus Kristensen,2023-2024,29,19,1744,19.4,1,1,2,1,0,0,5,0,0.5,0.5,0.9,1.5,16,40,115,26,Roma,DEN,DF,Defender,1,1,False,0.051546391752577324,0.051546391752577324,0.10309278350515465,0.025773195876288662,0.04639175257731959,0.025773195876288662,0.8247422680412372,2.061855670103093,5.927835051546392,False,False,,False,,False,,False
Alessandro Florenzi,2023-2024,31,19,1732,19.2,1,4,5,1,0,0,5,0,1.7,1.7,3.4,5.1,29,106,50,32,Milan,ITA,DF,Defender,1,1,False,0.052083333333333336,0.20833333333333334,0.2604166666666667,0.08854166666666667,0.17708333333333334,0.08854166666666667,1.5104166666666667,5.520833333333334,2.604166666666667,False,False,,False,,False,,False
Carlos Augusto,2023-2024,37,14,1725,19.2,0,3,3,0,0,0,1,0,1.0,1.0,2.8,3.9,42,54,88,24,Inter,BRA,DF,Defender,1,1,False,0.0,0.15625,0.15625,0.052083333333333336,0.14583333333333334,0.052083333333333336,2.1875,2.8125,4.583333333333334,False,True,,True,-1.0,True,0,True
Jackson Tchatchoua,2023-2024,26,19,1725,19.2,0,2,2,0,0,0,2,0,0.0,0.0,1.3,1.3,34,53,66,21,Hellas Verona,CMR,DF,Defender,1,1,False,0.0,0.10416666666666667,0.10416666666666667,0.0,0.06770833333333334,0.0,1.7708333333333335,2.760416666666667,3.4375,False,False,,False,,False,,False
Giorgos Kyriakopoulos,2023-2024,28,20,1712,19.0,0,3,3,0,0,0,3,0,1.2,1.2,1.4,2.6,64,70,94,27,Monza,GRE,DF,Defender,1,1,False,0.0,0.15789473684210525,0.15789473684210525,0.06315789473684211,0.07368421052631578,0.06315789473684211,3.3684210526315788,3.6842105263157894,4.947368421052632,False,False,,False,,False,,False
Radu Drăgușin,2023-2024,19,19,1710,19.0,2,1,3,2,0,0,1,0,1.0,1.0,0.8,1.9,6,29,13,21,Genoa,ROU,DF,Defender,1,1,False,0.10526315789473684,0.05263157894736842,0.15789473684210525,0.05263157894736842,0.042105263157894736,0.05263157894736842,0.3157894736842105,1.5263157894736843,0.6842105263157895,False,False,,False,,False,,False
Festy Ebosele,2023-2024,31,20,1700,18.9,0,0,0,0,0,0,6,1,0.8,0.8,1.8,2.6,67,35,98,20,Udinese,IRL,DF,Defender,1,1,False,0.0,0.0,0.0,0.04232804232804233,0.09523809523809525,0.04232804232804233,3.544973544973545,1.851851851851852,5.185185185185186,False,False,,False,,False,,False
Pasquale Mazzocchi,2023-2024,28,20,1700,18.9,0,2,2,0,0,0,4,1,0.5,0.5,1.5,2.0,49,60,84,28,MULTI:Napoli|Salernitana,ITA,DF,Defender,1,2,True,0.0,0.10582010582010583,0.10582010582010583,0.026455026455026457,0.07936507936507937,0.026455026455026457,2.592592592592593,3.174603174603175,4.444444444444445,False,False,,False,,False,,False
Benjamin Pavard,2023-2024,23,21,1672,18.6,0,2,2,0,0,0,6,0,0.7,0.7,1.4,2.1,25,89,47,27,Inter,FRA,DF,Defender,1,1,False,0.0,0.1075268817204301,0.1075268817204301,0.03763440860215053,0.07526881720430106,0.03763440860215053,1.3440860215053763,4.784946236559139,2.5268817204301075,False,True,4.0,False,4.0,True,0,True
Manuel Lazzari,2023-2024,24,19,1671,18.6,0,2,2,0,0,0,4,1,1.0,1.0,1.3,2.3,73,62,104,29,Lazio,ITA,DF,Defender,1,1,False,0.0,0.1075268817204301,0.1075268817204301,0.05376344086021505,0.06989247311827956,0.05376344086021505,3.9247311827956985,3.333333333333333,5.591397849462365,False,False,,False,,False,,False
Armando Izzo,2023-2024,23,20,1650,18.3,0,0,0,0,0,0,9,0,0.7,0.7,0.5,1.1,15,59,7,31,Monza,ITA,DF,Defender,1,1,False,0.0,0.0,0.0,0.03825136612021857,0.0273224043715847,0.03825136612021857,0.819672131147541,3.2240437158469946,0.3825136612021858,False,False,,False,,False,,False
Denzel Dumfries,2023-2024,31,19,1639,18.2,4,4,8,4,0,0,2,1,2.3,2.3,4.9,7.1,50,51,147,27,Inter,NED,DF,Defender,1,1,False,0.21978021978021978,0.21978021978021978,0.43956043956043955,0.12637362637362637,0.2692307692307693,0.12637362637362637,2.7472527472527473,2.8021978021978025,8.076923076923077,False,True,1.0,False,1.0,True,0,True
Diego Coppola,2023-2024,24,18,1634,18.2,2,0,2,2,0,0,9,0,1.2,1.2,0.2,1.4,1,40,0,19,Hellas Verona,ITA,DF,Defender,1,1,False,0.10989010989010989,0.0,0.10989010989010989,0.06593406593406594,0.01098901098901099,0.06593406593406594,0.054945054945054944,2.197802197802198,0.0,False,False,,False,,False,,False
Leo Skiri Østigård,2023-2024,25,18,1625,18.1,1,0,1,1,0,0,3,0,0.6,0.6,0.1,0.7,13,76,3,23,Napoli,NOR,DF,Defender,1,1,False,0.055248618784530384,0.0,0.055248618784530384,0.03314917127071823,0.0055248618784530384,0.03314917127071823,0.718232044198895,4.198895027624309,0.16574585635359115,False,False,,False,,False,,False
Malick Thiaw,2023-2024,21,19,1619,18.0,0,1,1,0,0,0,5,1,0.6,0.6,0.1,0.7,15,70,1,21,Milan,GER,DF,Defender,1,1,False,0.0,0.05555555555555555,0.05555555555555555,0.03333333333333333,0.005555555555555556,0.03333333333333333,0.8333333333333334,3.888888888888889,0.05555555555555555,False,False,,False,,False,,False
Marcus Pedersen,2023-2024,28,16,1613,17.9,0,2,2,0,0,0,4,0,0.1,0.1,1.1,1.2,43,31,90,23,Sassuolo,NOR,DF,Defender,1,1,False,0.0,0.111731843575419,0.111731843575419,0.005586592178770951,0.06145251396648046,0.005586592178770951,2.4022346368715084,1.7318435754189945,5.027932960893855,False,False,,False,,False,,False
Patric,2023-2024,20,19,1608,17.9,2,0,2,2,0,0,4,0,1.4,1.4,0.2,1.5,3,72,12,30,Lazio,ESP,DF,Defender,1,1,False,0.111731843575419,0.0,0.111731843575419,0.0782122905027933,0.011173184357541902,0.0782122905027933,0.1675977653631285,4.022346368715084,0.670391061452514,False,False,,False,,False,,False
Patrick Ciurria,2023-2024,22,18,1598,17.8,0,1,1,0,0,0,2,0,1.5,1.5,2.6,4.1,41,68,94,28,Monza,ITA,"DF,MF",Defender,2,1,False,0.0,0.056179775280898875,0.056179775280898875,0.08426966292134831,0.14606741573033707,0.08426966292134831,2.303370786516854,3.8202247191011236,5.280898876404494,False,False,,False,,False,,False
Stefan de Vrij,2023-2024,25,17,1586,17.6,1,0,1,1,0,0,0,0,0.6,0.6,0.3,0.9,6,43,2,31,Inter,NED,DF,Defender,1,1,False,0.056818181818181816,0.0,0.056818181818181816,0.03409090909090909,0.017045454545454544,0.03409090909090909,0.3409090909090909,2.443181818181818,0.11363636363636363,False,True,1.0,False,1.0,True,0,True
Mathías Olivera,2023-2024,23,18,1569,17.4,1,1,2,1,0,0,3,0,0.5,0.5,0.9,1.4,31,89,93,25,Napoli,URU,DF,Defender,1,1,False,0.0574712643678161,0.0574712643678161,0.1149425287356322,0.02873563218390805,0.05172413793103449,0.02873563218390805,1.781609195402299,5.114942528735632,5.344827586206897,False,False,,False,,False,,False
Patrick Dorgu,2023-2024,32,17,1564,17.4,2,0,2,2,0,0,6,0,2.0,2.0,1.6,3.6,37,49,86,18,Lecce,DEN,"DF,MF",Defender,2,1,False,0.1149425287356322,0.0,0.1149425287356322,0.1149425287356322,0.09195402298850576,0.1149425287356322,2.1264367816091956,2.8160919540229887,4.942528735632185,False,False,,False,,False,,False
Nicolò Casale,2023-2024,20,16,1559,17.3,0,0,0,0,0,0,5,0,0.9,0.9,0.0,0.9,20,49,4,25,Lazio,ITA,DF,Defender,1,1,False,0.0,0.0,0.0,0.05202312138728324,0.0,0.05202312138728324,1.1560693641618496,2.832369942196532,0.23121387283236994,False,False,,False,,False,,False
Danilo D'Ambrosio,2023-2024,24,16,1536,17.1,0,0,0,0,0,0,5,1,0.7,0.7,0.2,0.8,12,61,25,34,Monza,ITA,DF,Defender,1,1,False,0.0,0.0,0.0,0.040935672514619874,0.011695906432748537,0.040935672514619874,0.7017543859649122,3.567251461988304,1.461988304093567,False,False,,False,,False,,False
Pol Lirola,2023-2024,25,18,1536,17.1,2,1,3,2,0,0,1,0,1.3,1.3,1.1,2.4,30,65,59,25,Frosinone,ESP,DF,Defender,1,1,False,0.11695906432748537,0.05847953216374269,0.17543859649122806,0.07602339181286549,0.06432748538011696,0.07602339181286549,1.7543859649122806,3.8011695906432745,3.4502923976608186,False,False,,False,,False,,False
Ruan,2023-2024,26,16,1516,16.8,0,0,0,0,0,0,7,1,0.5,0.5,0.6,1.1,8,33,6,24,Sassuolo,BRA,DF,Defender,1,1,False,0.0,0.0,0.0,0.02976190476190476,0.03571428571428571,0.02976190476190476,0.47619047619047616,1.9642857142857142,0.35714285714285715,False,False,,False,,False,,False
Juan David Cabal,2023-2024,22,17,1497,16.6,0,0,0,0,0,0,6,0,0.5,0.5,0.4,0.9,26,70,48,22,Hellas Verona,COL,DF,Defender,1,1,False,0.0,0.0,0.0,0.03012048192771084,0.024096385542168672,0.03012048192771084,1.5662650602409638,4.216867469879518,2.8915662650602405,False,False,,False,,False,,False
Matteo Lovato,2023-2024,26,17,1491,16.5,0,0,0,0,0,0,4,0,0.0,0.0,0.2,0.2,1,33,1,23,MULTI:Salernitana|Torino,ITA,DF,Defender,1,2,True,0.0,0.0,0.0,0.0,0.012121212121212121,0.0,0.06060606060606061,2.0,0.06060606060606061,False,False,,False,,False,,False
Andrea Carboni,2023-2024,21,16,1487,16.5,1,0,1,1,0,0,1,0,1.2,1.2,0.5,1.7,13,46,22,22,Monza,ITA,DF,Defender,1,1,False,0.06060606060606061,0.0,0.06060606060606061,0.07272727272727272,0.030303030303030304,0.07272727272727272,0.7878787878787878,2.787878787878788,1.3333333333333333,False,False,,False,,False,,False
Ilario Monterisi,2023-2024,24,16,1469,16.3,2,2,4,2,0,0,1,0,1.1,1.1,0.4,1.5,4,47,18,21,Frosinone,ITA,DF,Defender,1,1,False,0.12269938650306748,0.12269938650306748,0.24539877300613497,0.06748466257668712,0.024539877300613498,0.06748466257668712,0.24539877300613497,2.8834355828220857,1.1042944785276072,False,False,,False,,False,,False
Fabiano Parisi,2023-2024,21,16,1454,16.2,0,1,1,0,0,0,4,0,0.9,0.9,2.4,3.3,50,78,64,22,Fiorentina,ITA,DF,Defender,1,1,False,0.0,0.0617283950617284,0.0617283950617284,0.05555555555555556,0.14814814814814814,0.05555555555555556,3.0864197530864197,4.814814814814815,3.9506172839506175,False,False,,False,,False,,False
Nadir Zortea,2023-2024,19,14,1407,15.7,2,5,7,2,0,0,4,0,0.5,0.5,3.0999999999999996,3.6999999999999997,38,52,93,24,MULTI:Atalanta|Frosinone,ITA,DF,Defender,1,2,True,0.12738853503184713,0.3184713375796179,0.445859872611465,0.03184713375796178,0.19745222929936304,0.03184713375796178,2.4203821656050954,3.3121019108280256,5.923566878980892,False,False,,False,,False,,False
Mërgim Vojvoda,2023-2024,28,15,1379,15.3,0,3,3,0,0,0,3,0,0.4,0.4,1.4,1.8,30,91,72,28,Torino,KVX,DF,Defender,1,1,False,0.0,0.19607843137254902,0.19607843137254902,0.026143790849673203,0.0915032679738562,0.026143790849673203,1.9607843137254901,5.947712418300653,4.705882352941177,False,False,,False,,False,,False
Aarón Martín,2023-2024,22,17,1376,15.3,0,1,1,0,0,0,4,1,0.2,0.2,1.7,1.9,28,35,72,26,Genoa,ESP,DF,Defender,1,1,False,0.0,0.06535947712418301,0.06535947712418301,0.013071895424836602,0.1111111111111111,0.013071895424836602,1.8300653594771241,2.287581699346405,4.705882352941177,False,False,,False,,False,,False
Filippo Terracciano,2023-2024,21,15,1372,15.200000000000001,0,1,1,0,0,0,2,0,0.3,0.3,1.0,1.3,26,52,29,20,MULTI:Hellas Verona|Milan,ITA,"DF,FW",Defender,2,2,True,0.0,0.06578947368421052,0.06578947368421052,0.019736842105263157,0.06578947368421052,0.019736842105263157,1.7105263157894737,3.4210526315789473,1.907894736842105,False,False,,False,,False,,False
Federico Fazio,2023-2024,17,15,1355,15.1,1,0,1,1,0,0,3,1,0.4,0.4,0.1,0.5,2,27,2,36,Salernitana,ARG,DF,Defender,1,1,False,0.06622516556291391,0.0,0.06622516556291391,0.026490066225165566,0.006622516556291392,0.026490066225165566,0.13245033112582782,1.7880794701986755,0.13245033112582782,False,False,,False,,False,,False
Leonardo Spinazzola,2023-2024,24,15,1312,14.6,1,2,3,1,0,0,0,0,0.2,0.2,3.0,3.2,108,52,74,30,Roma,ITA,DF,Defender,1,1,False,0.0684931506849315,0.136986301369863,0.20547945205479454,0.013698630136986302,0.20547945205479454,0.013698630136986302,7.397260273972603,3.5616438356164384,5.068493150684931,False,False,,False,,False,,False
Matteo Gabbia,2023-2024,18,14,1275,14.2,2,1,3,2,0,0,5,0,1.6,1.6,0.3,1.9,11,42,2,23,Milan,ITA,DF,Defender,1,1,False,0.14084507042253522,0.07042253521126761,0.21126760563380284,0.11267605633802819,0.02112676056338028,0.11267605633802819,0.7746478873239437,2.9577464788732395,0.14084507042253522,False,False,,False,,False,,False
Yerry Mina,2023-2024,18,14,1259,14.0,2,0,2,1,1,1,5,0,1.4000000000000001,0.6,0.0,0.6,4,25,4,28,MULTI:Cagliari|Fiorentina,COL,"DF,MF",Defender,2,2,True,0.14285714285714285,0.0,0.14285714285714285,0.1,0.0,0.04285714285714286,0.2857142857142857,1.7857142857142858,0.2857142857142857,False,False,,False,,False,,False
Timothy Weah,2023-2024,30,12,1258,14.0,0,1,1,0,0,0,5,0,1.5,1.5,1.1,2.7,35,48,84,23,Juventus,USA,"DF,FW",Defender,2,1,False,0.0,0.07142857142857142,0.07142857142857142,0.10714285714285714,0.07857142857142858,0.10714285714285714,2.5,3.4285714285714284,6.0,False,False,,False,,False,,False
Mário Rui,2023-2024,21,14,1205,13.4,0,2,2,0,0,0,7,1,0.1,0.1,1.9,2.0,33,90,59,32,Napoli,POR,DF,Defender,1,1,False,0.0,0.14925373134328357,0.14925373134328357,0.007462686567164179,0.1417910447761194,0.007462686567164179,2.462686567164179,6.716417910447761,4.402985074626866,False,False,,False,,False,,False
Elseid Hysaj,2023-2024,22,11,1199,13.3,0,0,0,0,0,0,2,0,0.2,0.2,0.4,0.7,27,51,41,29,Lazio,ALB,DF,Defender,1,1,False,0.0,0.0,0.0,0.015037593984962405,0.03007518796992481,0.015037593984962405,2.0300751879699246,3.834586466165413,3.082706766917293,False,False,,False,,False,,False
Anthony Oyono,2023-2024,16,14,1198,13.3,0,1,1,0,0,0,4,0,0.1,0.1,0.9,1.0,35,33,39,22,Frosinone,GAB,DF,Defender,1,1,False,0.0,0.07518796992481203,0.07518796992481203,0.007518796992481203,0.06766917293233082,0.007518796992481203,2.631578947368421,2.481203007518797,2.932330827067669,False,False,,False,,False,,False
Rick Karsdorp,2023-2024,18,14,1191,13.2,0,2,2,0,0,0,2,0,0.4,0.4,2.2,2.7,12,33,71,28,Roma,NED,DF,Defender,1,1,False,0.0,0.15151515151515152,0.15151515151515152,0.030303030303030307,0.16666666666666669,0.030303030303030307,0.9090909090909092,2.5,5.378787878787879,False,False,,False,,False,,False
Daniele Rugani,2023-2024,17,13,1187,13.2,2,0,2,2,0,0,2,0,1.6,1.6,0.4,2.0,2,46,2,29,Juventus,ITA,DF,Defender,1,1,False,0.15151515151515152,0.0,0.15151515151515152,0.12121212121212123,0.030303030303030307,0.12121212121212123,0.15151515151515152,3.484848484848485,0.15151515151515152,False,False,,False,,False,,False
Emanuele Valeri,2023-2024,16,14,1178,13.1,0,1,1,0,0,0,3,0,0.9,0.9,2.4,3.3,38,41,61,24,Frosinone,ITA,DF,Defender,1,1,False,0.0,0.07633587786259542,0.07633587786259542,0.06870229007633588,0.183206106870229,0.06870229007633588,2.900763358778626,3.1297709923664123,4.656488549618321,False,False,,False,,False,,False
Simon Kjær,2023-2024,20,14,1171,13.0,0,1,1,0,0,0,1,0,0.5,0.5,0.8,1.3,4,52,0,34,Milan,DEN,DF,Defender,1,1,False,0.0,0.07692307692307693,0.07692307692307693,0.038461538461538464,0.06153846153846154,0.038461538461538464,0.3076923076923077,4.0,0.0,False,False,,False,,False,,False
Alessandro Vogliacco,2023-2024,20,14,1169,13.0,0,1,1,0,0,0,4,0,0.4,0.4,0.5,0.9,8,49,12,24,Genoa,ITA,DF,Defender,1,1,False,0.0,0.07692307692307693,0.07692307692307693,0.03076923076923077,0.038461538461538464,0.03076923076923077,0.6153846153846154,3.769230769230769,0.9230769230769231,False,False,,False,,False,,False
Riccardo Marchizza,2023-2024,13,13,1148,12.8,0,4,4,0,0,0,1,0,0.4,0.4,0.8,1.2,6,36,39,25,Frosinone,ITA,DF,Defender,1,1,False,0.0,0.3125,0.3125,0.03125,0.0625,0.03125,0.46875,2.8125,3.046875,False,False,,False,,False,,False
Angeliño,2023-2024,16,14,1141,12.7,0,1,1,0,0,0,2,0,0.2,0.2,1.6,1.7,12,40,55,26,Roma,ESP,DF,Defender,1,1,False,0.0,0.07874015748031496,0.07874015748031496,0.015748031496062995,0.12598425196850396,0.015748031496062995,0.9448818897637796,3.1496062992125986,4.330708661417323,False,False,,False,,False,,False
Hans Hateboer,2023-2024,23,10,1113,12.4,0,1,1,0,0,0,5,0,0.3,0.3,2.0,2.4,19,42,71,29,Atalanta,NED,DF,Defender,1,1,False,0.0,0.08064516129032258,0.08064516129032258,0.024193548387096774,0.16129032258064516,0.024193548387096774,1.532258064516129,3.3870967741935485,5.725806451612903,False,False,,False,,False,,False
Tyronne Ebuehi,2023-2024,15,11,1099,12.2,0,1,1,0,0,0,0,0,0.3,0.3,0.9,1.2,34,37,35,27,Empoli,NGA,DF,Defender,1,1,False,0.0,0.0819672131147541,0.0819672131147541,0.02459016393442623,0.0737704918032787,0.02459016393442623,2.7868852459016393,3.0327868852459017,2.8688524590163937,False,False,,False,,False,,False
Adam Masina,2023-2024,20,11,1088,12.1,0,0,0,0,0,0,2,0,0.30000000000000004,0.30000000000000004,0.2,0.5,3,43,9,29,MULTI:Torino|Udinese,MAR,DF,Defender,1,2,True,0.0,0.0,0.0,0.02479338842975207,0.01652892561983471,0.02479338842975207,0.24793388429752067,3.553719008264463,0.7438016528925621,False,False,,False,,False,,False
Giuseppe Pezzella,2023-2024,19,14,1085,12.1,0,0,0,0,0,0,4,0,0.2,0.2,0.5,0.6,44,44,36,25,Empoli,ITA,DF,Defender,1,1,False,0.0,0.0,0.0,0.01652892561983471,0.04132231404958678,0.01652892561983471,3.6363636363636367,3.6363636363636367,2.9752066115702482,False,False,,False,,False,,False
Jordan Zemura,2023-2024,27,10,1038,11.5,1,0,1,1,0,0,1,0,0.8,0.8,0.4,1.2,23,32,52,23,Udinese,ZIM,DF,Defender,1,1,False,0.08695652173913043,0.0,0.08695652173913043,0.06956521739130435,0.034782608695652174,0.06956521739130435,2.0,2.782608695652174,4.521739130434782,False,False,,False,,False,,False
Junior Sambia,2023-2024,18,10,1032,11.5,1,2,3,1,0,0,4,0,0.5,0.5,0.9,1.4,23,41,37,26,Salernitana,FRA,"DF,MF",Defender,2,1,False,0.08695652173913043,0.17391304347826086,0.2608695652173913,0.043478260869565216,0.0782608695652174,0.043478260869565216,2.0,3.5652173913043477,3.217391304347826,False,False,,False,,False,,False
Matías Viña,2023-2024,15,13,1014,11.3,0,3,3,0,0,0,1,0,0.3,0.3,1.4,1.7,24,46,37,25,Sassuolo,URU,DF,Defender,1,1,False,0.0,0.2654867256637168,0.2654867256637168,0.026548672566371678,0.1238938053097345,0.026548672566371678,2.1238938053097343,4.070796460176991,3.2743362831858405,False,False,,False,,False,,False
Edoardo Goldaniga,2023-2024,13,12,1011,11.2,0,0,0,0,0,0,3,0,0.5,0.5,0.1,0.7,9,50,3,29,Cagliari,ITA,DF,Defender,1,1,False,0.0,0.0,0.0,0.044642857142857144,0.00892857142857143,0.044642857142857144,0.8035714285714286,4.464285714285714,0.26785714285714285,False,False,,False,,False,,False
Davide Faraoni,2023-2024,19,11,994,11.100000000000001,0,2,2,0,0,0,5,0,0.5,0.5,0.8,1.3,20,45,47,31,MULTI:Fiorentina|Hellas Verona,ITA,DF,Defender,1,2,True,0.0,0.18018018018018014,0.18018018018018014,0.045045045045045036,0.07207207207207207,0.045045045045045036,1.8018018018018016,4.0540540540540535,4.234234234234234,False,False,,False,,False,,False
Mattia Viti,2023-2024,15,12,979,10.9,1,0,1,1,0,0,0,0,1.0,1.0,0.0,1.0,2,36,13,21,Sassuolo,ITA,DF,Defender,1,1,False,0.09174311926605504,0.0,0.09174311926605504,0.09174311926605504,0.0,0.09174311926605504,0.18348623853211007,3.3027522935779814,1.1926605504587156,False,False,,False,,False,,False
Alessandro Zanoli,2023-2024,21,10,973,10.799999999999999,0,2,2,0,0,0,4,0,0.2,0.2,1.8,1.9,29,32,48,22,MULTI:Napoli|Salernitana,ITA,"DF,FW",Defender,2,2,True,0.0,0.1851851851851852,0.1851851851851852,0.01851851851851852,0.16666666666666669,0.01851851851851852,2.6851851851851856,2.9629629629629632,4.444444444444445,False,False,,False,,False,,False
Nicola Zalewski,2023-2024,22,10,968,10.8,0,1,1,0,0,0,3,1,0.8,0.8,1.6,2.5,54,33,62,21,Roma,POL,"DF,FW",Defender,2,1,False,0.0,0.09259259259259259,0.09259259259259259,0.07407407407407407,0.14814814814814814,0.07407407407407407,5.0,3.0555555555555554,5.7407407407407405,False,False,,False,,False,,False
Mateusz Wieteska,2023-2024,19,10,965,10.7,0,1,1,0,0,0,5,1,0.3,0.3,0.6,0.9,16,33,1,26,Cagliari,POL,DF,Defender,1,1,False,0.0,0.09345794392523366,0.09345794392523366,0.028037383177570093,0.056074766355140186,0.028037383177570093,1.4953271028037385,3.0841121495327104,0.09345794392523366,False,False,,False,,False,,False
Rafael Tolói,2023-2024,18,10,965,10.7,0,0,0,0,0,0,6,1,0.1,0.1,0.1,0.1,8,53,10,32,Atalanta,ITA,DF,Defender,1,1,False,0.0,0.0,0.0,0.009345794392523366,0.009345794392523366,0.009345794392523366,0.7476635514018692,4.953271028037384,0.9345794392523366,False,False,,False,,False,,False
Kingsley Ehizibue,2023-2024,23,11,955,10.6,0,1,1,0,0,0,4,0,1.3,1.3,0.7,2.0,18,15,44,28,Udinese,NED,DF,Defender,1,1,False,0.0,0.09433962264150944,0.09433962264150944,0.12264150943396228,0.0660377358490566,0.12264150943396228,1.6981132075471699,1.4150943396226416,4.150943396226415,False,False,,False,,False,,False
Natan,2023-2024,14,11,952,10.6,0,0,0,0,0,0,3,1,0.4,0.4,0.1,0.5,15,34,11,22,Napoli,BRA,DF,Defender,1,1,False,0.0,0.0,0.0,0.03773584905660378,0.009433962264150945,0.03773584905660378,1.4150943396226416,3.207547169811321,1.0377358490566038,False,False,,False,,False,,False
Paulo Azzi,2023-2024,25,9,950,10.6,0,0,0,0,0,0,1,0,1.2,1.2,0.7,1.9,47,35,42,29,Cagliari,BRA,"DF,MF",Defender,2,1,False,0.0,0.0,0.0,0.11320754716981132,0.0660377358490566,0.11320754716981132,4.433962264150944,3.30188679245283,3.9622641509433962,False,False,,False,,False,,False
Emil Holm,2023-2024,22,12,947,10.5,1,1,2,1,0,0,5,0,2.7,2.7,0.8,3.6,28,27,80,23,Atalanta,SWE,DF,Defender,1,1,False,0.09523809523809523,0.09523809523809523,0.19047619047619047,0.2571428571428572,0.0761904761904762,0.2571428571428572,2.6666666666666665,2.5714285714285716,7.619047619047619,False,False,,False,,False,,False
Adam Obert,2023-2024,17,10,941,10.5,0,0,0,0,0,0,1,0,0.1,0.1,0.9,1.1,14,37,5,20,Cagliari,SVK,DF,Defender,1,1,False,0.0,0.0,0.0,0.009523809523809525,0.08571428571428572,0.009523809523809525,1.3333333333333333,3.5238095238095237,0.47619047619047616,False,False,,False,,False,,False
Charalampos Lykogiannis,2023-2024,22,10,904,10.0,2,1,3,2,0,0,2,0,1.3,1.3,1.6,2.9,36,35,41,29,Bologna,GRE,DF,Defender,1,1,False,0.2,0.1,0.3,0.13,0.16,0.13,3.6,3.5,4.1,False,False,,False,,False,,False
Yann Aurel Bisseck,2023-2024,16,9,904,10.0,2,0,2,2,0,0,0,0,0.9,0.9,0.5,1.4,24,30,20,22,Inter,GER,DF,Defender,1,1,False,0.2,0.0,0.2,0.09,0.05,0.09,2.4,3.0,2.0,False,True,4.0,False,4.0,True,0,True
Niccolò Pierozzi,2023-2024,12,11,871,9.7,1,0,1,1,0,0,6,0,0.2,0.2,0.0,0.3,3,16,20,21,Salernitana,ITA,DF,Defender,1,1,False,0.10309278350515465,0.0,0.10309278350515465,0.02061855670103093,0.0,0.02061855670103093,0.30927835051546393,1.6494845360824744,2.061855670103093,False,False,,False,,False,,False
Christian Kabasele,2023-2024,13,10,861,9.6,1,1,2,1,0,0,5,0,1.2,1.2,0.5,1.6,7,22,1,32,Udinese,BEL,DF,Defender,1,1,False,0.10416666666666667,0.10416666666666667,0.20833333333333334,0.125,0.052083333333333336,0.125,0.7291666666666667,2.291666666666667,0.10416666666666667,False,False,,False,,False,,False
Djed Spence,2023-2024,16,8,859,9.5,0,0,0,0,0,0,1,0,0.2,0.2,0.3,0.4,17,25,31,22,Genoa,ENG,DF,Defender,1,1,False,0.0,0.0,0.0,0.021052631578947368,0.031578947368421054,0.021052631578947368,1.7894736842105263,2.6315789473684212,3.263157894736842,False,False,,False,,False,,False
Pantelis Hatzidiakos,2023-2024,13,13,856,9.5,0,0,0,0,0,0,1,0,0.4,0.4,0.0,0.4,3,34,7,26,Cagliari,GRE,DF,Defender,1,1,False,0.0,0.0,0.0,0.042105263157894736,0.0,0.042105263157894736,0.3157894736842105,3.5789473684210527,0.7368421052631579,False,False,,False,,False,,False
Pedro Pereira,2023-2024,23,9,841,9.3,0,2,2,0,0,0,3,0,0.2,0.2,1.2,1.4,20,43,69,25,Monza,POR,DF,Defender,1,1,False,0.0,0.2150537634408602,0.2150537634408602,0.02150537634408602,0.12903225806451613,0.02150537634408602,2.150537634408602,4.623655913978494,7.419354838709677,False,False,,False,,False,,False
Alessio Zerbin,2023-2024,20,8,834,9.299999999999999,0,1,1,0,0,0,2,1,0.6000000000000001,0.6000000000000001,1.4,2.1,23,23,64,24,MULTI:Monza|Napoli,ITA,"DF,FW",Defender,2,2,True,0.0,0.10752688172043012,0.10752688172043012,0.06451612903225808,0.15053763440860216,0.06451612903225808,2.473118279569893,2.473118279569893,6.881720430107528,False,False,,False,,False,,False
Samuel Iling-Junior,2023-2024,24,4,810,9.0,1,2,3,1,0,0,1,0,0.7,0.7,1.3,2.0,29,25,64,19,Juventus,ENG,"DF,MF",Defender,2,1,False,0.1111111111111111,0.2222222222222222,0.3333333333333333,0.07777777777777778,0.14444444444444446,0.07777777777777778,3.2222222222222223,2.7777777777777777,7.111111111111111,False,False,,False,,False,,False
Luca Pellegrini,2023-2024,19,8,786,8.7,1,0,1,1,0,0,7,1,0.2,0.2,0.3,0.5,18,46,30,24,Lazio,ITA,DF,Defender,1,1,False,0.1149425287356322,0.0,0.1149425287356322,0.02298850574712644,0.034482758620689655,0.02298850574712644,2.0689655172413794,5.287356321839081,3.4482758620689657,False,False,,False,,False,,False
Ridgeciano Haps,2023-2024,16,7,773,8.6,0,1,1,0,0,0,0,0,0.1,0.1,0.7,0.8,13,13,42,30,Genoa,SUR,DF,Defender,1,1,False,0.0,0.11627906976744186,0.11627906976744186,0.011627906976744188,0.0813953488372093,0.011627906976744188,1.5116279069767442,1.5116279069767442,4.883720930232558,False,False,,False,,False,,False
Perr Schuurs,2023-2024,9,9,770,8.6,1,0,1,1,0,0,2,0,0.7,0.7,0.0,0.7,9,19,4,23,Torino,NED,DF,Defender,1,1,False,0.11627906976744186,0.0,0.11627906976744186,0.0813953488372093,0.0,0.0813953488372093,1.0465116279069768,2.2093023255813953,0.46511627906976744,False,False,,False,,False,,False
Koffi Djidji,2023-2024,13,8,759,8.4,0,0,0,0,0,0,2,0,0.1,0.1,0.0,0.1,4,19,3,30,Torino,CIV,DF,Defender,1,1,False,0.0,0.0,0.0,0.011904761904761904,0.0,0.011904761904761904,0.47619047619047616,2.261904761904762,0.35714285714285715,False,False,,False,,False,,False
Flavius Daniliuc,2023-2024,14,8,744,8.3,0,0,0,0,0,0,2,0,0.2,0.2,0.2,0.5,8,37,2,22,Salernitana,AUT,DF,Defender,1,1,False,0.0,0.0,0.0,0.024096385542168672,0.024096385542168672,0.024096385542168672,0.9638554216867469,4.457831325301204,0.24096385542168672,False,False,,False,,False,,False
Alex Sandro,2023-2024,16,8,721,8.0,1,0,1,1,0,0,1,0,0.4,0.4,0.9,1.3,16,43,9,32,Juventus,BRA,DF,Defender,1,1,False,0.125,0.0,0.125,0.05,0.1125,0.05,2.0,5.375,1.125,False,False,,False,,False,,False
Fabien Centonze,2023-2024,10,7,676,7.5,0,1,1,0,0,0,2,0,0.0,0.0,1.0,1.1,16,14,21,27,Hellas Verona,FRA,DF,Defender,1,1,False,0.0,0.13333333333333333,0.13333333333333333,0.0,0.13333333333333333,0.0,2.1333333333333333,1.8666666666666667,2.8,False,False,,False,,False,,False
Lorenzo De Silvestri,2023-2024,15,7,674,7.5,2,0,2,2,0,0,0,0,0.2,0.2,0.0,0.2,14,27,12,35,Bologna,ITA,DF,Defender,1,1,False,0.26666666666666666,0.0,0.26666666666666666,0.02666666666666667,0.0,0.02666666666666667,1.8666666666666667,3.6,1.6,False,False,,False,,False,,False
Zeki Çelik,2023-2024,17,6,671,7.5,0,0,0,0,0,0,1,0,0.2,0.2,0.6,0.8,14,26,38,26,Roma,TUR,DF,Defender,1,1,False,0.0,0.0,0.0,0.02666666666666667,0.08,0.02666666666666667,1.8666666666666667,3.466666666666667,5.066666666666666,False,False,,False,,False,,False
Lautaro Gianetti,2023-2024,7,7,630,7.0,1,0,1,1,0,0,4,0,0.4,0.4,0.1,0.4,2,4,0,29,Udinese,ARG,DF,Defender,1,1,False,0.14285714285714285,0.0,0.14285714285714285,0.05714285714285715,0.014285714285714287,0.05714285714285715,0.2857142857142857,0.5714285714285714,0.0,False,False,,False,,False,,False
Marco Pellegrino,2023-2024,11,5,613,6.8999999999999995,0,0,0,0,0,0,1,0,0.0,0.0,0.0,0.1,1,10,1,21,MULTI:Milan|Salernitana,ARG,DF,Defender,1,2,True,0.0,0.0,0.0,0.0,0.0,0.0,0.14492753623188406,1.4492753623188408,0.14492753623188406,False,False,,False,,False,,False
Bruno Amione,2023-2024,10,7,579,6.4,0,0,0,0,0,0,2,0,0.3,0.3,0.0,0.3,2,17,2,21,Hellas Verona,ARG,DF,Defender,1,1,False,0.0,0.0,0.0,0.04687499999999999,0.0,0.04687499999999999,0.3125,2.65625,0.3125,False,False,,False,,False,,False
Dodô,2023-2024,9,7,523,5.8,0,0,0,0,0,0,0,0,0.1,0.1,0.8,0.9,20,39,21,24,Fiorentina,BRA,DF,Defender,1,1,False,0.0,0.0,0.0,0.017241379310344827,0.13793103448275862,0.017241379310344827,3.4482758620689657,6.724137931034483,3.6206896551724137,False,False,,False,,False,,False
Dean Huijsen,2023-2024,14,4,522,5.8,2,0,2,2,0,0,4,0,0.4,0.4,0.1,0.5,4,20,15,18,MULTI:Juventus|Roma,ESP,DF,Defender,1,2,True,0.3448275862068966,0.0,0.3448275862068966,0.06896551724137931,0.017241379310344827,0.06896551724137931,0.6896551724137931,3.4482758620689657,2.586206896551724,False,False,,False,,False,,False
Kostas Manolas,2023-2024,8,6,488,5.4,0,0,0,0,0,0,0,0,0.1,0.1,0.1,0.2,0,10,2,32,Salernitana,GRE,DF,Defender,1,1,False,0.0,0.0,0.0,0.018518518518518517,0.018518518518518517,0.018518518518518517,0.0,1.8518518518518516,0.37037037037037035,False,False,,False,,False,,False
Triantafyllos Pasaridīs,2023-2024,8,5,452,5.0,0,0,0,0,0,0,3,0,0.0,0.0,0.0,0.0,1,17,0,27,Salernitana,GRE,DF,Defender,1,1,False,0.0,0.0,0.0,0.0,0.0,0.0,0.2,3.4,0.0,False,False,,False,,False,,False
Matìas Soulé,2023-2024,36,36,3121,34.7,11,3,14,6,5,6,4,0,10.5,5.7,6.6,12.3,115,198,211,20,Frosinone,ARG,"FW,MF",Forward,2,1,False,0.31700288184438036,0.08645533141210374,0.4034582132564841,0.3025936599423631,0.19020172910662822,0.1642651296829971,3.3141210374639765,5.706051873198847,6.0806916426512965,False,False,,False,,False,,False
Andrea Pinamonti,2023-2024,38,37,3076,34.2,11,1,12,9,2,3,4,0,8.9,6.6,1.9,8.4,17,45,165,24,Sassuolo,ITA,FW,Forward,1,1,False,0.3216374269005848,0.029239766081871343,0.3508771929824561,0.260233918128655,0.055555555555555546,0.19298245614035084,0.49707602339181284,1.3157894736842104,4.824561403508771,False,False,,False,,False,,False
Albert Guðmundsson,2023-2024,35,34,3016,33.5,14,4,18,10,4,5,4,0,9.9,5.8,5.2,11.0,82,120,168,26,Genoa,ISL,"FW,MF",Forward,2,1,False,0.417910447761194,0.11940298507462686,0.5373134328358209,0.2955223880597015,0.15522388059701492,0.17313432835820894,2.4477611940298507,3.582089552238806,5.014925373134329,False,False,,False,,False,,False
Duván Zapata,2023-2024,37,36,2992,33.2,13,4,17,13,0,0,2,0,11.3,11.3,3.1,14.4,77,55,255,32,MULTI:Atalanta|Torino,COL,FW,Forward,1,2,True,0.39156626506024095,0.12048192771084336,0.5120481927710843,0.34036144578313254,0.09337349397590361,0.34036144578313254,2.319277108433735,1.6566265060240963,7.680722891566265,False,False,,False,,False,,False
Armand Lauriente,2023-2024,37,35,2908,32.3,5,4,9,5,0,0,5,0,5.7,5.7,4.0,9.7,125,99,268,24,Sassuolo,FRA,FW,Forward,1,1,False,0.15479876160990713,0.12383900928792571,0.2786377708978328,0.17647058823529413,0.12383900928792571,0.17647058823529413,3.8699690402476783,3.0650154798761613,8.297213622291022,False,False,,False,,False,,False
Felipe Anderson,2023-2024,38,33,2770,30.8,5,6,11,5,0,0,3,0,4.4,4.4,6.3,10.7,108,126,226,30,Lazio,BRA,"FW,MF",Forward,2,1,False,0.16233766233766234,0.19480519480519481,0.35714285714285715,0.14285714285714288,0.20454545454545453,0.14285714285714288,3.5064935064935066,4.090909090909091,7.337662337662337,False,False,,False,,False,,False
Joshua Zirkzee,2023-2024,34,32,2759,30.7,11,4,15,9,2,2,8,0,9.0,7.4,5.2,12.6,53,86,182,22,Bologna,NED,FW,Forward,1,1,False,0.3583061889250814,0.13029315960912052,0.48859934853420195,0.2931596091205212,0.1693811074918567,0.241042345276873,1.726384364820847,2.801302931596091,5.928338762214984,False,False,,False,,False,,False
Khvicha Kvaratskhelia,2023-2024,34,32,2737,30.4,11,6,17,11,0,0,8,0,11.1,11.1,6.8,17.9,184,89,266,22,Napoli,GEO,FW,Forward,1,1,False,0.3618421052631579,0.19736842105263158,0.5592105263157895,0.3651315789473684,0.2236842105263158,0.3651315789473684,6.052631578947369,2.9276315789473686,8.75,False,False,,False,,False,,False
Marcus Thuram,2023-2024,35,34,2687,29.9,13,7,20,13,0,0,3,0,14.3,14.3,3.7,18.0,68,47,192,25,Inter,FRA,FW,Forward,1,1,False,0.4347826086956522,0.23411371237458195,0.6688963210702341,0.47826086956521746,0.12374581939799333,0.47826086956521746,2.2742474916387962,1.5719063545150502,6.421404682274248,False,True,4.0,False,4.0,True,0,True
Lautaro Martínez,2023-2024,33,31,2656,29.5,24,3,27,22,2,3,5,0,17.6,15.3,3.6,18.8,54,80,172,25,Inter,ARG,FW,Forward,1,1,False,0.8135593220338984,0.1016949152542373,0.9152542372881356,0.5966101694915255,0.12203389830508475,0.5186440677966102,1.8305084745762712,2.711864406779661,5.830508474576271,False,True,2.0,False,2.0,True,0,True
Romelu Lukaku,2023-2024,32,30,2641,29.3,13,3,16,13,0,1,5,1,9.8,9.0,2.4,11.4,37,37,234,30,Roma,BEL,FW,Forward,1,1,False,0.44368600682593856,0.10238907849829351,0.5460750853242321,0.3344709897610922,0.08191126279863481,0.30716723549488056,1.2627986348122866,1.2627986348122866,7.986348122866894,False,False,,False,,False,,False
Christian Pulisic,2023-2024,36,32,2602,28.9,12,8,20,12,0,0,2,0,8.0,8.0,4.8,12.8,131,87,293,24,Milan,USA,"FW,MF",Forward,2,1,False,0.4152249134948097,0.2768166089965398,0.6920415224913495,0.2768166089965398,0.16608996539792387,0.2768166089965398,4.53287197231834,3.01038062283737,10.13840830449827,False,False,,False,,False,,False
Lorenzo Lucca,2023-2024,37,30,2592,28.8,8,4,12,8,0,0,6,0,7.8,7.8,1.6,9.4,10,18,118,22,Udinese,ITA,FW,Forward,1,1,False,0.2777777777777778,0.1388888888888889,0.41666666666666663,0.2708333333333333,0.05555555555555556,0.2708333333333333,0.3472222222222222,0.625,4.097222222222222,False,False,,False,,False,,False
Nicolò Cambiaghi,2023-2024,37,29,2553,28.4,1,1,2,1,0,0,3,0,3.9,3.9,2.8,6.7,128,63,197,22,Empoli,ITA,"FW,MF",Forward,2,1,False,0.035211267605633804,0.035211267605633804,0.07042253521126761,0.13732394366197184,0.09859154929577464,0.13732394366197184,4.507042253521127,2.2183098591549295,6.93661971830986,False,False,,False,,False,,False
Rafael Leão,2023-2024,34,29,2512,27.9,9,9,18,9,0,0,5,0,10.0,10.0,9.1,19.1,160,117,293,24,Milan,POR,FW,Forward,1,1,False,0.3225806451612903,0.3225806451612903,0.6451612903225806,0.35842293906810035,0.32616487455197135,0.35842293906810035,5.734767025089606,4.193548387096774,10.501792114695341,False,False,,False,,False,,False
Milan Đurić,2023-2024,37,26,2461,27.4,9,2,11,8,1,3,4,0,7.5,5.2,1.9,7.1,5,23,64,33,MULTI:Hellas Verona|Monza,BIH,FW,Forward,1,2,True,0.3284671532846716,0.07299270072992702,0.40145985401459855,0.2737226277372263,0.06934306569343066,0.18978102189781024,0.18248175182481752,0.8394160583941607,2.3357664233576645,False,False,,False,,False,,False
Nikola Krstović,2023-2024,35,30,2373,26.4,7,1,8,6,1,3,4,1,11.6,9.2,3.0,12.3,32,52,126,23,Lecce,MNE,FW,Forward,1,1,False,0.26515151515151514,0.03787878787878788,0.30303030303030304,0.4393939393939394,0.11363636363636365,0.34848484848484845,1.2121212121212122,1.9696969696969697,4.772727272727273,False,False,,False,,False,,False
Olivier Giroud,2023-2024,35,28,2363,26.3,15,8,23,11,4,5,1,1,14.2,10.2,4.7,14.9,9,28,95,36,Milan,FRA,FW,Forward,1,1,False,0.5703422053231939,0.3041825095057034,0.8745247148288973,0.5399239543726235,0.17870722433460076,0.38783269961977185,0.34220532319391633,1.064638783269962,3.612167300380228,False,False,,False,,False,,False
Matteo Politano,2023-2024,37,31,2360,26.2,8,7,15,6,2,3,2,1,7.1,4.8,6.6,11.4,113,164,216,29,Napoli,ITA,FW,Forward,1,1,False,0.3053435114503817,0.26717557251908397,0.5725190839694657,0.27099236641221375,0.25190839694656486,0.183206106870229,4.312977099236641,6.259541984732825,8.244274809160306,False,False,,False,,False,,False
Dušan Vlahović,2023-2024,33,27,2307,25.6,16,4,20,14,2,4,8,1,16.6,13.3,2.3,15.6,36,46,174,23,Juventus,SRB,FW,Forward,1,1,False,0.625,0.15625,0.78125,0.6484375,0.08984374999999999,0.51953125,1.40625,1.796875,6.796875,False,False,,False,,False,,False
Mateo Retegui,2023-2024,29,26,2216,24.6,7,2,9,6,1,1,5,0,5.8,5.0,0.7,5.8,18,17,112,24,Genoa,ITA,FW,Forward,1,1,False,0.2845528455284553,0.08130081300813008,0.36585365853658536,0.23577235772357721,0.028455284552845524,0.2032520325203252,0.7317073170731707,0.6910569105691057,4.5528455284552845,False,False,,False,,False,,False
Federico Chiesa,2023-2024,33,25,2197,24.4,9,2,11,8,1,1,1,0,6.4,5.6,6.2,11.9,111,70,216,25,Juventus,ITA,FW,Forward,1,1,False,0.36885245901639346,0.0819672131147541,0.45081967213114754,0.26229508196721313,0.2540983606557377,0.22950819672131148,4.549180327868853,2.8688524590163937,8.852459016393443,False,False,,False,,False,,False
Antonio Sanabria,2023-2024,35,23,2133,23.7,5,0,5,3,2,2,2,0,9.3,7.7,1.4,9.1,19,57,109,27,Torino,PAR,"FW,MF",Forward,2,1,False,0.2109704641350211,0.0,0.2109704641350211,0.3924050632911393,0.05907172995780591,0.3248945147679325,0.8016877637130801,2.4050632911392404,4.59915611814346,False,False,,False,,False,,False
Walid Cheddira,2023-2024,36,24,2120,23.6,7,1,8,6,1,1,0,0,9.0,8.2,1.4,9.6,31,22,139,25,Frosinone,MAR,FW,Forward,1,1,False,0.2966101694915254,0.0423728813559322,0.3389830508474576,0.3813559322033898,0.05932203389830508,0.34745762711864403,1.3135593220338981,0.9322033898305084,5.889830508474576,False,False,,False,,False,,False
Pontus Almqvist,2023-2024,30,25,2107,23.4,2,1,3,2,0,0,5,0,2.3,2.3,2.7,5.0,72,32,137,24,Lecce,SWE,"FW,MF",Forward,2,1,False,0.08547008547008547,0.042735042735042736,0.12820512820512822,0.09829059829059829,0.1153846153846154,0.09829059829059829,3.076923076923077,1.3675213675213675,5.854700854700855,False,False,,False,,False,,False
Loum Tchaouna,2023-2024,33,23,2100,23.3,4,3,7,4,0,0,4,0,2.6,2.6,1.5,4.1,72,59,151,19,Salernitana,FRA,"FW,MF",Forward,2,1,False,0.17167381974248927,0.12875536480686695,0.3004291845493562,0.11158798283261803,0.06437768240343347,0.11158798283261803,3.0901287553648067,2.532188841201717,6.48068669527897,False,False,,False,,False,,False
Dany Mota,2023-2024,34,24,2049,22.8,4,3,7,4,0,0,3,0,3.6,3.6,3.0,6.5,112,57,152,25,Monza,POR,"FW,MF",Forward,2,1,False,0.17543859649122806,0.13157894736842105,0.30701754385964913,0.15789473684210525,0.13157894736842105,0.15789473684210525,4.912280701754386,2.5,6.666666666666666,False,False,,False,,False,,False
Charles De Ketelaere,2023-2024,35,25,2026,22.5,10,8,18,9,1,1,1,0,7.1,6.3,6.1,12.4,88,126,219,22,Atalanta,BEL,"FW,MF",Forward,2,1,False,0.4444444444444444,0.35555555555555557,0.8,0.31555555555555553,0.2711111111111111,0.27999999999999997,3.911111111111111,5.6,9.733333333333333,False,False,,False,,False,,False
Victor Osimhen,2023-2024,25,22,1982,22.0,15,3,18,12,3,5,6,1,15.4,11.4,3.1,14.6,34,23,142,24,Napoli,NGA,FW,Forward,1,1,False,0.6818181818181818,0.13636363636363635,0.8181818181818182,0.7000000000000001,0.1409090909090909,0.5181818181818182,1.5454545454545454,1.0454545454545454,6.454545454545454,False,False,,False,,False,,False
Paulo Dybala,2023-2024,28,25,1959,21.8,13,9,22,6,7,7,3,0,10.6,5.1,4.3,9.4,79,122,167,29,Roma,ARG,"FW,MF",Forward,2,1,False,0.5963302752293578,0.4128440366972477,1.0091743119266054,0.4862385321100917,0.19724770642201833,0.23394495412844035,3.623853211009174,5.5963302752293576,7.660550458715596,False,False,,False,,False,,False
Mattia Zaccagni,2023-2024,28,24,1956,21.7,6,1,7,6,0,0,8,0,4.7,4.7,2.9,7.6,88,55,209,28,Lazio,ITA,"FW,MF",Forward,2,1,False,0.2764976958525346,0.04608294930875576,0.3225806451612903,0.21658986175115208,0.1336405529953917,0.21658986175115208,4.055299539170507,2.5345622119815667,9.631336405529954,False,False,,False,,False,,False
Zito Luvumbo,2023-2024,30,19,1946,21.6,4,5,9,4,0,0,5,0,4.0,4.0,3.1,7.1,85,21,181,21,Cagliari,ANG,"FW,MF",Forward,2,1,False,0.18518518518518517,0.23148148148148145,0.41666666666666663,0.18518518518518517,0.14351851851851852,0.18518518518518517,3.935185185185185,0.9722222222222222,8.37962962962963,False,False,,False,,False,,False
Darko Lazović,2023-2024,32,22,1928,21.4,3,2,5,2,1,1,0,1,2.8,2.0,4.4,6.4,43,66,139,32,Hellas Verona,SRB,"FW,MF",Forward,2,1,False,0.14018691588785048,0.09345794392523366,0.23364485981308414,0.1308411214953271,0.20560747663551404,0.09345794392523366,2.0093457943925235,3.0841121495327104,6.4953271028037385,False,False,,False,,False,,False
Nicolás González,2023-2024,29,21,1913,21.3,12,2,14,11,1,3,1,0,10.4,8.0,1.6,9.6,53,100,190,25,Fiorentina,ARG,FW,Forward,1,1,False,0.5633802816901409,0.09389671361502347,0.6572769953051643,0.48826291079812206,0.07511737089201878,0.3755868544600939,2.488262910798122,4.694835680751174,8.92018779342723,False,False,,False,,False,,False
Ademola Lookman,2023-2024,31,22,1894,21.0,11,7,18,11,0,0,4,0,9.1,9.1,5.2,14.3,72,97,222,25,Atalanta,NGA,"FW,MF",Forward,2,1,False,0.5238095238095238,0.3333333333333333,0.8571428571428571,0.4333333333333333,0.24761904761904763,0.4333333333333333,3.4285714285714284,4.619047619047619,10.571428571428571,False,False,,False,,False,,False
Alexis Saelemaekers,2023-2024,30,21,1887,21.0,4,2,6,4,0,0,7,1,2.6,2.6,2.8,5.5,65,77,180,24,Bologna,BEL,"FW,MF",Forward,2,1,False,0.19047619047619047,0.09523809523809523,0.2857142857142857,0.12380952380952381,0.13333333333333333,0.12380952380952381,3.0952380952380953,3.6666666666666665,8.571428571428571,False,False,,False,,False,,False
Roberto Pereyra,2023-2024,27,22,1858,20.6,4,3,7,3,1,1,6,0,3.5,2.7,1.9,4.7,39,70,82,32,Udinese,ARG,"FW,MF",Forward,2,1,False,0.1941747572815534,0.14563106796116504,0.3398058252427184,0.1699029126213592,0.09223300970873785,0.13106796116504854,1.8932038834951455,3.3980582524271843,3.9805825242718442,False,False,,False,,False,,False
Riccardo Orsolini,2023-2024,33,19,1792,19.9,10,2,12,8,2,3,2,0,7.4,5.0,4.4,9.4,51,71,175,26,Bologna,ITA,"FW,MF",Forward,2,1,False,0.5025125628140704,0.10050251256281408,0.6030150753768845,0.3718592964824121,0.221105527638191,0.2512562814070352,2.562814070351759,3.5678391959798996,8.793969849246231,False,False,,False,,False,,False
Matteo Cancellieri,2023-2024,36,18,1788,19.9,4,3,7,4,0,0,7,0,4.7,4.7,2.9,7.6,48,26,138,21,Empoli,ITA,"FW,MF",Forward,2,1,False,0.20100502512562815,0.15075376884422112,0.35175879396984927,0.2361809045226131,0.1457286432160804,0.2361809045226131,2.412060301507538,1.306532663316583,6.934673366834171,False,False,,False,,False,,False
Dan Ndoye,2023-2024,32,20,1771,19.7,1,1,2,1,0,0,4,0,4.9,4.9,1.8,6.6,88,36,173,22,Bologna,SUI,"FW,MF",Forward,2,1,False,0.050761421319796954,0.050761421319796954,0.10152284263959391,0.2487309644670051,0.09137055837563453,0.2487309644670051,4.467005076142132,1.8274111675126905,8.781725888324873,False,False,,False,,False,,False
Cyril Ngonge,2023-2024,32,18,1746,19.4,7,2,9,7,0,0,6,0,5.2,4.4,2.5,6.8999999999999995,71,55,160,23,MULTI:Hellas Verona|Napoli,BEL,"FW,MF",Forward,2,2,True,0.3608247422680413,0.10309278350515465,0.4639175257731959,0.2680412371134021,0.1288659793814433,0.22680412371134023,3.65979381443299,2.8350515463917527,8.247422680412372,False,False,,False,,False,,False
Stephan El Shaarawy,2023-2024,33,19,1738,19.3,3,4,7,3,0,0,2,0,2.5,2.5,2.3,4.8,46,44,131,30,Roma,ITA,"FW,DF",Forward,2,1,False,0.15544041450777202,0.20725388601036268,0.3626943005181347,0.12953367875647667,0.11917098445595854,0.12953367875647667,2.383419689119171,2.2797927461139897,6.787564766839378,False,False,,False,,False,,False
Florian Thauvin,2023-2024,29,19,1710,19.0,5,3,8,4,1,1,4,0,4.7,3.9,4.2,8.2,72,69,97,30,Udinese,FRA,FW,Forward,1,1,False,0.2631578947368421,0.15789473684210525,0.42105263157894735,0.2473684210526316,0.2210526315789474,0.20526315789473684,3.789473684210526,3.6315789473684212,5.105263157894737,False,False,,False,,False,,False
Lucas Beltrán,2023-2024,32,21,1692,18.8,6,2,8,5,1,1,6,0,3.8,3.0,1.5,4.5,12,49,113,22,Fiorentina,ARG,"FW,MF",Forward,2,1,False,0.3191489361702127,0.10638297872340426,0.425531914893617,0.20212765957446807,0.07978723404255318,0.15957446808510636,0.6382978723404255,2.606382978723404,6.01063829787234,False,False,,False,,False,,False
Jonathan Ikone,2023-2024,28,18,1682,18.7,3,1,4,3,0,0,5,0,4.6,4.6,2.0,6.6,51,58,154,25,Fiorentina,FRA,FW,Forward,1,1,False,0.16042780748663102,0.053475935828877004,0.21390374331550802,0.2459893048128342,0.10695187165775401,0.2459893048128342,2.7272727272727275,3.1016042780748663,8.23529411764706,False,False,,False,,False,,False
Valentín Castellanos,2023-2024,35,16,1682,18.7,4,3,7,4,0,0,2,0,7.3,7.3,1.7,8.9,15,47,132,24,Lazio,ARG,FW,Forward,1,1,False,0.21390374331550802,0.16042780748663102,0.37433155080213903,0.39037433155080214,0.09090909090909091,0.39037433155080214,0.8021390374331551,2.5133689839572195,7.058823529411765,False,False,,False,,False,,False
Ciro Immobile,2023-2024,31,21,1652,18.4,7,1,8,3,4,4,8,0,9.7,6.6,2.1,8.6,19,39,123,33,Lazio,ITA,FW,Forward,1,1,False,0.3804347826086957,0.05434782608695653,0.4347826086956522,0.5271739130434783,0.1141304347826087,0.358695652173913,1.032608695652174,2.1195652173913047,6.684782608695652,False,False,,False,,False,,False
Andrea Belotti,2023-2024,29,17,1628,18.0,6,2,8,6,0,0,1,0,6.1,6.1,1.9,8.0,25,23,109,29,MULTI:Fiorentina|Roma,ITA,FW,Forward,1,2,True,0.3333333333333333,0.1111111111111111,0.4444444444444444,0.33888888888888885,0.10555555555555556,0.33888888888888885,1.3888888888888888,1.2777777777777777,6.055555555555555,False,False,,False,,False,,False
Giacomo Raspadori,2023-2024,37,14,1584,17.6,5,3,8,5,0,1,0,0,5.9,4.5,4.0,8.5,29,54,139,23,Napoli,ITA,"FW,MF",Forward,2,1,False,0.28409090909090906,0.17045454545454544,0.45454545454545453,0.3352272727272727,0.22727272727272727,0.2556818181818182,1.6477272727272725,3.068181818181818,7.8977272727272725,False,False,,False,,False,,False
M'Bala Nzola,2023-2024,33,15,1552,17.2,3,3,6,2,1,1,2,0,4.5,3.7,1.6,5.4,21,29,143,26,Fiorentina,ANG,FW,Forward,1,1,False,0.1744186046511628,0.1744186046511628,0.3488372093023256,0.2616279069767442,0.0930232558139535,0.21511627906976746,1.2209302325581395,1.686046511627907,8.313953488372093,False,False,,False,,False,,False
Gianluca Scamacca,2023-2024,29,17,1453,16.1,12,6,18,12,0,0,1,0,6.5,6.5,3.9,10.5,22,41,167,24,Atalanta,ITA,FW,Forward,1,1,False,0.7453416149068323,0.37267080745341613,1.1180124223602483,0.40372670807453415,0.24223602484472048,0.40372670807453415,1.3664596273291925,2.5465838509316767,10.372670807453416,False,False,,False,,False,,False
Domenico Berardi,2023-2024,17,17,1431,15.9,9,3,12,4,5,5,6,0,6.5,2.6,3.0,5.6,38,83,123,28,Sassuolo,ITA,FW,Forward,1,1,False,0.5660377358490566,0.18867924528301885,0.7547169811320754,0.40880503144654085,0.18867924528301885,0.16352201257861634,2.389937106918239,5.220125786163522,7.735849056603773,False,False,,False,,False,,False
Roberto Piccoli,2023-2024,37,12,1417,15.700000000000001,5,0,5,4,1,1,5,0,6.5,5.699999999999999,0.9,6.6,25,20,72,22,MULTI:Empoli|Lecce,ITA,FW,Forward,1,2,True,0.3184713375796178,0.0,0.3184713375796178,0.41401273885350315,0.057324840764331204,0.36305732484076425,1.592356687898089,1.2738853503184713,4.585987261146497,False,False,,False,,False,,False
Lorenzo Colombo,2023-2024,25,16,1359,15.1,4,1,5,4,0,0,3,0,3.6,3.6,0.6,4.2,16,24,75,21,Monza,ITA,FW,Forward,1,1,False,0.26490066225165565,0.06622516556291391,0.33112582781456956,0.2384105960264901,0.039735099337748346,0.2384105960264901,1.0596026490066226,1.589403973509934,4.966887417218543,False,False,,False,,False,,False
Lameck Banda,2023-2024,21,17,1350,15.0,2,4,6,2,0,0,5,1,3.6,3.6,1.9,5.5,71,22,136,22,Lecce,ZAM,FW,Forward,1,1,False,0.13333333333333333,0.26666666666666666,0.4,0.24000000000000002,0.12666666666666665,0.24000000000000002,4.733333333333333,1.4666666666666666,9.066666666666666,False,False,,False,,False,,False
Tijjani Noslin,2023-2024,17,17,1339,14.9,5,4,9,5,0,0,2,0,3.6,3.6,2.2,5.8,29,26,94,24,Hellas Verona,NED,"FW,MF",Forward,2,1,False,0.33557046979865773,0.2684563758389262,0.6040268456375839,0.24161073825503357,0.1476510067114094,0.24161073825503357,1.9463087248322146,1.74496644295302,6.308724832214765,False,False,,False,,False,,False
Francesco Caputo,2023-2024,20,15,1268,14.1,3,0,3,2,1,1,0,0,3.4,2.6,0.7,3.4,7,18,65,35,Empoli,ITA,FW,Forward,1,1,False,0.2127659574468085,0.0,0.2127659574468085,0.24113475177304963,0.04964539007092198,0.1843971631205674,0.49645390070921985,1.2765957446808511,4.609929078014185,False,False,,False,,False,,False
Gianluca Lapadula,2023-2024,23,14,1205,13.4,3,1,4,2,1,1,3,0,4.8,4.1,1.1,5.1,8,4,63,33,Cagliari,PER,FW,Forward,1,1,False,0.22388059701492538,0.07462686567164178,0.29850746268656714,0.3582089552238806,0.08208955223880597,0.3059701492537313,0.5970149253731343,0.29850746268656714,4.701492537313433,False,False,,False,,False,,False
Boulaye Dia,2023-2024,17,12,1143,12.7,4,0,4,3,1,1,1,0,3.9,3.1,0.5,3.6,18,22,57,26,Salernitana,SEN,"FW,MF",Forward,2,1,False,0.31496062992125984,0.0,0.31496062992125984,0.30708661417322836,0.03937007874015748,0.2440944881889764,1.4173228346456694,1.7322834645669292,4.488188976377953,False,False,,False,,False,,False
Caleb Ekuban,2023-2024,29,10,1131,12.6,4,1,5,4,0,0,0,0,2.9,2.9,1.4,4.2,14,15,93,29,Genoa,GHA,FW,Forward,1,1,False,0.31746031746031744,0.07936507936507936,0.39682539682539686,0.23015873015873015,0.1111111111111111,0.23015873015873015,1.1111111111111112,1.1904761904761905,7.380952380952381,False,False,,False,,False,,False
Gabriel Strefezza,2023-2024,19,13,1112,12.4,1,0,1,0,1,1,4,0,2.5,1.7,1.2,2.8,34,54,81,26,Lecce,BRA,FW,Forward,1,1,False,0.08064516129032258,0.0,0.08064516129032258,0.20161290322580644,0.0967741935483871,0.13709677419354838,2.7419354838709675,4.354838709677419,6.532258064516129,False,False,,False,,False,,False
Gaetano Oristanio,2023-2024,25,11,1104,12.3,2,1,3,2,0,0,1,0,1.8,1.8,1.1,2.8,25,26,76,20,Cagliari,ITA,"FW,MF",Forward,2,1,False,0.16260162601626016,0.08130081300813008,0.24390243902439024,0.14634146341463414,0.08943089430894309,0.14634146341463414,2.0325203252032518,2.113821138211382,6.178861788617886,False,False,,False,,False,,False
Riccardo Sottil,2023-2024,22,13,1103,12.3,2,3,5,2,0,0,1,0,2.6,2.6,2.5,5.1,66,33,139,24,Fiorentina,ITA,FW,Forward,1,1,False,0.16260162601626016,0.24390243902439024,0.4065040650406504,0.2113821138211382,0.2032520325203252,0.2113821138211382,5.365853658536585,2.6829268292682924,11.300813008130081,False,False,,False,,False,,False
Christian Kouamé,2023-2024,23,11,1089,12.1,2,1,3,2,0,0,0,0,1.9,1.9,1.8,3.7,12,41,110,25,Fiorentina,CIV,FW,Forward,1,1,False,0.1652892561983471,0.08264462809917356,0.24793388429752067,0.15702479338842976,0.1487603305785124,0.15702479338842976,0.9917355371900827,3.388429752066116,9.090909090909092,False,False,,False,,False,,False
Gustav Isaksen,2023-2024,28,12,1074,11.9,3,1,4,3,0,0,3,0,1.6,1.6,2.6,4.2,36,21,95,22,Lazio,DEN,FW,Forward,1,1,False,0.25210084033613445,0.08403361344537814,0.3361344537815126,0.13445378151260504,0.2184873949579832,0.13445378151260504,3.0252100840336134,1.7647058823529411,7.983193277310924,False,False,,False,,False,,False
Chukwubuikem Ikwuemesi,2023-2024,25,11,1061,11.8,1,1,2,1,0,0,2,0,2.4,2.4,0.7,3.1,11,10,70,21,Salernitana,NGA,FW,Forward,1,1,False,0.0847457627118644,0.0847457627118644,0.1694915254237288,0.20338983050847456,0.05932203389830508,0.20338983050847456,0.9322033898305084,0.847457627118644,5.932203389830508,False,False,,False,,False,,False
Samuel Chukwueze,2023-2024,24,12,1017,11.3,1,3,4,1,0,0,1,0,1.7,1.7,2.3,3.9,52,51,135,24,Milan,NGA,FW,Forward,1,1,False,0.08849557522123894,0.2654867256637168,0.35398230088495575,0.15044247787610618,0.20353982300884954,0.15044247787610618,4.601769911504425,4.513274336283185,11.946902654867255,False,False,,False,,False,,False
Federico Bonazzoli,2023-2024,24,10,1016,11.3,3,1,4,3,0,0,2,0,2.9,2.9,1.1,4.0,13,26,73,26,Hellas Verona,ITA,"FW,MF",Forward,2,1,False,0.2654867256637168,0.08849557522123894,0.35398230088495575,0.2566371681415929,0.09734513274336283,0.2566371681415929,1.1504424778761062,2.3008849557522124,6.460176991150442,False,False,,False,,False,,False
Andrea Petagna,2023-2024,18,13,995,11.1,1,1,2,1,0,0,2,0,1.6,1.6,1.0,2.6,11,14,56,28,Cagliari,ITA,FW,Forward,1,1,False,0.0900900900900901,0.0900900900900901,0.1801801801801802,0.14414414414414414,0.0900900900900901,0.14414414414414414,0.990990990990991,1.2612612612612613,5.045045045045045,False,False,,False,,False,,False
Kenan Yıldız,2023-2024,27,9,952,10.6,2,0,2,2,0,0,3,0,1.6,1.6,1.1,2.7,32,40,73,18,Juventus,TUR,"FW,MF",Forward,2,1,False,0.18867924528301888,0.0,0.18867924528301888,0.15094339622641512,0.1037735849056604,0.15094339622641512,3.018867924528302,3.7735849056603774,6.886792452830189,False,False,,False,,False,,False
Eldor Shomurodov,2023-2024,22,10,936,10.4,3,3,6,3,0,0,1,0,3.5,3.5,1.7,5.2,12,18,52,28,Cagliari,UZB,"FW,MF",Forward,2,1,False,0.28846153846153844,0.28846153846153844,0.5769230769230769,0.3365384615384615,0.16346153846153846,0.3365384615384615,1.1538461538461537,1.7307692307692306,5.0,False,False,,False,,False,,False
Arkadiusz Milik,2023-2024,32,7,919,10.2,4,1,5,4,0,0,2,1,5.1,5.1,2.6,7.7,12,22,49,29,Juventus,POL,FW,Forward,1,1,False,0.3921568627450981,0.09803921568627452,0.4901960784313726,0.5,0.25490196078431376,0.5,1.1764705882352942,2.1568627450980395,4.803921568627452,False,False,,False,,False,,False
Gianluca Gaetano,2023-2024,20,11,906,10.100000000000001,5,1,6,4,1,1,2,1,1.9,1.1,1.8,2.9000000000000004,23,47,47,23,MULTI:Cagliari|Napoli,ITA,"FW,MF",Forward,2,2,True,0.495049504950495,0.099009900990099,0.5940594059405939,0.1881188118811881,0.1782178217821782,0.10891089108910891,2.277227722772277,4.653465346534653,4.653465346534653,False,False,,False,,False,,False
Noah Okafor,2023-2024,28,6,887,9.9,6,2,8,6,0,0,1,0,3.8,3.8,1.2,5.0,29,15,66,23,Milan,SUI,"FW,MF",Forward,2,1,False,0.6060606060606061,0.20202020202020202,0.8080808080808081,0.3838383838383838,0.1212121212121212,0.3838383838383838,2.929292929292929,1.5151515151515151,6.666666666666666,False,False,,False,,False,,False
Isaac Success,2023-2024,27,9,880,9.8,1,1,2,1,0,1,4,0,2.7,1.9,1.1,3.0,15,17,51,27,Udinese,NGA,"FW,MF",Forward,2,1,False,0.1020408163265306,0.1020408163265306,0.2040816326530612,0.2755102040816326,0.11224489795918367,0.19387755102040813,1.530612244897959,1.7346938775510203,5.204081632653061,False,False,,False,,False,,False
Luka Jović,2023-2024,23,8,877,9.7,6,1,7,6,0,0,2,1,4.9,4.9,0.8,5.7,6,22,47,25,Milan,SRB,FW,Forward,1,1,False,0.6185567010309279,0.10309278350515465,0.7216494845360826,0.5051546391752578,0.08247422680412372,0.5051546391752578,0.6185567010309279,2.2680412371134024,4.845360824742269,False,False,,False,,False,,False
Pedro,2023-2024,33,5,816,9.1,1,1,2,1,0,0,4,0,1.5,1.5,2.1,3.6,31,33,81,36,Lazio,ESP,"FW,MF",Forward,2,1,False,0.10989010989010989,0.10989010989010989,0.21978021978021978,0.16483516483516483,0.23076923076923078,0.16483516483516483,3.406593406593407,3.6263736263736264,8.901098901098901,False,False,,False,,False,,False
Kaio Jorge,2023-2024,20,8,812,9.0,3,0,3,2,1,2,2,0,5.4,3.8,0.3,4.2,6,11,46,21,Frosinone,BRA,FW,Forward,1,1,False,0.3333333333333333,0.0,0.3333333333333333,0.6000000000000001,0.03333333333333333,0.4222222222222222,0.6666666666666666,1.2222222222222223,5.111111111111111,False,False,,False,,False,,False
Marko Arnautović,2023-2024,27,5,801,8.9,5,3,8,5,0,0,0,0,5.0,5.0,2.6,7.6,12,20,77,34,Inter,AUT,FW,Forward,1,1,False,0.5617977528089887,0.33707865168539325,0.898876404494382,0.5617977528089887,0.29213483146067415,0.5617977528089887,1.348314606741573,2.2471910112359548,8.651685393258427,False,True,,True,-1.0,True,0,True
Giovanni Simeone,2023-2024,28,8,800,8.9,1,0,1,1,0,0,3,0,3.4,3.4,0.6,3.9,11,13,76,28,Napoli,ARG,FW,Forward,1,1,False,0.11235955056179775,0.0,0.11235955056179775,0.38202247191011235,0.06741573033707865,0.38202247191011235,1.2359550561797752,1.4606741573033708,8.539325842696629,False,False,,False,,False,,False
Nicola Sansone,2023-2024,25,4,767,8.5,2,2,4,2,0,0,4,0,2.8,2.8,1.3,4.1,15,36,75,31,Lecce,ITA,"FW,MF",Forward,2,1,False,0.23529411764705882,0.23529411764705882,0.47058823529411764,0.32941176470588235,0.15294117647058825,0.32941176470588235,1.7647058823529411,4.235294117647059,8.823529411764707,False,False,,False,,False,,False
Alexis Sánchez,2023-2024,23,6,763,8.5,2,5,7,1,1,1,0,0,3.2,2.5,3.1,5.6,16,53,58,34,Inter,CHI,"FW,MF",Forward,2,1,False,0.23529411764705882,0.5882352941176471,0.8235294117647058,0.3764705882352941,0.3647058823529412,0.29411764705882354,1.8823529411764706,6.235294117647059,6.823529411764706,False,True,0.0,False,0.0,True,1,True
Grégoire Defrel,2023-2024,20,7,757,8.4,1,2,3,1,0,0,0,0,1.0,1.0,1.2,2.2,7,17,42,32,Sassuolo,MTQ,"FW,MF",Forward,2,1,False,0.11904761904761904,0.23809523809523808,0.35714285714285715,0.11904761904761904,0.14285714285714285,0.11904761904761904,0.8333333333333333,2.0238095238095237,5.0,False,False,,False,,False,,False
Pietro Pellegri,2023-2024,24,7,756,8.4,1,1,2,1,0,0,3,0,1.0,1.0,0.3,1.4,14,8,52,22,Torino,ITA,FW,Forward,1,1,False,0.11904761904761904,0.11904761904761904,0.23809523809523808,0.11904761904761904,0.03571428571428571,0.11904761904761904,1.6666666666666665,0.9523809523809523,6.19047619047619,False,False,,False,,False,,False
M'Baye Niang,2023-2024,14,5,708,7.9,6,1,7,2,4,4,1,0,5.4,2.3,0.9,3.2,13,11,43,28,Empoli,SEN,FW,Forward,1,1,False,0.7594936708860759,0.12658227848101264,0.8860759493670886,0.6835443037974683,0.11392405063291139,0.29113924050632906,1.6455696202531644,1.3924050632911391,5.443037974683544,False,False,,False,,False,,False
Simeon Nwankwo,2023-2024,15,6,686,7.6,3,0,3,3,0,0,0,0,2.7,2.7,0.6,3.2,6,7,39,31,Salernitana,NGA,FW,Forward,1,1,False,0.39473684210526316,0.0,0.39473684210526316,0.3552631578947369,0.07894736842105263,0.3552631578947369,0.7894736842105263,0.9210526315789475,5.131578947368421,False,False,,False,,False,,False
Moise Kean,2023-2024,19,8,654,7.3,0,0,0,0,0,0,2,0,2.1,2.1,0.7,2.8,12,6,38,23,Juventus,ITA,FW,Forward,1,1,False,0.0,0.0,0.0,0.28767123287671237,0.0958904109589041,0.28767123287671237,1.6438356164383563,0.8219178082191781,5.205479452054795,False,False,,False,,False,,False
Josip Brekalo,2023-2024,11,8,652,7.2,1,0,1,1,0,0,0,0,0.4,0.4,0.3,0.7,14,25,69,25,Fiorentina,CRO,FW,Forward,1,1,False,0.1388888888888889,0.0,0.1388888888888889,0.05555555555555556,0.041666666666666664,0.05555555555555556,1.9444444444444444,3.4722222222222223,9.583333333333334,False,False,,False,,False,,False
Leonardo Pavoletti,2023-2024,19,5,628,7.0,4,1,5,4,0,0,4,0,2.6,2.6,0.3,2.9,1,16,40,34,Cagliari,ITA,FW,Forward,1,1,False,0.5714285714285714,0.14285714285714285,0.7142857142857143,0.37142857142857144,0.04285714285714286,0.37142857142857144,0.14285714285714285,2.2857142857142856,5.714285714285714,False,False,,False,,False,,False
Sardar Azmoun,2023-2024,23,3,585,6.5,3,0,3,3,0,0,4,0,2.9,2.9,1.4,4.2,5,14,35,28,Roma,IRN,"FW,MF",Forward,2,1,False,0.46153846153846156,0.0,0.46153846153846156,0.4461538461538461,0.21538461538461537,0.4461538461538461,0.7692307692307693,2.1538461538461537,5.384615384615385,False,False,,False,,False,,False
Alberto Cerri,2023-2024,12,10,545,6.1,1,0,1,1,0,0,2,0,1.2,1.2,0.2,1.4,3,9,23,27,Empoli,ITA,FW,Forward,1,1,False,0.1639344262295082,0.0,0.1639344262295082,0.19672131147540983,0.03278688524590164,0.19672131147540983,0.49180327868852464,1.4754098360655739,3.7704918032786887,False,False,,False,,False,,False
Samu Castillejo,2023-2024,17,6,536,6.0,0,0,0,0,0,0,2,0,0.3,0.3,1.0,1.2,27,26,45,28,Sassuolo,ESP,"FW,MF",Forward,2,1,False,0.0,0.0,0.0,0.049999999999999996,0.16666666666666666,0.049999999999999996,4.5,4.333333333333333,7.5,False,False,,False,,False,,False
Marvin Cuni,2023-2024,22,6,534,5.9,1,0,1,1,0,0,0,0,1.3,1.3,0.3,1.6,6,11,45,22,Frosinone,ALB,FW,Forward,1,1,False,0.1694915254237288,0.0,0.1694915254237288,0.22033898305084745,0.05084745762711864,0.22033898305084745,1.0169491525423728,1.8644067796610169,7.627118644067796,False,False,,False,,False,,False
Karol Świderski,2023-2024,15,3,504,5.6,2,0,2,2,0,0,0,0,1.7,1.7,0.4,2.2,3,13,19,26,Hellas Verona,POL,"FW,MF",Forward,2,1,False,0.35714285714285715,0.0,0.35714285714285715,0.3035714285714286,0.07142857142857144,0.3035714285714286,0.5357142857142857,2.3214285714285716,3.3928571428571432,False,False,,False,,False,,False
Jaime Báez,2023-2024,11,6,500,5.6,1,0,1,1,0,0,1,0,0.5,0.5,0.5,1.0,12,29,39,28,Frosinone,URU,"FW,MF",Forward,2,1,False,0.17857142857142858,0.0,0.17857142857142858,0.08928571428571429,0.08928571428571429,0.08928571428571429,2.142857142857143,5.178571428571429,6.964285714285714,False,False,,False,,False,,False
Shon Weissman,2023-2024,11,5,494,5.5,1,0,1,1,0,0,0,0,1.0,1.0,0.1,1.1,0,4,22,27,Salernitana,ISR,"FW,DF",Forward,2,1,False,0.18181818181818182,0.0,0.18181818181818182,0.18181818181818182,0.018181818181818184,0.18181818181818182,0.0,0.7272727272727273,4.0,False,False,,False,,False,,False
Arijon Ibrahimović,2023-2024,16,5,474,5.3,1,1,2,1,0,0,1,0,0.8,0.8,0.7,1.5,10,22,54,17,Frosinone,GER,"FW,DF",Forward,2,1,False,0.18867924528301888,0.18867924528301888,0.37735849056603776,0.15094339622641512,0.1320754716981132,0.15094339622641512,1.8867924528301887,4.150943396226415,10.18867924528302,False,False,,False,,False,,False
Samuele Mulattieri,2023-2024,27,1,462,5.1,0,0,0,0,0,0,1,0,1.6,1.6,0.3,1.9,8,1,38,22,Sassuolo,ITA,"FW,MF",Forward,2,1,False,0.0,0.0,0.0,0.3137254901960785,0.058823529411764705,0.3137254901960785,1.5686274509803924,0.19607843137254904,7.450980392156863,False,False,,False,,False,,False
Wladimiro Falcone,2023-2024,38,38,3420,38.0,0,0,0,0,0,0,0,0,0.0,0.0,0.2,0.2,0,1,0,28,Lecce,ITA,GK,Goalkeeper,1,1,False,0.0,0.0,0.0,0.0,0.005263157894736842,0.0,0.0,0.02631578947368421,0.0,False,False,,False,,False,,False
Lorenzo Montipò,2023-2024,37,37,3330,37.0,0,1,1,0,0,0,0,0,0.0,0.0,0.0,0.0,0,0,0,27,Hellas Verona,ITA,GK,Goalkeeper,1,1,False,0.0,0.02702702702702703,0.02702702702702703,0.0,0.0,0.0,0.0,0.0,0.0,False,False,,False,,False,,False
Vanja Milinković-Savić,2023-2024,36,36,3240,36.0,0,0,0,0,0,0,2,0,0.0,0.0,0.0,0.0,0,0,0,26,Torino,SRB,GK,Goalkeeper,1,1,False,0.0,0.0,0.0,0.0,0.0,0.0,0.0,0.0,0.0,False,False,,False,,False,,False
Josep Martinez,2023-2024,36,36,3239,36.0,0,0,0,0,0,0,4,1,0.0,0.0,0.0,0.0,0,2,0,25,Genoa,ESP,GK,Goalkeeper,1,1,False,0.0,0.0,0.0,0.0,0.0,0.0,0.0,0.05555555555555555,0.0,False,False,,False,,False,,False
Andrea Consigli,2023-2024,35,35,3150,35.0,0,0,0,0,0,0,1,0,0.0,0.0,0.0,0.0,0,1,0,36,Sassuolo,ITA,GK,Goalkeeper,1,1,False,0.0,0.0,0.0,0.0,0.0,0.0,0.0,0.02857142857142857,0.0,False,False,,False,,False,,False
Wojciech Szczęsny,2023-2024,35,35,3150,35.0,0,0,0,0,0,0,1,0,0.0,0.0,0.0,0.0,0,0,0,33,Juventus,POL,GK,Goalkeeper,1,1,False,0.0,0.0,0.0,0.0,0.0,0.0,0.0,0.0,0.0,False,False,,False,,False,,False
Yann Sommer,2023-2024,34,34,3060,34.0,0,0,0,0,0,0,1,0,0.0,0.0,0.0,0.0,0,0,0,34,Inter,SUI,GK,Goalkeeper,1,1,False,0.0,0.0,0.0,0.0,0.0,0.0,0.0,0.0,0.0,False,True,2.0,False,2.0,True,0,True
Pietro Terracciano,2023-2024,33,33,2970,33.0,0,0,0,0,0,0,3,0,0.0,0.0,0.2,0.2,0,0,0,33,Fiorentina,ITA,GK,Goalkeeper,1,1,False,0.0,0.0,0.0,0.0,0.006060606060606061,0.0,0.0,0.0,0.0,False,False,,False,,False,,False
Łukasz Skorupski,2023-2024,32,32,2880,32.0,0,0,0,0,0,0,2,0,0.0,0.0,0.0,0.0,0,1,0,32,Bologna,POL,GK,Goalkeeper,1,1,False,0.0,0.0,0.0,0.0,0.0,0.0,0.0,0.03125,0.0,False,False,,False,,False,,False
Michele Di Gregorio,2023-2024,33,33,2872,31.9,0,0,0,0,0,0,0,0,0.0,0.0,0.0,0.0,0,1,0,26,Monza,ITA,GK,Goalkeeper,1,1,False,0.0,0.0,0.0,0.0,0.0,0.0,0.0,0.031347962382445145,0.0,False,False,,False,,False,,False
Simone Scuffet,2023-2024,31,31,2789,31.0,0,0,0,0,0,0,3,0,0.0,0.0,0.0,0.0,0,1,0,27,Cagliari,ITA,GK,Goalkeeper,1,1,False,0.0,0.0,0.0,0.0,0.0,0.0,0.0,0.03225806451612903,0.0,False,False,,False,,False,,False
Alex Meret,2023-2024,31,31,2773,30.8,0,0,0,0,0,0,0,0,0.0,0.0,0.1,0.1,0,0,0,26,Napoli,ITA,GK,Goalkeeper,1,1,False,0.0,0.0,0.0,0.0,0.003246753246753247,0.0,0.0,0.0,0.0,False,False,,False,,False,,False
Stefano Turati,2023-2024,31,31,2745,30.5,0,0,0,0,0,0,0,0,0.0,0.0,0.0,0.0,0,0,0,21,Frosinone,ITA,GK,Goalkeeper,1,1,False,0.0,0.0,0.0,0.0,0.0,0.0,0.0,0.0,0.0,False,False,,False,,False,,False
Ivan Provedel,2023-2024,30,30,2699,30.0,0,0,0,0,0,0,0,0,0.0,0.0,0.0,0.0,0,3,0,29,Lazio,ITA,GK,Goalkeeper,1,1,False,0.0,0.0,0.0,0.0,0.0,0.0,0.0,0.1,0.0,False,False,,False,,False,,False
Mike Maignan,2023-2024,29,29,2609,29.0,0,1,1,0,0,0,1,1,0.0,0.0,0.3,0.3,0,0,0,28,Milan,FRA,GK,Goalkeeper,1,1,False,0.0,0.034482758620689655,0.034482758620689655,0.0,0.010344827586206896,0.0,0.0,0.0,0.0,False,False,,False,,False,,False
Marco Carnesecchi,2023-2024,27,27,2425,26.9,0,0,0,0,0,0,0,0,0.0,0.0,0.0,0.0,0,0,0,23,Atalanta,ITA,GK,Goalkeeper,1,1,False,0.0,0.0,0.0,0.0,0.0,0.0,0.0,0.0,0.0,False,False,,False,,False,,False
Elia Caprile,2023-2024,23,23,2070,23.0,0,0,0,0,0,0,0,0,0.0,0.0,0.3,0.3,0,0,0,21,Empoli,ITA,GK,Goalkeeper,1,1,False,0.0,0.0,0.0,0.0,0.013043478260869565,0.0,0.0,0.0,0.0,False,False,,False,,False,,False
Rui Patrício,2023-2024,23,23,2070,23.0,0,0,0,0,0,0,1,0,0.0,0.0,0.0,0.0,0,0,0,35,Roma,POR,GK,Goalkeeper,1,1,False,0.0,0.0,0.0,0.0,0.0,0.0,0.0,0.0,0.0,False,False,,False,,False,,False
Guillermo Ochoa,2023-2024,21,21,1890,21.0,0,0,0,0,0,0,0,0,0.0,0.0,0.0,0.0,0,0,0,38,Salernitana,MEX,GK,Goalkeeper,1,1,False,0.0,0.0,0.0,0.0,0.0,0.0,0.0,0.0,0.0,False,False,,False,,False,,False
Maduka Okoye,2023-2024,21,21,1890,21.0,0,0,0,0,0,0,2,0,0.0,0.0,0.0,0.0,0,0,0,23,Udinese,NGA,GK,Goalkeeper,1,1,False,0.0,0.0,0.0,0.0,0.0,0.0,0.0,0.0,0.0,False,False,,False,,False,,False
Marco Silvestri,2023-2024,17,17,1530,17.0,0,0,0,0,0,0,0,0,0.0,0.0,0.0,0.0,0,0,0,32,Udinese,ITA,GK,Goalkeeper,1,1,False,0.0,0.0,0.0,0.0,0.0,0.0,0.0,0.0,0.0,False,False,,False,,False,,False
Mile Svilar,2023-2024,15,15,1350,15.0,0,0,0,0,0,0,1,0,0.0,0.0,0.0,0.0,0,0,0,23,Roma,SRB,GK,Goalkeeper,1,1,False,0.0,0.0,0.0,0.0,0.0,0.0,0.0,0.0,0.0,False,False,,False,,False,,False
Etrit Berisha,2023-2024,14,14,1260,14.0,0,0,0,0,0,0,0,0,0.0,0.0,0.0,0.0,0,0,0,34,Empoli,ALB,GK,Goalkeeper,1,1,False,0.0,0.0,0.0,0.0,0.0,0.0,0.0,0.0,0.0,False,False,,False,,False,,False
Benoît Costil,2023-2024,13,13,1170,13.0,0,0,0,0,0,0,0,0,0.0,0.0,0.0,0.0,0,0,0,36,Salernitana,FRA,GK,Goalkeeper,1,1,False,0.0,0.0,0.0,0.0,0.0,0.0,0.0,0.0,0.0,False,False,,False,,False,,False
Juan Musso,2023-2024,11,11,990,11.0,0,0,0,0,0,0,0,0,0.0,0.0,0.0,0.0,0,0,0,29,Atalanta,ARG,GK,Goalkeeper,1,1,False,0.0,0.0,0.0,0.0,0.0,0.0,0.0,0.0,0.0,False,False,,False,,False,,False
Christos Mandas,2023-2024,9,8,721,8.0,0,0,0,0,0,0,0,0,0.0,0.0,0.0,0.0,0,0,0,21,Lazio,GRE,GK,Goalkeeper,1,1,False,0.0,0.0,0.0,0.0,0.0,0.0,0.0,0.0,0.0,False,False,,False,,False,,False
Michele Cerofolini,2023-2024,8,7,675,7.5,0,0,0,0,0,0,1,0,0.0,0.0,0.0,0.0,0,0,0,24,Frosinone,ITA,GK,Goalkeeper,1,1,False,0.0,0.0,0.0,0.0,0.0,0.0,0.0,0.0,0.0,False,False,,False,,False,,False
Boris Radunović,2023-2024,7,7,630,7.0,0,0,0,0,0,0,0,0,0.0,0.0,0.0,0.0,0,0,0,27,Cagliari,SRB,GK,Goalkeeper,1,1,False,0.0,0.0,0.0,0.0,0.0,0.0,0.0,0.0,0.0,False,False,,False,,False,,False
Marco Sportiello,2023-2024,7,7,630,7.0,0,0,0,0,0,0,0,0,0.0,0.0,0.0,0.0,0,0,0,31,Milan,ITA,GK,Goalkeeper,1,1,False,0.0,0.0,0.0,0.0,0.0,0.0,0.0,0.0,0.0,False,False,,False,,False,,False
Pierluigi Gollini,2023-2024,7,7,630,7.0,0,0,0,0,0,0,0,0,0.0,0.0,0.0,0.0,0,0,0,28,Napoli,ITA,GK,Goalkeeper,1,1,False,0.0,0.0,0.0,0.0,0.0,0.0,0.0,0.0,0.0,False,False,,False,,False,,False
Alessandro Sorrentino,2023-2024,7,5,548,6.1,0,0,0,0,0,0,0,0,0.0,0.0,0.0,0.0,0,0,0,21,Monza,ITA,GK,Goalkeeper,1,1,False,0.0,0.0,0.0,0.0,0.0,0.0,0.0,0.0,0.0,False,False,,False,,False,,False
Federico Ravaglia,2023-2024,6,6,535,5.9,0,0,0,0,0,0,0,0,0.0,0.0,0.0,0.0,0,0,0,23,Bologna,ITA,GK,Goalkeeper,1,1,False,0.0,0.0,0.0,0.0,0.0,0.0,0.0,0.0,0.0,False,False,,False,,False,,False
Bryan Cristante,2023-2024,37,37,3289,36.5,3,4,7,3,0,0,8,0,4.0,4.0,2.9,6.9,47,234,80,28,Roma,ITA,"MF,DF",Midfielder,2,1,False,0.0821917808219178,0.1095890410958904,0.1917808219178082,0.1095890410958904,0.07945205479452054,0.1095890410958904,1.2876712328767124,6.410958904109589,2.191780821917808,False,False,,False,,False,,False
Stanislav Lobotka,2023-2024,38,38,3282,36.5,0,1,1,0,0,0,4,0,0.6,0.6,1.3,1.9,29,188,34,28,Napoli,SVK,MF,Midfielder,1,1,False,0.0,0.0273972602739726,0.0273972602739726,0.01643835616438356,0.03561643835616438,0.01643835616438356,0.7945205479452054,5.1506849315068495,0.9315068493150684,False,False,,False,,False,,False
Walace,2023-2024,37,37,3238,36.0,2,0,2,2,0,0,7,0,0.8,0.8,1.1,1.9,37,127,22,28,Udinese,BRA,MF,Midfielder,1,1,False,0.05555555555555555,0.0,0.05555555555555555,0.022222222222222223,0.030555555555555558,0.022222222222222223,1.0277777777777777,3.5277777777777777,0.6111111111111112,False,False,,False,,False,,False
Matteo Pessina,2023-2024,37,37,3222,35.8,6,3,9,2,4,5,5,1,6.3,2.4,1.1,3.5,69,190,53,26,Monza,ITA,MF,Midfielder,1,1,False,0.1675977653631285,0.08379888268156425,0.25139664804469275,0.17597765363128492,0.03072625698324023,0.0670391061452514,1.927374301675978,5.307262569832402,1.4804469273743017,False,False,,False,,False,,False
Morten Frendrup,2023-2024,37,36,3145,34.9,2,5,7,2,0,0,6,0,1.7,1.7,1.6,3.3,36,105,69,22,Genoa,DEN,MF,Midfielder,1,1,False,0.05730659025787966,0.14326647564469916,0.2005730659025788,0.04871060171919771,0.04584527220630373,0.04871060171919771,1.0315186246418337,3.008595988538682,1.9770773638968482,False,False,,False,,False,,False
Manuel Locatelli,2023-2024,36,34,3008,33.4,1,4,5,1,0,0,6,0,1.3,1.3,1.4,2.7,21,232,26,25,Juventus,ITA,MF,Midfielder,1,1,False,0.029940119760479042,0.11976047904191617,0.14970059880239522,0.038922155688622756,0.041916167664670656,0.038922155688622756,0.62874251497006,6.946107784431138,0.7784431137724551,False,False,,False,,False,,False
Ylber Ramadani,2023-2024,34,34,2970,33.0,1,0,1,1,0,0,13,0,1.0,1.0,0.5,1.6,36,121,14,27,Lecce,ALB,MF,Midfielder,1,1,False,0.030303030303030304,0.0,0.030303030303030304,0.030303030303030304,0.015151515151515152,0.030303030303030304,1.0909090909090908,3.6666666666666665,0.42424242424242425,False,False,,False,,False,,False
Éderson,2023-2024,36,32,2869,31.9,6,1,7,6,0,0,8,0,3.5,3.5,1.4,4.9,32,214,50,24,Atalanta,BRA,MF,Midfielder,1,1,False,0.18808777429467086,0.031347962382445145,0.219435736677116,0.109717868338558,0.0438871473354232,0.109717868338558,1.0031347962382446,6.70846394984326,1.567398119122257,False,False,,False,,False,,False
Nicolò Barella,2023-2024,37,34,2846,31.6,2,3,5,2,0,0,7,0,5.1,5.1,3.4,8.5,68,278,144,26,Inter,ITA,MF,Midfielder,1,1,False,0.06329113924050632,0.09493670886075949,0.1582278481012658,0.1613924050632911,0.10759493670886075,0.1613924050632911,2.151898734177215,8.797468354430379,4.556962025316455,False,True,2.0,False,2.0,True,0,True
Tijjani Reijnders,2023-2024,36,33,2820,31.3,3,3,6,3,0,0,8,0,3.2,3.2,3.7,7.0,88,204,90,25,Milan,NED,MF,Midfielder,1,1,False,0.09584664536741214,0.09584664536741214,0.19169329073482427,0.10223642172523963,0.11821086261980832,0.10223642172523963,2.8115015974440896,6.517571884984026,2.8753993610223643,False,False,,False,,False,,False
Enzo Barrenechea,2023-2024,36,32,2811,31.2,0,1,1,0,0,0,10,0,0.6,0.6,1.7,2.3,10,155,24,22,Frosinone,ARG,MF,Midfielder,1,1,False,0.0,0.032051282051282055,0.032051282051282055,0.019230769230769232,0.05448717948717949,0.019230769230769232,0.32051282051282054,4.967948717948718,0.7692307692307693,False,False,,False,,False,,False
Andre-Frank Zambo Anguissa,2023-2024,34,32,2786,31.0,0,2,2,0,0,0,2,0,3.4,3.3,3.0,6.3,43,163,139,27,Napoli,CMR,MF,Midfielder,1,1,False,0.0,0.06451612903225806,0.06451612903225806,0.10967741935483871,0.0967741935483871,0.1064516129032258,1.3870967741935485,5.258064516129032,4.483870967741935,False,False,,False,,False,,False
Henrikh Mkhitaryan,2023-2024,36,35,2785,30.9,2,8,10,2,0,0,4,0,3.6,3.6,4.5,8.1,92,192,127,34,Inter,ARM,MF,Midfielder,1,1,False,0.06472491909385114,0.25889967637540456,0.3236245954692557,0.11650485436893204,0.14563106796116507,0.11650485436893204,2.9773462783171523,6.213592233009709,4.110032362459547,False,True,0.0,False,0.0,True,0,True
Michael Folorunsho,2023-2024,34,33,2781,30.9,5,1,6,5,0,0,5,0,4.0,3.9,1.4,5.3,56,54,110,25,Hellas Verona,ITA,"MF,FW",Midfielder,2,1,False,0.16181229773462785,0.03236245954692557,0.1941747572815534,0.12944983818770228,0.04530744336569579,0.1262135922330097,1.8122977346278317,1.7475728155339807,3.5598705501618126,False,False,,False,,False,,False
Antonio Candreva,2023-2024,34,32,2750,30.6,6,6,12,5,1,1,5,0,4.9,4.1,5.0,9.1,67,149,182,36,Salernitana,ITA,"MF,FW",Midfielder,2,1,False,0.19607843137254902,0.19607843137254902,0.39215686274509803,0.16013071895424838,0.16339869281045752,0.13398692810457516,2.1895424836601305,4.869281045751634,5.947712418300653,False,False,,False,,False,,False
Lewis Ferguson,2023-2024,31,31,2712,30.1,6,3,9,6,0,0,8,0,5.4,5.4,2.3,7.7,57,142,138,23,Bologna,SCO,MF,Midfielder,1,1,False,0.19933554817275748,0.09966777408637874,0.2990033222591362,0.17940199335548174,0.07641196013289035,0.17940199335548174,1.893687707641196,4.717607973421926,4.584717607973421,False,False,,False,,False,,False
Antoine Makoumbou,2023-2024,32,32,2702,30.0,1,0,1,1,0,0,5,2,0.7,0.7,0.9,1.6,37,137,52,25,Cagliari,CGO,MF,Midfielder,1,1,False,0.03333333333333333,0.0,0.03333333333333333,0.02333333333333333,0.030000000000000002,0.02333333333333333,1.2333333333333334,4.566666666666666,1.7333333333333334,False,False,,False,,False,,False
Andrea Colpani,2023-2024,38,36,2657,29.5,8,4,12,8,0,0,1,0,4.8,4.8,5.0,9.8,90,120,193,24,Monza,ITA,"MF,FW",Midfielder,2,1,False,0.2711864406779661,0.13559322033898305,0.4067796610169492,0.16271186440677965,0.1694915254237288,0.16271186440677965,3.0508474576271185,4.067796610169491,6.5423728813559325,False,False,,False,,False,,False
Adrien Rabiot,2023-2024,31,30,2651,29.5,5,3,8,5,0,0,8,0,3.5,3.4,4.1,7.4,72,120,106,28,Juventus,FRA,MF,Midfielder,1,1,False,0.1694915254237288,0.1016949152542373,0.2711864406779661,0.11864406779661017,0.13898305084745763,0.1152542372881356,2.440677966101695,4.067796610169491,3.593220338983051,False,False,,False,,False,,False
Leandro Paredes,2023-2024,34,32,2634,29.3,3,5,8,0,3,3,15,1,3.3,1.0,2.3,3.2,36,214,19,29,Roma,ARG,MF,Midfielder,1,1,False,0.10238907849829351,0.1706484641638225,0.27303754266211605,0.11262798634812286,0.07849829351535835,0.034129692832764506,1.2286689419795223,7.3037542662116035,0.6484641638225256,False,False,,False,,False,,False
Teun Koopmeiners,2023-2024,34,29,2627,29.2,12,5,17,10,2,2,5,0,6.5,5.0,5.9,10.9,79,169,190,25,Atalanta,NED,MF,Midfielder,1,1,False,0.4109589041095891,0.17123287671232876,0.5821917808219178,0.2226027397260274,0.20205479452054798,0.17123287671232876,2.7054794520547945,5.787671232876712,6.506849315068493,False,False,,False,,False,,False
Remo Freuler,2023-2024,32,30,2624,29.2,1,1,2,1,0,0,9,0,1.2,1.2,1.1,2.3,37,165,48,31,Bologna,SUI,MF,Midfielder,1,1,False,0.03424657534246575,0.03424657534246575,0.0684931506849315,0.0410958904109589,0.037671232876712334,0.0410958904109589,1.2671232876712328,5.6506849315068495,1.6438356164383563,False,False,,False,,False,,False
Nikola Vlašić,2023-2024,33,30,2608,29.0,3,2,5,3,0,0,3,0,2.4,2.4,2.9,5.3,67,150,174,25,Torino,CRO,"MF,FW",Midfielder,2,1,False,0.10344827586206896,0.06896551724137931,0.1724137931034483,0.08275862068965517,0.09999999999999999,0.08275862068965517,2.310344827586207,5.172413793103448,6.0,False,False,,False,,False,,False
Youssef Maleh,2023-2024,34,30,2602,28.9,0,1,1,0,0,0,11,0,1.6,1.6,2.4,4.0,17,117,65,24,Empoli,MAR,MF,Midfielder,1,1,False,0.0,0.03460207612456748,0.03460207612456748,0.05536332179930797,0.08304498269896193,0.05536332179930797,0.5882352941176471,4.048442906574395,2.249134948096886,False,False,,False,,False,,False
Marten de Roon,2023-2024,30,29,2599,28.9,0,5,5,0,0,0,10,0,0.6,0.6,1.2,1.8,28,178,22,32,Atalanta,NED,"MF,DF",Midfielder,2,1,False,0.0,0.17301038062283738,0.17301038062283738,0.020761245674740483,0.04152249134948097,0.020761245674740483,0.9688581314878894,6.159169550173011,0.7612456747404844,False,False,,False,,False,,False
Weston McKennie,2023-2024,34,29,2594,28.8,0,7,7,0,0,0,6,0,3.0,3.0,3.9,6.9,64,92,176,24,Juventus,USA,"MF,DF",Midfielder,2,1,False,0.0,0.24305555555555555,0.24305555555555555,0.10416666666666666,0.13541666666666666,0.10416666666666666,2.2222222222222223,3.194444444444444,6.111111111111111,False,False,,False,,False,,False
Hakan Çalhanoğlu,2023-2024,32,32,2556,28.4,13,3,16,3,10,10,5,0,10.1,2.3,4.7,7.0,45,186,34,29,Inter,TUR,MF,Midfielder,1,1,False,0.45774647887323944,0.10563380281690142,0.5633802816901409,0.35563380281690143,0.16549295774647887,0.08098591549295775,1.5845070422535212,6.549295774647888,1.1971830985915493,False,True,3.0,False,3.0,True,0,True
Milan Badelj,2023-2024,33,32,2535,28.2,1,3,4,1,0,0,6,0,1.4,1.4,1.1,2.5,18,151,36,34,Genoa,CRO,MF,Midfielder,1,1,False,0.03546099290780142,0.10638297872340426,0.14184397163120568,0.04964539007092198,0.03900709219858156,0.04964539007092198,0.6382978723404256,5.3546099290780145,1.2765957446808511,False,False,,False,,False,,False
Matheus Henrique,2023-2024,31,27,2501,27.8,2,2,4,2,0,0,8,1,2.3,2.3,1.6,3.9,43,94,44,25,Sassuolo,BRA,MF,Midfielder,1,1,False,0.07194244604316546,0.07194244604316546,0.14388489208633093,0.08273381294964027,0.05755395683453238,0.08273381294964027,1.5467625899280575,3.381294964028777,1.5827338129496402,False,False,,False,,False,,False
Ondrej Duda,2023-2024,32,29,2456,27.3,1,4,5,1,0,1,14,2,2.2,1.4,3.3,4.7,34,117,47,28,Hellas Verona,SVK,MF,Midfielder,1,1,False,0.03663003663003663,0.14652014652014653,0.18315018315018314,0.08058608058608059,0.12087912087912087,0.05128205128205128,1.2454212454212454,4.285714285714286,1.7216117216117215,False,False,,False,,False,,False
Kristian Thorstvedt,2023-2024,34,30,2397,26.6,6,1,7,6,0,0,7,0,4.4,4.4,1.6,5.9,30,130,94,24,Sassuolo,NOR,MF,Midfielder,1,1,False,0.22556390977443608,0.03759398496240601,0.2631578947368421,0.16541353383458646,0.06015037593984962,0.16541353383458646,1.1278195488721805,4.887218045112782,3.533834586466165,False,False,,False,,False,,False
Samuele Ricci,2023-2024,32,28,2395,26.6,1,2,3,1,0,0,8,1,1.3,1.3,2.3,3.6,47,122,73,21,Torino,ITA,MF,Midfielder,1,1,False,0.03759398496240601,0.07518796992481203,0.11278195488721804,0.04887218045112782,0.08646616541353383,0.04887218045112782,1.7669172932330826,4.586466165413533,2.744360902255639,False,False,,False,,False,,False
Lazar Samardzic,2023-2024,34,28,2372,26.4,6,2,8,5,1,1,3,0,3.5,2.8,5.5,8.3,65,83,91,21,Udinese,SRB,MF,Midfielder,1,1,False,0.2272727272727273,0.07575757575757576,0.30303030303030304,0.13257575757575757,0.20833333333333334,0.10606060606060606,2.4621212121212124,3.143939393939394,3.4469696969696972,False,False,,False,,False,,False
Mattéo Guendouzi,2023-2024,33,27,2367,26.3,2,3,5,2,0,0,3,1,1.6,1.6,2.3,3.9,46,119,79,24,Lazio,FRA,MF,Midfielder,1,1,False,0.07604562737642585,0.11406844106463879,0.19011406844106463,0.060836501901140684,0.08745247148288972,0.060836501901140684,1.7490494296577945,4.524714828897339,3.003802281368821,False,False,,False,,False,,False
Roberto Gagliardini,2023-2024,33,29,2360,26.2,1,2,3,1,0,0,5,0,2.9,2.9,1.7,4.6,38,120,36,29,Monza,ITA,"MF,DF",Midfielder,2,1,False,0.03816793893129771,0.07633587786259542,0.11450381679389313,0.11068702290076336,0.0648854961832061,0.11068702290076336,1.450381679389313,4.580152671755726,1.3740458015267176,False,False,,False,,False,,False
Nahitan Nández,2023-2024,33,29,2341,26.0,2,3,5,1,1,1,7,0,3.7,2.9,2.5,5.5,57,76,89,27,Cagliari,URU,"MF,DF",Midfielder,2,1,False,0.07692307692307693,0.11538461538461539,0.19230769230769232,0.1423076923076923,0.09615384615384616,0.11153846153846153,2.1923076923076925,2.923076923076923,3.423076923076923,False,False,,False,,False,,False
Marco Brescianini,2023-2024,36,24,2321,25.8,4,2,6,4,0,0,1,0,2.3,2.3,1.6,3.9,46,70,100,23,Frosinone,ITA,MF,Midfielder,1,1,False,0.15503875968992248,0.07751937984496124,0.23255813953488372,0.08914728682170542,0.06201550387596899,0.08914728682170542,1.7829457364341086,2.7131782945736433,3.875968992248062,False,False,,False,,False,,False
Luis Alberto,2023-2024,33,29,2311,25.7,5,7,12,5,0,0,7,0,4.7,4.7,4.7,9.4,83,212,124,30,Lazio,ESP,MF,Midfielder,1,1,False,0.19455252918287938,0.27237354085603116,0.4669260700389105,0.18287937743190663,0.18287937743190663,0.18287937743190663,3.2295719844357977,8.249027237354086,4.824902723735408,False,False,,False,,False,,False
Giacomo Bonaventura,2023-2024,31,27,2277,25.3,8,3,11,8,0,1,6,0,5.7,4.4,3.6,8.0,60,140,107,33,Fiorentina,ITA,MF,Midfielder,1,1,False,0.31620553359683795,0.11857707509881422,0.43478260869565216,0.22529644268774704,0.1422924901185771,0.1739130434782609,2.3715415019762847,5.533596837944664,4.229249011857707,False,False,,False,,False,,False
Michel Aebischer,2023-2024,36,26,2230,24.8,0,1,1,0,0,0,8,0,1.1,1.1,1.5,2.6,26,125,55,26,Bologna,SUI,MF,Midfielder,1,1,False,0.0,0.04032258064516129,0.04032258064516129,0.04435483870967742,0.06048387096774193,0.04435483870967742,1.0483870967741935,5.040322580645161,2.217741935483871,False,False,,False,,False,,False
Luca Mazzitelli,2023-2024,29,26,2210,24.6,5,0,5,5,0,0,6,1,2.3,2.3,1.1,3.4,18,167,53,27,Frosinone,ITA,MF,Midfielder,1,1,False,0.2032520325203252,0.0,0.2032520325203252,0.09349593495934957,0.044715447154471545,0.09349593495934957,0.7317073170731707,6.788617886178861,2.154471544715447,False,False,,False,,False,,False
Ivan Ilić,2023-2024,31,25,2098,23.3,3,2,5,3,0,0,3,0,2.1,2.1,5.0,7.1,49,138,52,22,Torino,SRB,MF,Midfielder,1,1,False,0.12875536480686695,0.08583690987124463,0.2145922746781116,0.09012875536480687,0.2145922746781116,0.09012875536480687,2.1030042918454934,5.92274678111588,2.2317596566523603,False,False,,False,,False,,False
Tomáš Suslov,2023-2024,32,23,2092,23.2,3,5,8,2,1,1,7,0,3.5,2.6,3.6,6.2,46,64,74,21,Hellas Verona,SVK,"MF,FW",Midfielder,2,1,False,0.12931034482758622,0.21551724137931036,0.3448275862068966,0.15086206896551724,0.15517241379310345,0.11206896551724138,1.9827586206896552,2.7586206896551726,3.189655172413793,False,False,,False,,False,,False
Lassana Coulibaly,2023-2024,28,25,2082,23.1,0,1,1,0,0,0,5,0,0.6,0.6,0.8,1.4,29,88,38,27,Salernitana,MLI,MF,Midfielder,1,1,False,0.0,0.04329004329004329,0.04329004329004329,0.025974025974025972,0.03463203463203463,0.025974025974025972,1.2554112554112553,3.8095238095238093,1.6450216450216448,False,False,,False,,False,,False
Ruben Loftus-Cheek,2023-2024,29,26,2068,23.0,6,1,7,6,0,0,5,0,3.7,3.7,2.4,6.1,73,74,113,27,Milan,ENG,MF,Midfielder,1,1,False,0.2608695652173913,0.043478260869565216,0.30434782608695654,0.16086956521739132,0.10434782608695652,0.16086956521739132,3.1739130434782608,3.217391304347826,4.913043478260869,False,False,,False,,False,,False
Mario Pašalić,2023-2024,34,23,2051,22.8,6,6,12,4,2,2,3,0,7.1,5.5,4.1,9.6,48,129,74,28,Atalanta,CRO,MF,Midfielder,1,1,False,0.2631578947368421,0.2631578947368421,0.5263157894736842,0.3114035087719298,0.17982456140350875,0.2412280701754386,2.1052631578947367,5.657894736842105,3.245614035087719,False,False,,False,,False,,False
Daniel Boloca,2023-2024,30,23,2022,22.5,1,0,1,1,0,0,6,1,0.5,0.5,0.4,0.9,27,109,17,24,Sassuolo,ROU,MF,Midfielder,1,1,False,0.044444444444444446,0.0,0.044444444444444446,0.022222222222222223,0.017777777777777778,0.022222222222222223,1.2,4.844444444444444,0.7555555555555555,False,False,,False,,False,,False
Sandi Lovrić,2023-2024,29,21,1987,22.1,1,3,4,1,0,0,1,1,3.5,3.5,3.3,6.8,52,80,80,25,Udinese,SVN,MF,Midfielder,1,1,False,0.04524886877828054,0.13574660633484162,0.18099547511312217,0.1583710407239819,0.14932126696832576,0.1583710407239819,2.352941176470588,3.619909502262443,3.619909502262443,False,False,,False,,False,,False
Arthur Melo,2023-2024,33,23,1986,22.1,2,3,5,1,1,1,2,0,1.0,0.3,1.7,2.0,21,133,27,26,Fiorentina,BRA,MF,Midfielder,1,1,False,0.09049773755656108,0.13574660633484162,0.2262443438914027,0.04524886877828054,0.07692307692307691,0.013574660633484162,0.9502262443438914,6.018099547511312,1.2217194570135745,False,False,,False,,False,,False
Matteo Prati,2023-2024,26,19,1972,21.9,1,1,2,1,0,0,4,0,2.0,2.0,0.8,2.8,8,66,17,19,Cagliari,ITA,MF,Midfielder,1,1,False,0.04566210045662101,0.04566210045662101,0.09132420091324202,0.09132420091324202,0.03652968036529681,0.09132420091324202,0.36529680365296807,3.0136986301369864,0.7762557077625571,False,False,,False,,False,,False
Piotr Zieliński,2023-2024,28,23,1924,21.4,3,2,5,2,1,1,1,0,2.6,1.8,3.4,5.2,38,131,88,29,Napoli,POL,MF,Midfielder,1,1,False,0.14018691588785048,0.09345794392523366,0.23364485981308414,0.12149532710280375,0.15887850467289721,0.08411214953271029,1.7757009345794394,6.121495327102804,4.112149532710281,False,False,,False,,False,,False
Alfred Duncan,2023-2024,30,24,1888,21.0,2,5,7,2,0,0,2,0,1.5,1.5,2.0,3.5,23,133,47,30,Fiorentina,GHA,MF,Midfielder,1,1,False,0.09523809523809523,0.23809523809523808,0.3333333333333333,0.07142857142857142,0.09523809523809523,0.07142857142857142,1.0952380952380953,6.333333333333333,2.238095238095238,False,False,,False,,False,,False
Lorenzo Pellegrini,2023-2024,29,20,1859,20.7,8,3,11,7,1,1,7,0,4.8,4.0,2.4,6.4,43,94,97,27,Roma,ITA,MF,Midfielder,1,1,False,0.3864734299516908,0.14492753623188406,0.5314009661835749,0.2318840579710145,0.11594202898550725,0.1932367149758454,2.077294685990338,4.541062801932367,4.685990338164252,False,False,,False,,False,,False
Karol Linetty,2023-2024,28,19,1858,20.6,0,0,0,0,0,0,12,0,0.5,0.5,0.8,1.4,31,87,25,28,Torino,POL,MF,Midfielder,1,1,False,0.0,0.0,0.0,0.024271844660194174,0.038834951456310676,0.024271844660194174,1.5048543689320388,4.223300970873786,1.2135922330097086,False,False,,False,,False,,False
Remi Oudin,2023-2024,31,21,1819,20.2,3,2,5,3,0,0,3,0,1.8,1.8,5.7,7.4,20,79,82,26,Lecce,FRA,"MF,FW",Midfielder,2,1,False,0.1485148514851485,0.09900990099009901,0.24752475247524752,0.08910891089108912,0.2821782178217822,0.08910891089108912,0.9900990099009901,3.910891089108911,4.0594059405940595,False,False,,False,,False,,False
Răzvan Marin,2023-2024,30,20,1818,20.2,0,3,3,0,0,0,3,0,1.1,1.1,3.0,4.1,21,72,24,27,Empoli,ROU,MF,Midfielder,1,1,False,0.0,0.1485148514851485,0.1485148514851485,0.05445544554455446,0.1485148514851485,0.05445544554455446,1.0396039603960396,3.5643564356435644,1.188118811881188,False,False,,False,,False,,False
Alberto Grassi,2023-2024,27,22,1807,20.1,0,1,1,0,0,0,6,1,1.1,1.1,0.6,1.7,13,75,13,28,Empoli,ITA,MF,Midfielder,1,1,False,0.0,0.04975124378109452,0.04975124378109452,0.05472636815920398,0.029850746268656712,0.05472636815920398,0.6467661691542288,3.731343283582089,0.6467661691542288,False,False,,False,,False,,False
Giulio Maggiore,2023-2024,27,20,1800,20.0,4,2,6,4,0,0,9,1,2.3,2.3,1.1,3.4,8,64,25,25,Salernitana,ITA,MF,Midfielder,1,1,False,0.2,0.1,0.3,0.11499999999999999,0.05500000000000001,0.11499999999999999,0.4,3.2,1.25,False,False,,False,,False,,False
Martín Payero,2023-2024,29,21,1796,20.0,2,2,4,2,0,0,6,1,1.5,1.5,1.1,2.6,47,71,64,24,Udinese,ARG,MF,Midfielder,1,1,False,0.1,0.1,0.2,0.075,0.05500000000000001,0.075,2.35,3.55,3.2,False,False,,False,,False,,False
Edoardo Bove,2023-2024,31,18,1780,19.8,0,2,2,0,0,0,2,0,2.0,2.0,0.7,2.7,21,88,47,21,Roma,ITA,MF,Midfielder,1,1,False,0.0,0.10101010101010101,0.10101010101010101,0.10101010101010101,0.03535353535353535,0.10101010101010101,1.0606060606060606,4.444444444444445,2.3737373737373737,False,False,,False,,False,,False
Suat Serdar,2023-2024,25,19,1659,18.4,0,2,2,0,0,0,7,0,1.0,1.0,1.4,2.4,20,68,36,26,Hellas Verona,GER,MF,Midfielder,1,1,False,0.0,0.10869565217391305,0.10869565217391305,0.05434782608695653,0.07608695652173914,0.05434782608695653,1.0869565217391306,3.695652173913044,1.956521739130435,False,False,,False,,False,,False
Alexis Blin,2023-2024,31,16,1642,18.2,0,2,2,0,0,0,4,0,1.1,1.1,0.7,1.8,7,60,11,26,Lecce,FRA,MF,Midfielder,1,1,False,0.0,0.10989010989010989,0.10989010989010989,0.06043956043956045,0.038461538461538464,0.06043956043956045,0.38461538461538464,3.296703296703297,0.6043956043956045,False,False,,False,,False,,False
Alessandro Deiola,2023-2024,27,19,1608,17.9,1,0,1,1,0,0,7,0,2.5,2.5,0.9,3.4,9,64,21,27,Cagliari,ITA,MF,Midfielder,1,1,False,0.0558659217877095,0.0,0.0558659217877095,0.13966480446927376,0.05027932960893855,0.13966480446927376,0.5027932960893855,3.575418994413408,1.1731843575418994,False,False,,False,,False,,False
Rolando Mandragora,2023-2024,33,16,1588,17.6,3,3,6,3,0,0,5,0,3.5,3.5,1.6,5.2,7,93,32,26,Fiorentina,ITA,MF,Midfielder,1,1,False,0.17045454545454544,0.17045454545454544,0.3409090909090909,0.19886363636363635,0.09090909090909091,0.19886363636363635,0.3977272727272727,5.284090909090908,1.8181818181818181,False,False,,False,,False,,False
Francesco Gelli,2023-2024,27,16,1561,17.3,0,0,0,0,0,0,3,0,0.7,0.7,2.4,3.1,42,61,87,26,Frosinone,ITA,"MF,DF",Midfielder,2,1,False,0.0,0.0,0.0,0.040462427745664734,0.13872832369942195,0.040462427745664734,2.4277456647398843,3.5260115606936413,5.028901734104046,False,False,,False,,False,,False
Daichi Kamada,2023-2024,29,17,1544,17.2,2,2,4,2,0,0,3,0,1.8,1.8,2.8,4.6,40,96,78,26,Lazio,JPN,MF,Midfielder,1,1,False,0.11627906976744186,0.11627906976744186,0.23255813953488372,0.10465116279069768,0.1627906976744186,0.10465116279069768,2.3255813953488373,5.5813953488372094,4.534883720930233,False,False,,False,,False,,False
Ruslan Malinovskyi,2023-2024,28,18,1544,17.2,4,1,5,4,0,0,7,0,1.1,1.1,0.6,1.6,24,83,31,30,Genoa,UKR,MF,Midfielder,1,1,False,0.23255813953488372,0.05813953488372093,0.29069767441860467,0.06395348837209303,0.03488372093023256,0.06395348837209303,1.3953488372093024,4.825581395348838,1.802325581395349,False,False,,False,,False,,False
Grigoris Kastanos,2023-2024,26,18,1480,16.4,3,3,6,3,0,0,5,0,2.9,2.9,2.8,5.7,28,78,69,25,Salernitana,CYP,"MF,DF",Midfielder,2,1,False,0.1829268292682927,0.1829268292682927,0.3658536585365854,0.17682926829268295,0.17073170731707318,0.17682926829268295,1.707317073170732,4.75609756097561,4.207317073170732,False,False,,False,,False,,False
Yunus Musah,2023-2024,30,13,1478,16.4,0,2,2,0,0,0,5,0,0.6,0.6,1.2,1.8,48,64,77,20,Milan,USA,"MF,FW",Midfielder,2,1,False,0.0,0.12195121951219513,0.12195121951219513,0.03658536585365854,0.07317073170731708,0.03658536585365854,2.9268292682926833,3.9024390243902443,4.695121951219512,False,False,,False,,False,,False
Warren Bondo,2023-2024,25,14,1475,16.4,1,1,2,1,0,0,9,0,0.9,0.9,0.3,1.2,31,43,13,19,Monza,FRA,MF,Midfielder,1,1,False,0.06097560975609757,0.06097560975609757,0.12195121951219513,0.05487804878048781,0.01829268292682927,0.05487804878048781,1.8902439024390245,2.6219512195121952,0.7926829268292683,False,False,,False,,False,,False
Yacine Adli,2023-2024,24,17,1407,15.6,1,2,3,1,0,0,3,0,0.3,0.3,2.2,2.5,30,125,26,23,Milan,FRA,MF,Midfielder,1,1,False,0.06410256410256411,0.12820512820512822,0.19230769230769232,0.019230769230769232,0.14102564102564105,0.019230769230769232,1.9230769230769231,8.012820512820513,1.6666666666666667,False,False,,False,,False,,False
Mohamed Kaba,2023-2024,23,15,1378,15.3,0,0,0,0,0,0,4,1,1.2,1.2,0.9,2.0,14,60,32,21,Lecce,FRA,MF,Midfielder,1,1,False,0.0,0.0,0.0,0.0784313725490196,0.058823529411764705,0.0784313725490196,0.9150326797385621,3.9215686274509802,2.0915032679738563,False,False,,False,,False,,False
Danilo Cataldi,2023-2024,28,15,1361,15.1,1,0,1,1,0,0,8,0,0.4,0.4,0.8,1.1,9,69,7,28,Lazio,ITA,MF,Midfielder,1,1,False,0.06622516556291391,0.0,0.06622516556291391,0.026490066225165566,0.05298013245033113,0.026490066225165566,0.5960264900662252,4.569536423841059,0.4635761589403974,False,False,,False,,False,,False
Ibrahim Sulemana,2023-2024,21,16,1339,14.9,2,0,2,2,0,0,4,0,0.8,0.8,0.1,0.9,15,27,14,20,Cagliari,GHA,MF,Midfielder,1,1,False,0.1342281879194631,0.0,0.1342281879194631,0.053691275167785234,0.006711409395973154,0.053691275167785234,1.006711409395973,1.8120805369127517,0.9395973154362416,False,False,,False,,False,,False
Nicolò Rovella,2023-2024,23,16,1318,14.6,0,2,2,0,0,0,6,0,0.6,0.6,0.5,1.1,21,56,11,21,Lazio,ITA,MF,Midfielder,1,1,False,0.0,0.136986301369863,0.136986301369863,0.0410958904109589,0.03424657534246575,0.0410958904109589,1.4383561643835616,3.8356164383561646,0.7534246575342466,False,False,,False,,False,,False
Nedim Bajrami,2023-2024,28,15,1310,14.6,2,2,4,2,0,0,0,0,2.5,2.5,2.2,4.7,51,49,70,24,Sassuolo,ALB,"MF,FW",Midfielder,2,1,False,0.136986301369863,0.136986301369863,0.273972602739726,0.17123287671232876,0.15068493150684933,0.17123287671232876,3.493150684931507,3.356164383561644,4.794520547945206,False,False,,False,,False,,False
Joan Gonzàlez,2023-2024,29,13,1291,14.3,1,1,2,1,0,0,6,0,1.2,1.2,1.0,2.2,25,49,41,21,Lecce,ESP,MF,Midfielder,1,1,False,0.06993006993006992,0.06993006993006992,0.13986013986013984,0.0839160839160839,0.06993006993006992,0.0839160839160839,1.7482517482517481,3.4265734265734262,2.867132867132867,False,False,,False,,False,,False
Tommaso Baldanzi,2023-2024,27,14,1263,14.100000000000001,2,0,2,2,0,0,3,0,3.0,3.0,1.7,4.6,38,44,94,20,MULTI:Empoli|Roma,ITA,"MF,FW",Midfielder,2,2,True,0.14184397163120566,0.0,0.14184397163120566,0.21276595744680848,0.1205673758865248,0.21276595744680848,2.6950354609929077,3.1205673758865244,6.666666666666666,False,False,,False,,False,,False
Jacopo Fazzini,2023-2024,31,14,1232,13.7,1,1,2,1,0,0,6,0,1.2,1.2,2.3,3.5,24,47,51,20,Empoli,ITA,MF,Midfielder,1,1,False,0.07299270072992702,0.07299270072992702,0.14598540145985403,0.08759124087591241,0.1678832116788321,0.08759124087591241,1.7518248175182483,3.4306569343065694,3.7226277372262775,False,False,,False,,False,,False
Kevin Strootman,2023-2024,27,15,1207,13.4,0,2,2,0,0,0,4,0,0.1,0.1,1.3,1.4,13,61,22,33,Genoa,NED,MF,Midfielder,1,1,False,0.0,0.14925373134328357,0.14925373134328357,0.007462686567164179,0.09701492537313433,0.007462686567164179,0.9701492537313433,4.552238805970149,1.6417910447761193,False,False,,False,,False,,False
Nicolas Viola,2023-2024,26,11,1207,13.4,5,2,7,5,0,1,3,0,3.4,2.6,3.9,6.5,22,57,68,33,Cagliari,ITA,"MF,FW",Midfielder,2,1,False,0.3731343283582089,0.14925373134328357,0.5223880597014925,0.2537313432835821,0.291044776119403,0.19402985074626866,1.6417910447761193,4.253731343283582,5.074626865671641,False,False,,False,,False,,False
Hamza Rafia,2023-2024,28,17,1204,13.4,1,0,1,1,0,0,4,0,0.8,0.8,0.8,1.6,15,46,37,24,Lecce,TUN,MF,Midfielder,1,1,False,0.07462686567164178,0.0,0.07462686567164178,0.05970149253731343,0.05970149253731343,0.05970149253731343,1.1194029850746268,3.432835820895522,2.761194029850746,False,False,,False,,False,,False
Aleksei Miranchuk,2023-2024,27,12,1176,13.1,3,5,8,3,0,0,1,0,5.4,5.4,4.1,9.5,41,75,122,27,Atalanta,RUS,"MF,FW",Midfielder,2,1,False,0.22900763358778625,0.3816793893129771,0.6106870229007634,0.4122137404580153,0.3129770992366412,0.4122137404580153,3.1297709923664123,5.7251908396946565,9.312977099236642,False,False,,False,,False,,False
Valentin Carboni,2023-2024,31,10,1169,13.0,2,3,5,2,0,0,2,0,2.3,2.3,1.7,4.0,52,57,75,18,Monza,ARG,"MF,FW",Midfielder,2,1,False,0.15384615384615385,0.23076923076923078,0.38461538461538464,0.1769230769230769,0.13076923076923078,0.1769230769230769,4.0,4.384615384615385,5.769230769230769,False,False,,False,,False,,False
Toma Bašić,2023-2024,15,14,1162,12.9,0,0,0,0,0,0,5,0,0.6,0.6,0.5,1.1,11,53,16,26,Salernitana,CRO,MF,Midfielder,1,1,False,0.0,0.0,0.0,0.046511627906976744,0.03875968992248062,0.046511627906976744,0.8527131782945736,4.108527131782946,1.2403100775193798,False,False,,False,,False,,False
Morten Thorsby,2023-2024,24,9,1157,12.9,2,2,4,2,0,0,2,0,1.8,1.8,1.4,3.2,6,28,39,27,Genoa,NOR,MF,Midfielder,1,1,False,0.15503875968992248,0.15503875968992248,0.31007751937984496,0.13953488372093023,0.10852713178294572,0.13953488372093023,0.46511627906976744,2.1705426356589146,3.0232558139534884,False,False,,False,,False,,False
Matías Vecino,2023-2024,31,8,1153,12.8,6,1,7,6,0,0,8,0,3.7,3.7,0.4,4.1,16,74,43,31,Lazio,URU,MF,Midfielder,1,1,False,0.46875,0.078125,0.546875,0.2890625,0.03125,0.2890625,1.25,5.78125,3.359375,False,False,,False,,False,,False
Ismaël Bennacer,2023-2024,20,13,1151,12.8,2,2,4,1,1,1,2,0,1.7,0.9,2.5,3.3,24,68,33,25,Milan,ALG,MF,Midfielder,1,1,False,0.15625,0.15625,0.3125,0.1328125,0.1953125,0.0703125,1.875,5.3125,2.578125,False,False,,False,,False,,False
Mateusz Łęgowski,2023-2024,29,10,1145,12.7,0,0,0,0,0,0,3,0,0.2,0.2,0.2,0.5,16,37,17,20,Salernitana,POL,MF,Midfielder,1,1,False,0.0,0.0,0.0,0.015748031496062995,0.015748031496062995,0.015748031496062995,1.2598425196850394,2.9133858267716537,1.3385826771653544,False,False,,False,,False,,False
Fabio Miretti,2023-2024,25,16,1103,12.3,1,1,2,1,0,0,3,0,1.2,1.2,1.1,2.3,22,43,62,19,Juventus,ITA,MF,Midfielder,1,1,False,0.08130081300813008,0.08130081300813008,0.16260162601626016,0.09756097560975609,0.08943089430894309,0.09756097560975609,1.7886178861788617,3.495934959349593,5.0406504065040645,False,False,,False,,False,,False
Martin Hongla,2023-2024,15,12,1084,12.0,0,0,0,0,0,0,0,0,0.1,0.1,0.3,0.4,6,57,6,25,Hellas Verona,CMR,MF,Midfielder,1,1,False,0.0,0.0,0.0,0.008333333333333333,0.024999999999999998,0.008333333333333333,0.5,4.75,0.5,False,False,,False,,False,,False
Reinier,2023-2024,22,13,1059,11.8,2,2,4,2,0,0,3,0,1.3,1.3,1.9,3.2,10,32,42,21,Frosinone,BRA,"MF,FW",Midfielder,2,1,False,0.1694915254237288,0.1694915254237288,0.3389830508474576,0.11016949152542373,0.16101694915254236,0.11016949152542373,0.847457627118644,2.711864406779661,3.559322033898305,False,False,,False,,False,,False
Giovanni Fabbian,2023-2024,27,11,1057,11.7,5,2,7,5,0,0,4,0,4.2,4.2,1.9,6.0,11,17,41,20,Bologna,ITA,"MF,FW",Midfielder,2,1,False,0.4273504273504274,0.17094017094017094,0.5982905982905983,0.35897435897435903,0.1623931623931624,0.35897435897435903,0.9401709401709403,1.4529914529914532,3.5042735042735047,False,False,,False,,False,,False
Junior Messias,2023-2024,18,13,1053,11.7,1,0,1,1,0,0,0,0,1.6,1.6,1.3,2.9,35,29,75,32,Genoa,BRA,"MF,DF",Midfielder,2,1,False,0.08547008547008547,0.0,0.08547008547008547,0.13675213675213677,0.11111111111111112,0.13675213675213677,2.9914529914529915,2.4786324786324787,6.410256410256411,False,False,,False,,False,,False
Abdou Harroui,2023-2024,18,13,1019,11.3,3,3,6,2,1,1,2,0,3.1,2.3,1.2,3.5,43,38,56,25,Frosinone,NED,"MF,FW",Midfielder,2,1,False,0.2654867256637168,0.2654867256637168,0.5309734513274336,0.2743362831858407,0.10619469026548671,0.20353982300884954,3.805309734513274,3.3628318584070795,4.95575221238938,False,False,,False,,False,,False
Jens Cajuste,2023-2024,26,11,1016,11.3,0,2,2,0,0,0,7,0,1.5,1.5,1.1,2.5,19,37,53,23,Napoli,SWE,MF,Midfielder,1,1,False,0.0,0.17699115044247787,0.17699115044247787,0.1327433628318584,0.09734513274336283,0.1327433628318584,1.6814159292035398,3.2743362831858405,4.6902654867256635,False,False,,False,,False,,False
Davide Frattesi,2023-2024,32,6,955,10.6,6,3,9,6,0,0,1,0,7.1,7.1,1.9,9.0,27,37,40,23,Inter,ITA,MF,Midfielder,1,1,False,0.5660377358490566,0.2830188679245283,0.8490566037735849,0.6698113207547169,0.1792452830188679,0.6698113207547169,2.547169811320755,3.4905660377358494,3.7735849056603774,False,True,,True,-1.0,True,0,True
Maxime Lopez,2023-2024,21,9,940,10.5,0,0,0,0,0,0,1,1,0.2,0.2,0.8,1.0,16,66,15,25,MULTI:Fiorentina|Sassuolo,FRA,MF,Midfielder,1,2,True,0.0,0.0,0.0,0.01904761904761905,0.0761904761904762,0.01904761904761905,1.5238095238095237,6.285714285714286,1.4285714285714286,False,False,,False,,False,,False
Kacper Urbanski,2023-2024,22,9,926,10.3,0,1,1,0,0,0,2,0,1.1,1.1,0.8,1.9,25,31,78,18,Bologna,POL,"MF,FW",Midfielder,2,1,False,0.0,0.0970873786407767,0.0970873786407767,0.10679611650485438,0.07766990291262135,0.10679611650485438,2.4271844660194173,3.0097087378640777,7.572815533980582,False,False,,False,,False,,False
Jakub Jankto,2023-2024,18,13,872,9.7,1,2,3,1,0,0,0,0,1.5,1.5,0.5,1.9,12,26,48,27,Cagliari,CZE,"MF,FW",Midfielder,2,1,False,0.10309278350515465,0.2061855670103093,0.30927835051546393,0.15463917525773196,0.051546391752577324,0.15463917525773196,1.2371134020618557,2.680412371134021,4.948453608247423,False,False,,False,,False,,False
Szymon Żurkowski,2023-2024,13,10,868,9.6,4,0,4,4,0,0,4,0,1.0,1.0,0.1,1.1,17,20,37,25,Empoli,POL,MF,Midfielder,1,1,False,0.4166666666666667,0.0,0.4166666666666667,0.10416666666666667,0.010416666666666668,0.10416666666666667,1.7708333333333335,2.0833333333333335,3.854166666666667,False,False,,False,,False,,False
Nikola Moro,2023-2024,23,10,840,9.3,1,0,1,1,0,0,0,0,0.7,0.7,0.4,1.1,21,58,38,25,Bologna,CRO,MF,Midfielder,1,1,False,0.1075268817204301,0.0,0.1075268817204301,0.07526881720430106,0.04301075268817204,0.07526881720430106,2.258064516129032,6.236559139784946,4.086021505376344,False,False,,False,,False,,False
Uroš Račić,2023-2024,22,8,820,9.1,1,1,2,1,0,0,1,0,0.8,0.8,0.3,1.1,5,37,11,25,Sassuolo,SRB,MF,Midfielder,1,1,False,0.10989010989010989,0.10989010989010989,0.21978021978021978,0.08791208791208792,0.03296703296703297,0.08791208791208792,0.5494505494505495,4.065934065934066,1.208791208791209,False,False,,False,,False,,False
Antonín Barák,2023-2024,21,8,808,9.0,2,3,5,2,0,0,2,0,1.5,1.5,2.2,3.8,17,33,64,28,Fiorentina,CZE,"MF,FW",Midfielder,2,1,False,0.2222222222222222,0.3333333333333333,0.5555555555555556,0.16666666666666666,0.24444444444444446,0.16666666666666666,1.8888888888888888,3.6666666666666665,7.111111111111111,False,False,,False,,False,,False
Kristjan Asllani,2023-2024,23,6,787,8.7,1,2,3,1,0,0,1,0,0.6,0.6,1.1,1.6,5,32,8,21,Inter,ALB,MF,Midfielder,1,1,False,0.1149425287356322,0.2298850574712644,0.3448275862068966,0.06896551724137931,0.12643678160919541,0.06896551724137931,0.574712643678161,3.6781609195402303,0.9195402298850576,False,True,3.0,False,3.0,True,0,True
Houssem Aouar,2023-2024,16,9,756,8.4,4,0,4,4,0,0,3,0,2.3,2.3,0.5,2.8,17,26,60,25,Roma,ALG,"MF,FW",Midfielder,2,1,False,0.47619047619047616,0.0,0.47619047619047616,0.2738095238095238,0.05952380952380952,0.2738095238095238,2.0238095238095237,3.095238095238095,7.142857142857142,False,False,,False,,False,,False
Simone Bastoni,2023-2024,16,9,745,8.3,1,0,1,1,0,0,3,0,0.4,0.4,0.5,0.9,12,31,26,26,Empoli,ITA,"MF,DF",Midfielder,2,1,False,0.12048192771084336,0.0,0.12048192771084336,0.048192771084337345,0.06024096385542168,0.048192771084337345,1.4457831325301203,3.7349397590361444,3.1325301204819276,False,False,,False,,False,,False
Agustín Martegani,2023-2024,18,6,731,8.1,1,0,1,1,0,0,1,0,0.6,0.6,0.5,1.1,14,28,22,23,Salernitana,ARG,MF,Midfielder,1,1,False,0.1234567901234568,0.0,0.1234567901234568,0.07407407407407407,0.0617283950617284,0.07407407407407407,1.7283950617283952,3.4567901234567904,2.7160493827160495,False,False,,False,,False,,False
Demba Seck,2023-2024,20,8,723,8.0,0,0,0,0,0,0,1,0,1.4000000000000001,1.4000000000000001,0.4,1.9,34,21,48,22,MULTI:Frosinone|Torino,SEN,"FW,MF",Midfielder,2,2,True,0.0,0.0,0.0,0.17500000000000002,0.05,0.17500000000000002,4.25,2.625,6.0,False,False,,False,,False,,False
Jean-Daniel Akpa-Akpro,2023-2024,19,8,705,7.8,0,0,0,0,0,0,5,0,0.5,0.5,0.1,0.6,11,10,12,30,Monza,CIV,MF,Midfielder,1,1,False,0.0,0.0,0.0,0.06410256410256411,0.012820512820512822,0.06410256410256411,1.4102564102564104,1.2820512820512822,1.5384615384615385,False,False,,False,,False,,False
Rade Krunić,2023-2024,10,8,687,7.6,0,0,0,0,0,0,3,0,0.1,0.1,0.5,0.6,5,24,3,29,Milan,BIH,MF,Midfielder,1,1,False,0.0,0.0,0.0,0.013157894736842106,0.06578947368421052,0.013157894736842106,0.6578947368421053,3.1578947368421053,0.39473684210526316,False,False,,False,,False,,False
Jovane Cabral,2023-2024,12,8,678,7.5,1,0,1,1,0,0,1,0,1.2,1.2,0.4,1.6,22,40,39,25,Salernitana,CPV,"MF,FW",Midfielder,2,1,False,0.13333333333333333,0.0,0.13333333333333333,0.16,0.05333333333333334,0.16,2.933333333333333,5.333333333333333,5.2,False,False,,False,,False,,False
Cristian Volpato,2023-2024,22,5,645,7.2,1,0,1,1,0,0,1,0,0.5,0.5,1.4,1.9,34,53,49,19,Sassuolo,ITA,"MF,FW",Midfielder,2,1,False,0.1388888888888889,0.0,0.1388888888888889,0.06944444444444445,0.19444444444444442,0.06944444444444445,4.722222222222222,7.361111111111111,6.805555555555555,False,False,,False,,False,,False
Viktor Kovalenko,2023-2024,17,4,613,6.8,1,1,2,1,0,0,1,0,0.9,0.9,0.8,1.7,4,20,24,27,Empoli,UKR,MF,Midfielder,1,1,False,0.14705882352941177,0.14705882352941177,0.29411764705882354,0.1323529411764706,0.11764705882352942,0.1323529411764706,0.5882352941176471,2.9411764705882355,3.5294117647058822,False,False,,False,,False,,False
Daniel Maldini,2023-2024,18,5,596,6.6,4,1,5,4,0,0,1,0,1.6,1.6,1.2,2.6999999999999997,22,20,32,21,MULTI:Empoli|Monza,ITA,"FW,MF",Midfielder,2,2,True,0.6060606060606061,0.15151515151515152,0.7575757575757576,0.24242424242424246,0.18181818181818182,0.24242424242424246,3.3333333333333335,3.0303030303030303,4.848484848484849,False,False,,False,,False,,False
Emil Bohinen,2023-2024,17,7,591,6.5,0,0,0,0,0,0,1,0,0.1,0.1,0.30000000000000004,0.4,8,29,11,24,MULTI:Genoa|Salernitana,NOR,MF,Midfielder,1,2,True,0.0,0.0,0.0,0.015384615384615385,0.04615384615384616,0.015384615384615385,1.2307692307692308,4.461538461538462,1.6923076923076923,False,False,,False,,False,,False
Oussama El Azzouzi,2023-2024,18,5,547,6.1,2,2,4,2,0,0,4,0,0.5,0.5,0.6,1.0,4,19,8,22,Bologna,MAR,MF,Midfielder,1,1,False,0.3278688524590164,0.3278688524590164,0.6557377049180328,0.0819672131147541,0.09836065573770492,0.0819672131147541,0.6557377049180328,3.114754098360656,1.3114754098360657,False,False,,False,,False,,False
Gvidas Gineitis,2023-2024,14,4,538,6.0,0,0,0,0,0,0,2,0,0.4,0.4,0.5,0.9,9,25,12,19,Torino,LTU,MF,Midfielder,1,1,False,0.0,0.0,0.0,0.06666666666666667,0.08333333333333333,0.06666666666666667,1.5,4.166666666666667,2.0,False,False,,False,,False,,False
Luca Garritano,2023-2024,12,5,485,5.4,0,0,0,0,0,0,1,0,0.7,0.7,0.3,1.0,6,23,23,29,Frosinone,ITA,"MF,DF",Midfielder,2,1,False,0.0,0.0,0.0,0.12962962962962962,0.05555555555555555,0.12962962962962962,1.111111111111111,4.259259259259259,4.259259259259259,False,False,,False,,False,,False
Filippo Ranocchia,2023-2024,9,5,476,5.3,0,0,0,0,0,0,3,0,0.2,0.2,0.5,0.8,5,21,11,22,Empoli,ITA,"MF,DF",Midfielder,2,1,False,0.0,0.0,0.0,0.03773584905660378,0.09433962264150944,0.03773584905660378,0.9433962264150944,3.9622641509433962,2.0754716981132075,False,False,,False,,False,,False
Pedro Obiang,2023-2024,8,5,453,5.0,0,0,0,0,0,0,1,0,0.0,0.0,0.7,0.7,4,21,2,31,Sassuolo,EQG,MF,Midfielder,1,1,False,0.0,0.0,0.0,0.0,0.13999999999999999,0.0,0.8,4.2,0.4,False,False,,False,,False,,False
