player_name,season,MP,Starts,Min,90s,Gls,Ast,G_plus_A,G_minus_PK,PK,PKatt,CrdY,CrdR,xG,npxG,xAG,npxG_plus_xAG,PrgC,PrgP,PrgR,age,team,nation,positions_all,primary_position,n_positions,n_source_rows,transferred_midseason,Gls_per90,Ast_per90,GA_per90,xG_per90,xAG_per90,npxG_per90,PrgC_per90,PrgP_per90,PrgR_per90,is_low_sample,is_inter,contract_years_left,is_loan,contract_raw,has_contract_info,departed,has_departure_label
Federico Baschirotto,2024-2025,38,38,3420,38.0,2,0,2,2,0,0,3,0,1.2,1.2,0.2,1.4,13,71,5,27,Lecce,ITA,DF,Defender,1,1,False,0.05263157894736842,0.0,0.05263157894736842,0.031578947368421054,0.005263157894736842,0.031578947368421054,0.34210526315789475,1.868421052631579,0.13157894736842105,False,False,,False,,False,,False
Obite N'Dicka,2024-2025,38,38,3420,38.0,0,1,1,0,0,0,2,0,1.0,1.0,0.7,1.8,29,107,5,24,Roma,CIV,DF,Defender,1,1,False,0.0,0.02631578947368421,0.02631578947368421,0.02631578947368421,0.018421052631578946,0.02631578947368421,0.7631578947368421,2.8157894736842106,0.13157894736842105,False,False,,False,,False,,False
Amir Rrahmani,2024-2025,38,38,3406,37.8,1,3,4,1,0,0,2,0,2.9,2.9,1.1,4.0,30,188,2,30,Napoli,KVX,DF,Defender,1,1,False,0.026455026455026457,0.07936507936507937,0.10582010582010583,0.07671957671957673,0.029100529100529106,0.07671957671957673,0.7936507936507937,4.973544973544974,0.052910052910052914,False,False,,False,,False,,False
Giovanni Di Lorenzo,2024-2025,37,37,3330,37.0,3,2,5,3,0,0,6,0,2.8,2.8,3.9,6.7,50,224,163,30,Napoli,ITA,DF,Defender,1,1,False,0.08108108108108109,0.05405405405405406,0.13513513513513514,0.07567567567567567,0.1054054054054054,0.07567567567567567,1.3513513513513513,6.054054054054054,4.405405405405405,False,False,,False,,False,,False
Sebastiano Luperto,2024-2025,36,36,3240,36.0,1,3,4,1,0,0,4,0,2.2,2.2,1.3,3.4,22,96,11,27,Cagliari,ITA,DF,Defender,1,1,False,0.027777777777777776,0.08333333333333333,0.1111111111111111,0.061111111111111116,0.036111111111111115,0.061111111111111116,0.6111111111111112,2.6666666666666665,0.3055555555555556,False,False,,False,,False,,False
Emmanuel Gyasi,2024-2025,37,37,3217,35.7,2,1,3,2,0,0,5,0,3.9,3.9,0.7,4.6,22,53,108,30,Empoli,GHA,"DF,FW",Defender,2,1,False,0.05602240896358543,0.028011204481792715,0.08403361344537814,0.10924369747899158,0.019607843137254898,0.10924369747899158,0.6162464985994397,1.4845938375350138,3.0252100840336134,False,False,,False,,False,,False
Angeliño,2024-2025,38,36,3177,35.3,2,1,3,2,0,0,1,0,1.4,1.4,3.7,5.1,66,172,172,27,Roma,ESP,DF,Defender,1,1,False,0.056657223796034,0.028328611898017,0.08498583569405099,0.039660056657223795,0.10481586402266291,0.039660056657223795,1.869688385269122,4.872521246458924,4.872521246458924,False,False,,False,,False,,False
Jackson Tchatchoua,2024-2025,36,36,3167,35.2,2,3,5,2,0,0,7,1,1.6,1.6,2.8,4.5,88,72,163,22,Hellas Verona,CMR,"DF,MF",Defender,2,1,False,0.056818181818181816,0.08522727272727272,0.14204545454545453,0.045454545454545456,0.07954545454545453,0.045454545454545456,2.5,2.0454545454545454,4.6306818181818175,False,False,,False,,False,,False
Gianluca Mancini,2024-2025,37,36,3143,34.9,2,0,2,2,0,0,8,0,1.7,1.7,0.9,2.6,45,139,23,28,Roma,ITA,DF,Defender,1,1,False,0.05730659025787966,0.0,0.05730659025787966,0.04871060171919771,0.025787965616045846,0.04871060171919771,1.2893982808022924,3.982808022922636,0.6590257879656161,False,False,,False,,False,,False
Jay Idzes,2024-2025,35,35,3127,34.7,1,0,1,1,0,0,5,0,1.8,1.8,0.7,2.5,15,84,15,24,Venezia,IDN,DF,Defender,1,1,False,0.02881844380403458,0.0,0.02881844380403458,0.05187319884726224,0.020172910662824204,0.05187319884726224,0.4322766570605187,2.4207492795389047,0.4322766570605187,False,False,,False,,False,,False
Aarón Martín,2024-2025,36,35,3085,34.3,0,8,8,0,0,0,5,0,0.9,0.9,5.5,6.4,50,90,108,27,Genoa,ESP,DF,Defender,1,1,False,0.0,0.23323615160349856,0.23323615160349856,0.02623906705539359,0.16034985422740525,0.02623906705539359,1.457725947521866,2.623906705539359,3.1486880466472305,False,False,,False,,False,,False
Gabriele Zappa,2024-2025,37,35,3060,34.0,2,0,2,2,0,0,4,0,0.9,0.9,3.6,4.5,57,146,82,24,Cagliari,ITA,DF,Defender,1,1,False,0.058823529411764705,0.0,0.058823529411764705,0.026470588235294117,0.10588235294117647,0.026470588235294117,1.6764705882352942,4.294117647058823,2.411764705882353,False,False,,False,,False,,False
Johan Vásquez,2024-2025,36,34,3041,33.8,3,0,3,3,0,0,9,0,2.4,2.4,0.3,2.7,37,96,12,25,Genoa,MEX,DF,Defender,1,1,False,0.08875739644970415,0.0,0.08875739644970415,0.07100591715976332,0.008875739644970414,0.07100591715976332,1.0946745562130178,2.840236686390533,0.3550295857988166,False,False,,False,,False,,False
Dodô,2024-2025,34,34,3025,33.6,0,4,4,0,0,0,8,0,1.4,1.4,4.2,5.6,143,128,193,25,Fiorentina,BRA,DF,Defender,1,1,False,0.0,0.11904761904761904,0.11904761904761904,0.041666666666666664,0.125,0.041666666666666664,4.2559523809523805,3.8095238095238093,5.744047619047619,False,False,,False,,False,,False
Sam Beukema,2024-2025,35,33,3012,33.5,0,1,1,0,0,0,1,0,1.5,1.5,0.9,2.4,27,153,9,25,Bologna,NED,DF,Defender,1,1,False,0.0,0.029850746268656716,0.029850746268656716,0.04477611940298507,0.026865671641791045,0.04477611940298507,0.8059701492537313,4.567164179104478,0.26865671641791045,False,False,,False,,False,,False
Luca Ranieri,2024-2025,35,34,2981,33.1,0,3,3,0,0,0,7,0,1.1,1.1,1.7,2.7,25,80,11,25,Fiorentina,ITA,DF,Defender,1,1,False,0.0,0.09063444108761329,0.09063444108761329,0.03323262839879154,0.051359516616314195,0.03323262839879154,0.755287009063444,2.416918429003021,0.3323262839879154,False,False,,False,,False,,False
Jaka Bijol,2024-2025,34,34,2963,32.9,1,0,1,1,0,0,13,1,2.0,2.0,0.6,2.6,22,98,10,25,Udinese,SVN,DF,Defender,1,1,False,0.030395136778115502,0.0,0.030395136778115502,0.060790273556231005,0.0182370820668693,0.060790273556231005,0.668693009118541,2.9787234042553195,0.303951367781155,False,False,,False,,False,,False
Enrico Del Prato,2024-2025,34,32,2947,32.7,4,0,4,4,0,0,8,0,2.0,2.0,1.2,3.2,8,81,31,24,Parma,ITA,DF,Defender,1,1,False,0.12232415902140671,0.0,0.12232415902140671,0.061162079510703356,0.03669724770642201,0.061162079510703356,0.24464831804281342,2.477064220183486,0.948012232415902,False,False,,False,,False,,False
Diego Coppola,2024-2025,34,33,2927,32.5,2,0,2,2,0,0,10,0,0.7,0.7,0.1,0.8,4,48,3,20,Hellas Verona,ITA,DF,Defender,1,1,False,0.06153846153846154,0.0,0.06153846153846154,0.021538461538461538,0.003076923076923077,0.021538461538461538,0.12307692307692308,1.476923076923077,0.09230769230769231,False,False,,False,,False,,False
Giuseppe Pezzella,2024-2025,35,34,2878,32.0,0,3,3,0,0,0,7,0,0.6,0.6,4.6,5.2,77,80,143,26,Empoli,ITA,"DF,FW",Defender,2,1,False,0.0,0.09375,0.09375,0.01875,0.14375,0.01875,2.40625,2.5,4.46875,False,False,,False,,False,,False
Emanuele Valeri,2024-2025,35,34,2873,31.9,2,6,8,1,1,1,1,0,1.8,1.0,4.7,5.8,79,93,109,25,Parma,ITA,DF,Defender,1,1,False,0.06269592476489029,0.18808777429467086,0.25078369905956116,0.05642633228840126,0.14733542319749218,0.031347962382445145,2.4764890282131664,2.9153605015673985,3.4169278996865207,False,False,,False,,False,,False
Giorgos Kyriakopoulos,2024-2025,34,33,2845,31.6,2,4,6,2,0,0,5,0,0.9,0.9,3.3,4.2,67,97,132,28,Monza,GRE,DF,Defender,1,1,False,0.06329113924050632,0.12658227848101264,0.18987341772151897,0.028481012658227847,0.10443037974683543,0.028481012658227847,2.120253164556962,3.069620253164557,4.177215189873418,False,False,,False,,False,,False
Saúl Coco,2024-2025,32,32,2845,31.6,2,0,2,2,0,0,10,0,1.2,1.2,0.0,1.2,17,70,3,25,Torino,EQG,DF,Defender,1,1,False,0.06329113924050632,0.0,0.06329113924050632,0.03797468354430379,0.0,0.03797468354430379,0.5379746835443038,2.2151898734177213,0.09493670886075949,False,False,,False,,False,,False
Mario Gila,2024-2025,32,31,2741,30.5,1,0,1,1,0,0,8,0,1.1,1.1,0.6,1.7,48,157,12,23,Lazio,ESP,DF,Defender,1,1,False,0.03278688524590164,0.0,0.03278688524590164,0.036065573770491806,0.019672131147540982,0.036065573770491806,1.5737704918032787,5.147540983606557,0.39344262295081966,False,False,,False,,False,,False
Pablo Marí,2024-2025,32,31,2726,30.3,0,0,0,0,0,0,6,1,0.30000000000000004,0.30000000000000004,0.1,0.4,7,85,1,30,MULTI:Fiorentina|Monza,ESP,DF,Defender,1,2,True,0.0,0.0,0.0,0.009900990099009903,0.0033003300330033004,0.009900990099009903,0.23102310231023102,2.8052805280528053,0.033003300330033,False,False,,False,,False,,False
Nadir Zortea,2024-2025,35,33,2713,30.1,6,2,8,6,0,0,2,0,3.1,3.1,2.4,5.5,69,63,144,25,Cagliari,ITA,"DF,MF",Defender,2,1,False,0.19933554817275748,0.06644518272425248,0.26578073089700993,0.10299003322259136,0.07973421926910298,0.10299003322259136,2.2923588039867107,2.093023255813953,4.784053156146179,False,False,,False,,False,,False
Tommaso Augello,2024-2025,38,30,2713,30.1,0,7,7,0,0,0,3,0,0.3,0.3,4.6,4.9,58,118,113,29,Cagliari,ITA,DF,Defender,1,1,False,0.0,0.23255813953488372,0.23255813953488372,0.009966777408637873,0.1528239202657807,0.009966777408637873,1.9269102990033222,3.920265780730897,3.7541528239202657,False,False,,False,,False,,False
Theo Hernández,2024-2025,33,30,2696,30.0,4,3,7,4,0,1,4,1,2.7,1.9,4.7,6.6,93,132,148,26,Milan,FRA,DF,Defender,1,1,False,0.13333333333333333,0.1,0.23333333333333334,0.09000000000000001,0.15666666666666668,0.06333333333333332,3.1,4.4,4.933333333333334,False,False,,False,,False,,False
Alessio Romagnoli,2024-2025,32,31,2672,29.7,2,0,2,2,0,0,4,2,2.4,2.4,0.3,2.6,8,90,4,29,Lazio,ITA,DF,Defender,1,1,False,0.06734006734006734,0.0,0.06734006734006734,0.0808080808080808,0.0101010101010101,0.0808080808080808,0.26936026936026936,3.0303030303030303,0.13468013468013468,False,False,,False,,False,,False
Pedro Pereira,2024-2025,35,32,2665,29.6,1,3,4,1,0,0,10,0,1.2,1.2,1.6,2.8,52,66,107,26,Monza,POR,DF,Defender,1,1,False,0.03378378378378378,0.10135135135135134,0.13513513513513511,0.040540540540540536,0.05405405405405406,0.040540540540540536,1.7567567567567566,2.22972972972973,3.614864864864865,False,False,,False,,False,,False
Berat Djimsiti,2024-2025,34,32,2640,29.3,1,2,3,1,0,0,6,0,2.7,2.7,1.3,3.9,32,109,42,31,Atalanta,ALB,DF,Defender,1,1,False,0.034129692832764506,0.06825938566552901,0.10238907849829351,0.09215017064846416,0.04436860068259386,0.09215017064846416,1.0921501706484642,3.720136518771331,1.4334470989761092,False,False,,False,,False,,False
Marc-Oliver Kempf,2024-2025,31,30,2615,29.1,0,0,0,0,0,0,6,1,1.6,1.6,1.2,2.7,17,85,4,29,Como,GER,DF,Defender,1,1,False,0.0,0.0,0.0,0.054982817869415807,0.041237113402061855,0.054982817869415807,0.5841924398625429,2.9209621993127146,0.1374570446735395,False,False,,False,,False,,False
Jhon Lucumí,2024-2025,32,29,2614,29.0,0,1,1,0,0,0,8,1,0.6,0.6,0.4,1.0,34,108,7,26,Bologna,COL,DF,Defender,1,1,False,0.0,0.034482758620689655,0.034482758620689655,0.020689655172413793,0.013793103448275864,0.020689655172413793,1.1724137931034482,3.7241379310344827,0.2413793103448276,False,False,,False,,False,,False
Antonino Gallo,2024-2025,31,31,2609,29.0,0,2,2,0,0,0,3,1,0.3,0.3,2.7,3.0,57,107,110,24,Lecce,ITA,DF,Defender,1,1,False,0.0,0.06896551724137931,0.06896551724137931,0.010344827586206896,0.09310344827586207,0.010344827586206896,1.9655172413793103,3.689655172413793,3.793103448275862,False,False,,False,,False,,False
Mattia Viti,2024-2025,30,30,2572,28.6,1,0,1,1,0,0,3,0,0.8,0.8,0.2,1.0,17,86,10,22,Empoli,ITA,DF,Defender,1,1,False,0.03496503496503496,0.0,0.03496503496503496,0.027972027972027972,0.006993006993006993,0.027972027972027972,0.5944055944055944,3.0069930069930066,0.34965034965034963,False,False,,False,,False,,False
Yerry Mina,2024-2025,31,31,2569,28.5,1,0,1,1,0,0,6,1,2.3,2.3,0.3,2.6,17,76,9,29,Cagliari,COL,DF,Defender,1,1,False,0.03508771929824561,0.0,0.03508771929824561,0.0807017543859649,0.010526315789473684,0.0807017543859649,0.5964912280701754,2.6666666666666665,0.3157894736842105,False,False,,False,,False,,False
Saba Goglichidze,2024-2025,33,29,2539,28.2,0,1,1,0,0,0,3,1,0.3,0.3,0.3,0.6,12,45,9,20,Empoli,GEO,DF,Defender,1,1,False,0.0,0.03546099290780142,0.03546099290780142,0.010638297872340425,0.010638297872340425,0.010638297872340425,0.425531914893617,1.5957446808510638,0.3191489361702128,False,False,,False,,False,,False
Edoardo Goldaniga,2024-2025,32,28,2532,28.1,1,0,1,1,0,0,12,1,2.5,2.5,0.3,2.8,20,81,8,30,Como,ITA,DF,Defender,1,1,False,0.03558718861209964,0.0,0.03558718861209964,0.0889679715302491,0.010676156583629892,0.0889679715302491,0.7117437722419928,2.882562277580071,0.2846975088967971,False,False,,False,,False,,False
Ardian Ismajli,2024-2025,29,29,2508,27.9,0,0,0,0,0,0,3,0,0.3,0.3,0.0,0.4,3,38,1,27,Empoli,ALB,DF,Defender,1,1,False,0.0,0.0,0.0,0.010752688172043012,0.0,0.010752688172043012,0.10752688172043011,1.3620071684587813,0.03584229390681004,False,False,,False,,False,,False
Kingsley Ehizibue,2024-2025,33,30,2498,27.8,0,1,1,0,0,0,5,0,1.2,1.2,2.2,3.5,54,55,116,29,Udinese,NED,DF,Defender,1,1,False,0.0,0.03597122302158273,0.03597122302158273,0.043165467625899276,0.07913669064748202,0.043165467625899276,1.9424460431654675,1.9784172661870503,4.172661870503597,False,False,,False,,False,,False
Raoul Bellanova,2024-2025,35,28,2489,27.7,0,9,9,0,0,0,3,0,1.1,1.1,4.8,5.8999999999999995,87,87,196,24,MULTI:Atalanta|Torino,ITA,DF,Defender,1,2,True,0.0,0.3249097472924188,0.3249097472924188,0.039711191335740074,0.17328519855595667,0.039711191335740074,3.140794223826715,3.140794223826715,7.075812274368231,False,False,,False,,False,,False
Mikael Ellertsson,2024-2025,36,29,2470,27.4,2,2,4,2,0,0,2,0,1.1,1.1,1.6,2.7,33,36,92,22,Venezia,ISL,"DF,MF",Defender,2,1,False,0.07299270072992702,0.07299270072992702,0.14598540145985403,0.04014598540145986,0.05839416058394161,0.04014598540145986,1.2043795620437956,1.3138686131386863,3.3576642335766427,False,False,,False,,False,,False
Armando Izzo,2024-2025,30,28,2435,27.1,1,1,2,1,0,0,12,0,0.4,0.4,0.8,1.2,12,72,12,32,Monza,ITA,DF,Defender,1,1,False,0.03690036900369004,0.03690036900369004,0.07380073800738007,0.014760147601476014,0.02952029520295203,0.014760147601476014,0.44280442804428044,2.6568265682656826,0.44280442804428044,False,False,,False,,False,,False
Frederic Guilbert,2024-2025,31,31,2435,27.1,0,1,1,0,0,0,3,2,0.3,0.3,1.8,2.1,48,88,45,29,Lecce,FRA,DF,Defender,1,1,False,0.0,0.03690036900369004,0.03690036900369004,0.01107011070110701,0.06642066420664207,0.01107011070110701,1.7712177121771218,3.2472324723247232,1.6605166051660516,False,False,,False,,False,,False
Robin Gosens,2024-2025,31,28,2434,27.0,5,5,10,5,0,0,6,0,1.8,1.8,2.4,4.1,31,102,91,30,Fiorentina,GER,DF,Defender,1,1,False,0.18518518518518517,0.18518518518518517,0.37037037037037035,0.06666666666666667,0.08888888888888889,0.06666666666666667,1.1481481481481481,3.7777777777777777,3.3703703703703702,False,False,,False,,False,,False
Mathías Olivera,2024-2025,32,26,2370,26.3,0,2,2,0,0,0,4,0,1.1,1.1,1.7,2.8,46,126,62,26,Napoli,URU,DF,Defender,1,1,False,0.0,0.07604562737642585,0.07604562737642585,0.041825095057034224,0.06463878326996197,0.041825095057034224,1.7490494296577945,4.7908745247148286,2.3574144486692012,False,False,,False,,False,,False
Guillermo Maripán,2024-2025,28,27,2340,26.0,1,1,2,1,0,0,4,1,0.9,0.9,1.0,2.0,14,96,9,30,Torino,CHI,DF,Defender,1,1,False,0.038461538461538464,0.038461538461538464,0.07692307692307693,0.03461538461538462,0.038461538461538464,0.03461538461538462,0.5384615384615384,3.6923076923076925,0.34615384615384615,False,False,,False,,False,,False
Adam Marušić,2024-2025,35,26,2337,26.0,4,0,4,4,0,0,1,0,2.0,2.0,0.6,2.6,23,84,108,31,Lazio,MNE,DF,Defender,1,1,False,0.15384615384615385,0.0,0.15384615384615385,0.07692307692307693,0.023076923076923075,0.07692307692307693,0.8846153846153846,3.230769230769231,4.153846153846154,False,False,,False,,False,,False
Pierre Kalulu,2024-2025,29,25,2337,26.0,1,0,1,1,0,0,2,1,0.7,0.7,0.5,1.2,48,117,24,24,Juventus,FRA,DF,Defender,1,1,False,0.038461538461538464,0.0,0.038461538461538464,0.02692307692307692,0.019230769230769232,0.02692307692307692,1.8461538461538463,4.5,0.9230769230769231,False,False,,False,,False,,False
Alessandro Bastoni,2024-2025,32,30,2333,25.9,1,5,6,1,0,0,6,1,0.8,0.8,2.3,3.2,62,162,83,25,Inter,ITA,DF,Defender,1,1,False,0.03861003861003861,0.19305019305019305,0.23166023166023167,0.030888030888030892,0.0888030888030888,0.030888030888030892,2.393822393822394,6.254826254826255,3.204633204633205,False,True,,False,,False,,False
Isak Hien,2024-2025,30,27,2327,25.9,0,0,0,0,0,0,10,0,1.0,1.0,0.1,1.1,7,51,3,25,Atalanta,SWE,DF,Defender,1,1,False,0.0,0.0,0.0,0.03861003861003861,0.0038610038610038615,0.03861003861003861,0.2702702702702703,1.9691119691119692,0.11583011583011583,False,False,,False,,False,,False
Valentino Lazaro,2024-2025,33,26,2307,25.6,0,6,6,0,0,0,6,0,1.0,1.0,3.3,4.4,35,76,131,28,Torino,AUT,"DF,FW",Defender,2,1,False,0.0,0.234375,0.234375,0.0390625,0.12890624999999997,0.0390625,1.3671875,2.96875,5.1171875,False,False,,False,,False,,False
Juan Miranda,2024-2025,31,25,2277,25.3,0,6,6,0,0,0,4,1,0.7,0.7,6.1,6.8,34,163,88,24,Bologna,ESP,DF,Defender,1,1,False,0.0,0.23715415019762845,0.23715415019762845,0.027667984189723317,0.2411067193675889,0.027667984189723317,1.3438735177865613,6.442687747035573,3.4782608695652173,False,False,,False,,False,,False
Zeki Çelik,2024-2025,31,27,2256,25.1,0,2,2,0,0,0,5,0,0.6,0.6,1.6,2.2,28,106,93,27,Roma,TUR,DF,Defender,1,1,False,0.0,0.0796812749003984,0.0796812749003984,0.023904382470119518,0.06374501992031872,0.023904382470119518,1.1155378486055776,4.223107569721115,3.7051792828685257,False,False,,False,,False,,False
Andrea Cambiaso,2024-2025,33,25,2221,24.7,2,3,5,2,0,0,4,0,0.7,0.7,2.6,3.3,78,111,122,24,Juventus,ITA,"DF,FW",Defender,2,1,False,0.08097165991902834,0.12145748987854252,0.20242914979757085,0.02834008097165992,0.10526315789473685,0.02834008097165992,3.1578947368421053,4.493927125506073,4.939271255060729,False,False,,False,,False,,False
Federico Gatti,2024-2025,30,26,2195,24.4,1,0,1,1,0,0,2,0,2.5,2.5,0.5,2.9,24,73,6,26,Juventus,ITA,DF,Defender,1,1,False,0.04098360655737705,0.0,0.04098360655737705,0.10245901639344263,0.020491803278688527,0.10245901639344263,0.9836065573770493,2.9918032786885247,0.24590163934426232,False,False,,False,,False,,False
Andrea Carboni,2024-2025,26,25,2191,24.3,0,1,1,0,0,0,5,0,0.3,0.3,0.3,0.6,9,51,32,23,Monza,ITA,DF,Defender,1,1,False,0.0,0.0411522633744856,0.0411522633744856,0.012345679012345678,0.012345679012345678,0.012345679012345678,0.37037037037037035,2.0987654320987654,1.316872427983539,False,False,,False,,False,,False
Matteo Gabbia,2024-2025,26,24,2152,23.9,2,0,2,2,0,0,4,0,1.1,1.1,0.2,1.3,13,74,2,24,Milan,ITA,DF,Defender,1,1,False,0.08368200836820085,0.0,0.08368200836820085,0.04602510460251047,0.008368200836820085,0.04602510460251047,0.5439330543933055,3.0962343096234313,0.08368200836820085,False,False,,False,,False,,False
Kialonda,2024-2025,24,24,2144,23.8,0,1,1,0,0,0,3,0,1.1,1.1,0.4,1.6,4,34,5,26,Lecce,ANG,DF,Defender,1,1,False,0.0,0.04201680672268907,0.04201680672268907,0.046218487394957986,0.01680672268907563,0.046218487394957986,0.1680672268907563,1.4285714285714286,0.21008403361344538,False,False,,False,,False,,False
Federico Dimarco,2024-2025,32,28,2140,23.8,4,7,11,4,0,0,3,0,3.3,3.3,6.1,9.5,47,83,232,26,Inter,ITA,"DF,FW",Defender,2,1,False,0.1680672268907563,0.29411764705882354,0.4621848739495798,0.13865546218487393,0.25630252100840334,0.13865546218487393,1.9747899159663864,3.4873949579831933,9.747899159663865,False,True,,False,,False,,False
Koni De Winter,2024-2025,25,23,2135,23.7,3,0,3,3,0,0,6,0,2.1,2.1,0.2,2.3,10,56,10,22,Genoa,BEL,DF,Defender,1,1,False,0.12658227848101267,0.0,0.12658227848101267,0.08860759493670886,0.008438818565400845,0.08860759493670886,0.4219409282700422,2.3628691983122363,0.4219409282700422,False,False,,False,,False,,False
Pietro Comuzzo,2024-2025,32,23,2110,23.4,1,0,1,1,0,0,5,0,0.5,0.5,0.6,1.1,14,75,12,19,Fiorentina,ITA,DF,Defender,1,1,False,0.042735042735042736,0.0,0.042735042735042736,0.021367521367521368,0.02564102564102564,0.021367521367521368,0.5982905982905983,3.2051282051282053,0.5128205128205129,False,False,,False,,False,,False
Davide Zappacosta,2024-2025,30,26,2067,23.0,4,2,6,4,0,0,3,0,2.2,2.2,2.1,4.3,67,107,139,32,Atalanta,ITA,DF,Defender,1,1,False,0.17391304347826086,0.08695652173913043,0.2608695652173913,0.09565217391304348,0.09130434782608696,0.09565217391304348,2.9130434782608696,4.6521739130434785,6.043478260869565,False,False,,False,,False,,False
Stefano Sabelli,2024-2025,34,23,2058,22.9,0,2,2,0,0,0,3,0,0.1,0.1,1.9,2.1,36,88,43,31,Genoa,ITA,DF,Defender,1,1,False,0.0,0.08733624454148473,0.08733624454148473,0.0043668122270742364,0.08296943231441048,0.0043668122270742364,1.572052401746725,3.8427947598253276,1.8777292576419216,False,False,,False,,False,,False
Botond Balogh,2024-2025,29,23,2053,22.8,0,1,1,0,0,0,5,0,0.4,0.4,0.1,0.5,7,37,1,22,Parma,HUN,DF,Defender,1,1,False,0.0,0.043859649122807015,0.043859649122807015,0.017543859649122806,0.0043859649122807015,0.017543859649122806,0.30701754385964913,1.6228070175438596,0.043859649122807015,False,False,,False,,False,,False
Daniele Ghilardi,2024-2025,24,21,2029,22.5,0,0,0,0,0,0,7,1,0.6,0.6,0.2,0.8,16,57,7,21,Hellas Verona,ITA,DF,Defender,1,1,False,0.0,0.0,0.0,0.026666666666666665,0.008888888888888889,0.026666666666666665,0.7111111111111111,2.533333333333333,0.3111111111111111,False,False,,False,,False,,False
Hassane Kamara,2024-2025,30,25,2001,22.2,1,4,5,1,0,0,8,1,0.9,0.9,2.7,3.6,52,61,103,30,Udinese,CIV,DF,Defender,1,1,False,0.04504504504504505,0.1801801801801802,0.22522522522522523,0.04054054054054054,0.12162162162162163,0.04054054054054054,2.3423423423423424,2.7477477477477477,4.63963963963964,False,False,,False,,False,,False
Domagoj Bradarić,2024-2025,28,24,1933,21.5,1,0,1,1,0,0,6,0,0.8,0.8,2.2,3.0,30,46,83,24,Hellas Verona,CRO,DF,Defender,1,1,False,0.046511627906976744,0.0,0.046511627906976744,0.037209302325581395,0.10232558139534885,0.037209302325581395,1.3953488372093024,2.13953488372093,3.86046511627907,False,False,,False,,False,,False
Alessandro Buongiorno,2024-2025,22,22,1924,21.4,1,0,1,1,0,0,2,0,0.8,0.8,0.6,1.4,27,82,8,25,Napoli,ITA,DF,Defender,1,1,False,0.04672897196261683,0.0,0.04672897196261683,0.03738317757009346,0.028037383177570093,0.03738317757009346,1.2616822429906542,3.8317757009345796,0.3738317757009346,False,False,,False,,False,,False
Adam Masina,2024-2025,28,20,1919,21.3,1,2,3,1,0,0,5,0,0.7,0.7,0.3,1.0,15,73,10,30,Torino,MAR,DF,Defender,1,1,False,0.046948356807511735,0.09389671361502347,0.14084507042253522,0.03286384976525821,0.01408450704225352,0.03286384976525821,0.704225352112676,3.4272300469483565,0.4694835680751174,False,False,,False,,False,,False
Sead Kolašinac,2024-2025,23,23,1903,21.1,0,2,2,0,0,0,7,0,0.8,0.8,1.8,2.6,52,142,47,31,Atalanta,BIH,DF,Defender,1,1,False,0.0,0.0947867298578199,0.0947867298578199,0.037914691943127965,0.08530805687203791,0.037914691943127965,2.4644549763033172,6.729857819905213,2.2274881516587675,False,False,,False,,False,,False
Denzel Dumfries,2024-2025,28,19,1865,20.7,7,2,9,7,0,0,4,0,5.4,5.4,3.2,8.6,55,51,173,28,Inter,NED,"DF,FW",Defender,2,1,False,0.33816425120772947,0.0966183574879227,0.43478260869565216,0.26086956521739135,0.15458937198067635,0.26086956521739135,2.6570048309178746,2.4637681159420293,8.357487922705314,False,True,,False,,False,,False
Strahinja Pavlović,2024-2025,24,21,1864,20.7,2,1,3,2,0,0,3,1,1.8,1.8,1.1,2.9,40,94,10,23,Milan,SRB,DF,Defender,1,1,False,0.0966183574879227,0.04830917874396135,0.14492753623188406,0.08695652173913045,0.053140096618357495,0.08695652173913045,1.9323671497584543,4.541062801932367,0.48309178743961356,False,False,,False,,False,,False
Paweł Dawidowicz,2024-2025,26,24,1845,20.5,0,0,0,0,0,0,7,1,0.3,0.3,0.0,0.3,10,39,3,29,Hellas Verona,POL,"DF,MF",Defender,2,1,False,0.0,0.0,0.0,0.014634146341463414,0.0,0.014634146341463414,0.4878048780487805,1.9024390243902438,0.14634146341463414,False,False,,False,,False,,False
Sebastian Walukiewicz,2024-2025,31,22,1841,20.5,0,0,0,0,0,0,6,0,0.4,0.4,0.4,0.7999999999999999,27,88,34,24,MULTI:Empoli|Torino,POL,DF,Defender,1,2,True,0.0,0.0,0.0,0.01951219512195122,0.01951219512195122,0.01951219512195122,1.3170731707317074,4.2926829268292686,1.6585365853658536,False,False,,False,,False,,False
Patrick Dorgu,2024-2025,21,21,1840,20.4,3,1,4,3,0,0,2,1,3.3,3.3,1.5,4.8,68,54,117,19,Lecce,DEN,"DF,FW",Defender,2,1,False,0.14705882352941177,0.04901960784313726,0.19607843137254904,0.16176470588235295,0.07352941176470588,0.16176470588235295,3.3333333333333335,2.647058823529412,5.735294117647059,False,False,,False,,False,,False
Alberto Dossena,2024-2025,23,20,1825,20.3,0,2,2,0,0,0,1,1,0.8,0.8,0.7,1.5,4,36,1,25,Como,ITA,DF,Defender,1,1,False,0.0,0.09852216748768472,0.09852216748768472,0.03940886699507389,0.034482758620689655,0.03940886699507389,0.19704433497536944,1.773399014778325,0.04926108374384236,False,False,,False,,False,,False
Mërgim Vojvoda,2024-2025,28,20,1822,20.3,1,2,3,1,0,0,6,0,0.6000000000000001,0.6000000000000001,2.4,3.0999999999999996,34,107,74,29,MULTI:Como|Torino,KVX,DF,Defender,1,2,True,0.04926108374384236,0.09852216748768472,0.14778325123152708,0.02955665024630542,0.11822660098522167,0.02955665024630542,1.6748768472906403,5.270935960591133,3.645320197044335,False,False,,False,,False,,False
Malick Thiaw,2024-2025,22,19,1806,20.1,0,0,0,0,0,0,2,0,0.6,0.6,0.1,0.7,12,89,1,22,Milan,GER,DF,Defender,1,1,False,0.0,0.0,0.0,0.029850746268656712,0.004975124378109453,0.029850746268656712,0.5970149253731343,4.4278606965174125,0.04975124378109452,False,False,,False,,False,,False
Matteo Darmian,2024-2025,29,20,1781,19.8,3,2,5,3,0,0,3,0,1.9,1.9,1.5,3.5,14,45,102,34,Inter,ITA,DF,Defender,1,1,False,0.15151515151515152,0.10101010101010101,0.25252525252525254,0.09595959595959595,0.07575757575757576,0.09595959595959595,0.7070707070707071,2.2727272727272725,5.151515151515151,False,True,,False,,False,,False
Thomas Kristensen,2024-2025,24,19,1754,19.5,1,0,1,1,0,0,5,0,0.9,0.9,0.3,1.2,19,76,19,22,Udinese,DEN,DF,Defender,1,1,False,0.05128205128205128,0.0,0.05128205128205128,0.046153846153846156,0.015384615384615384,0.046153846153846156,0.9743589743589743,3.8974358974358974,0.9743589743589743,False,False,,False,,False,,False
Matteo Ruggeri,2024-2025,30,19,1751,19.5,0,3,3,0,0,0,2,0,0.2,0.2,2.0,2.2,60,114,104,22,Atalanta,ITA,DF,Defender,1,1,False,0.0,0.15384615384615385,0.15384615384615385,0.010256410256410256,0.10256410256410256,0.010256410256410256,3.076923076923077,5.846153846153846,5.333333333333333,False,False,,False,,False,,False
Alberto Moreno,2024-2025,24,21,1727,19.2,0,0,0,0,0,0,4,0,0.4,0.4,1.2,1.6,23,81,58,32,Como,ESP,DF,Defender,1,1,False,0.0,0.0,0.0,0.020833333333333336,0.0625,0.020833333333333336,1.1979166666666667,4.21875,3.0208333333333335,False,False,,False,,False,,False
Nicolò Savona,2024-2025,28,19,1724,19.2,2,1,3,2,0,0,5,0,0.5,0.5,1.2,1.7,35,59,44,21,Juventus,ITA,DF,Defender,1,1,False,0.10416666666666667,0.052083333333333336,0.15625,0.026041666666666668,0.0625,0.026041666666666668,1.8229166666666667,3.072916666666667,2.291666666666667,False,False,,False,,False,,False
Francesco Acerbi,2024-2025,23,20,1710,19.0,0,1,1,0,0,0,0,0,0.4,0.4,0.6,1.0,19,62,22,36,Inter,ITA,DF,Defender,1,1,False,0.0,0.05263157894736842,0.05263157894736842,0.021052631578947368,0.031578947368421054,0.021052631578947368,1.0,3.263157894736842,1.1578947368421053,False,True,,False,,False,,False
Nuno Tavares,2024-2025,23,22,1686,18.7,0,8,8,0,0,0,4,1,1.1,1.1,4.8,5.9,98,111,100,24,Lazio,POR,DF,Defender,1,1,False,0.0,0.42780748663101603,0.42780748663101603,0.05882352941176471,0.25668449197860965,0.05882352941176471,5.240641711229947,5.935828877005348,5.347593582887701,False,False,,False,,False,,False
Oumar Solet,2024-2025,19,19,1672,18.6,1,2,3,1,0,0,3,1,0.8,0.8,1.2,2.0,20,65,6,24,Udinese,FRA,DF,Defender,1,1,False,0.05376344086021505,0.1075268817204301,0.16129032258064516,0.04301075268817204,0.06451612903225806,0.04301075268817204,1.075268817204301,3.494623655913978,0.3225806451612903,False,False,,False,,False,,False
Francesco Zampano,2024-2025,24,17,1639,18.2,1,2,3,1,0,0,5,0,1.0,1.0,0.8,1.8,42,41,85,30,Venezia,ITA,DF,Defender,1,1,False,0.054945054945054944,0.10989010989010989,0.16483516483516483,0.054945054945054944,0.04395604395604396,0.054945054945054944,2.307692307692308,2.2527472527472527,4.670329670329671,False,False,,False,,False,,False
Timothy Weah,2024-2025,30,18,1638,18.2,5,2,7,5,0,0,4,0,3.4,3.4,1.6,5.1,45,56,120,24,Juventus,USA,"DF,FW",Defender,2,1,False,0.27472527472527475,0.10989010989010989,0.38461538461538464,0.18681318681318682,0.08791208791208792,0.18681318681318682,2.4725274725274726,3.076923076923077,6.593406593406594,False,False,,False,,False,,False
Stefan de Vrij,2024-2025,25,17,1636,18.2,3,0,3,3,0,0,2,0,1.1,1.1,0.0,1.1,11,76,5,32,Inter,NED,DF,Defender,1,1,False,0.16483516483516483,0.0,0.16483516483516483,0.06043956043956045,0.0,0.06043956043956045,0.6043956043956045,4.175824175824176,0.27472527472527475,False,True,,False,,False,,False
Carlos Augusto,2024-2025,28,15,1625,18.1,3,2,5,3,0,0,1,0,2.8,2.8,1.6,4.4,31,80,83,25,Inter,BRA,DF,Defender,1,1,False,0.16574585635359115,0.11049723756906077,0.2762430939226519,0.15469613259668505,0.08839779005524862,0.15469613259668505,1.7127071823204418,4.41988950276243,4.585635359116022,False,True,,False,,False,,False
Fikayo Tomori,2024-2025,22,19,1593,17.7,0,1,1,0,0,0,4,1,0.1,0.1,0.7,0.8,8,63,3,26,Milan,ENG,DF,Defender,1,1,False,0.0,0.05649717514124294,0.05649717514124294,0.005649717514124295,0.03954802259887005,0.005649717514124295,0.4519774011299435,3.5593220338983054,0.16949152542372883,False,False,,False,,False,,False
Cristiano Biraghi,2024-2025,23,18,1591,17.7,1,0,1,1,0,0,1,0,0.7,0.7,3.0,3.6,27,51,66,31,MULTI:Fiorentina|Torino,ITA,DF,Defender,1,2,True,0.05649717514124294,0.0,0.05649717514124294,0.03954802259887005,0.16949152542372883,0.03954802259887005,1.5254237288135595,2.88135593220339,3.728813559322034,False,False,,False,,False,,False
Benjamin Pavard,2024-2025,23,18,1584,17.6,0,1,1,0,0,0,4,0,0.5,0.5,0.8,1.3,13,92,26,28,Inter,FRA,DF,Defender,1,1,False,0.0,0.056818181818181816,0.056818181818181816,0.028409090909090908,0.045454545454545456,0.028409090909090908,0.7386363636363635,5.227272727272727,1.477272727272727,False,True,,False,,False,,False
Lautaro Valenti,2024-2025,20,18,1556,17.3,1,0,1,1,0,0,6,1,0.2,0.2,0.2,0.4,3,28,3,25,Parma,ARG,DF,Defender,1,1,False,0.057803468208092484,0.0,0.057803468208092484,0.011560693641618497,0.011560693641618497,0.011560693641618497,0.17341040462427745,1.6184971098265895,0.17341040462427745,False,False,,False,,False,,False
Yann Aurel Bisseck,2024-2025,26,16,1553,17.3,3,2,5,3,0,0,4,0,2.6,2.6,0.9,3.4,32,93,44,23,Inter,GER,DF,Defender,1,1,False,0.17341040462427745,0.11560693641618497,0.2890173410404624,0.15028901734104047,0.05202312138728324,0.15028901734104047,1.8497109826589595,5.375722543352601,2.5433526011560694,False,True,,False,,False,,False
Fali Candé,2024-2025,17,17,1530,17.0,1,1,2,1,0,0,4,0,1.1,1.1,0.6,1.7,5,47,3,26,Venezia,GNB,DF,Defender,1,1,False,0.058823529411764705,0.058823529411764705,0.11764705882352941,0.06470588235294118,0.03529411764705882,0.06470588235294118,0.29411764705882354,2.764705882352941,0.17647058823529413,False,False,,False,,False,,False
Alessio Zerbin,2024-2025,20,17,1520,16.9,1,1,2,1,0,0,4,0,1.9,1.9,2.1,3.9,53,54,70,25,MULTI:Napoli|Venezia,ITA,"DF,FW",Defender,2,2,True,0.0591715976331361,0.0591715976331361,0.1183431952662722,0.11242603550295859,0.12426035502958581,0.11242603550295859,3.1360946745562135,3.1952662721893494,4.142011834319527,False,False,,False,,False,,False
Leonardo Spinazzola,2024-2025,27,17,1517,16.9,1,1,2,1,0,0,1,0,0.8,0.8,3.5,4.2,83,88,81,31,Napoli,ITA,"DF,FW",Defender,2,1,False,0.0591715976331361,0.0591715976331361,0.1183431952662722,0.04733727810650888,0.20710059171597636,0.04733727810650888,4.9112426035502965,5.207100591715977,4.792899408284024,False,False,,False,,False,,False
Mattia Bani,2024-2025,20,19,1507,16.7,0,0,0,0,0,0,3,0,1.2,1.2,0.2,1.4,6,25,3,30,Genoa,ITA,DF,Defender,1,1,False,0.0,0.0,0.0,0.0718562874251497,0.011976047904191617,0.0718562874251497,0.3592814371257485,1.4970059880239521,0.17964071856287425,False,False,,False,,False,,False
Alessandro Vogliacco,2024-2025,22,18,1487,16.5,2,0,2,2,0,0,5,0,1.4000000000000001,1.4000000000000001,0.1,1.5999999999999999,11,47,2,25,MULTI:Genoa|Parma,ITA,DF,Defender,1,2,True,0.12121212121212122,0.0,0.12121212121212122,0.08484848484848485,0.006060606060606061,0.08484848484848485,0.6666666666666666,2.8484848484848486,0.12121212121212122,False,False,,False,,False,,False
Alexis Saelemaekers,2024-2025,23,18,1479,16.4,7,3,10,7,0,0,4,0,2.5,2.5,2.7,5.199999999999999,46,57,149,25,MULTI:Milan|Roma,BEL,"DF,FW",Defender,2,2,True,0.426829268292683,0.1829268292682927,0.6097560975609757,0.15243902439024393,0.16463414634146345,0.15243902439024393,2.804878048780488,3.4756097560975614,9.085365853658537,False,False,,False,,False,,False
Samuele Birindelli,2024-2025,21,18,1468,16.3,3,0,3,3,0,0,2,0,2.1,2.1,1.4,3.5,40,35,100,25,Monza,ITA,"DF,MF",Defender,2,1,False,0.18404907975460122,0.0,0.18404907975460122,0.12883435582822086,0.08588957055214723,0.12883435582822086,2.4539877300613497,2.147239263803681,6.134969325153374,False,False,,False,,False,,False
Darko Lazović,2024-2025,27,17,1459,16.2,2,3,5,1,1,1,0,0,2.5,1.7,3.4,5.1,22,40,88,33,Hellas Verona,SRB,"DF,MF",Defender,2,1,False,0.1234567901234568,0.1851851851851852,0.308641975308642,0.154320987654321,0.20987654320987656,0.10493827160493828,1.3580246913580247,2.469135802469136,5.432098765432099,False,False,,False,,False,,False
Jordan Zemura,2024-2025,23,13,1415,15.7,1,2,3,1,0,0,2,0,1.0,1.0,1.0,2.0,25,42,76,24,Udinese,ZIM,DF,Defender,1,1,False,0.06369426751592357,0.12738853503184713,0.1910828025477707,0.06369426751592357,0.06369426751592357,0.06369426751592357,1.5923566878980893,2.67515923566879,4.840764331210191,False,False,,False,,False,,False
Manuel Lazzari,2024-2025,25,16,1406,15.6,0,1,1,0,0,0,3,0,0.1,0.1,1.3,1.4,72,66,96,30,Lazio,ITA,DF,Defender,1,1,False,0.0,0.06410256410256411,0.06410256410256411,0.006410256410256411,0.08333333333333334,0.006410256410256411,4.615384615384616,4.230769230769231,6.153846153846154,False,False,,False,,False,,False
Gaby Jean,2024-2025,19,16,1388,15.4,0,0,0,0,0,0,0,0,0.1,0.1,0.1,0.2,8,42,3,24,Lecce,FRA,DF,Defender,1,1,False,0.0,0.0,0.0,0.006493506493506494,0.006493506493506494,0.006493506493506494,0.5194805194805194,2.727272727272727,0.19480519480519481,False,False,,False,,False,,False
Emerson,2024-2025,17,16,1377,15.3,0,0,0,0,0,0,5,0,0.4,0.4,0.7,1.1,23,68,71,25,Milan,BRA,DF,Defender,1,1,False,0.0,0.0,0.0,0.026143790849673203,0.0457516339869281,0.026143790849673203,1.5032679738562091,4.444444444444445,4.640522875816993,False,False,,False,,False,,False
Ridgeciano Haps,2024-2025,25,14,1369,15.2,1,1,2,1,0,0,3,0,1.2,1.2,0.7,1.9,26,52,47,31,Venezia,SUR,DF,Defender,1,1,False,0.06578947368421052,0.06578947368421052,0.13157894736842105,0.07894736842105263,0.046052631578947366,0.07894736842105263,1.7105263157894737,3.4210526315789473,3.0921052631578947,False,False,,False,,False,,False
Marcus Pedersen,2024-2025,29,15,1362,15.1,0,0,0,0,0,0,3,0,0.6,0.6,0.4,1.0,44,19,77,24,Torino,NOR,DF,Defender,1,1,False,0.0,0.0,0.0,0.039735099337748346,0.026490066225165566,0.039735099337748346,2.913907284768212,1.2582781456953642,5.099337748344371,False,False,,False,,False,,False
Michael Svoboda,2024-2025,16,15,1314,14.6,1,0,1,1,0,0,1,0,0.2,0.2,0.6,0.8,13,43,5,25,Venezia,AUT,DF,Defender,1,1,False,0.0684931506849315,0.0,0.0684931506849315,0.013698630136986302,0.0410958904109589,0.013698630136986302,0.8904109589041096,2.945205479452055,0.3424657534246575,False,False,,False,,False,,False
Marin Pongračić,2024-2025,19,14,1292,14.4,0,0,0,0,0,0,3,1,0.2,0.2,0.2,0.4,7,34,5,26,Fiorentina,CRO,DF,Defender,1,1,False,0.0,0.0,0.0,0.01388888888888889,0.01388888888888889,0.01388888888888889,0.4861111111111111,2.361111111111111,0.3472222222222222,False,False,,False,,False,,False
Alejandro Jiménez,2024-2025,22,14,1266,14.1,0,1,1,0,0,0,6,0,0.8,0.8,1.3,2.1,55,37,72,19,Milan,ESP,"DF,FW",Defender,2,1,False,0.0,0.07092198581560284,0.07092198581560284,0.056737588652482275,0.0921985815602837,0.056737588652482275,3.900709219858156,2.624113475177305,5.1063829787234045,False,False,,False,,False,,False
Ignace Van Der Brempt,2024-2025,20,14,1257,14.0,0,1,1,0,0,0,3,0,0.5,0.5,0.5,0.9,19,42,34,22,Como,BEL,DF,Defender,1,1,False,0.0,0.07142857142857142,0.07142857142857142,0.03571428571428571,0.03571428571428571,0.03571428571428571,1.3571428571428572,3.0,2.4285714285714284,False,False,,False,,False,,False
Antoine Hainaut,2024-2025,25,10,1206,13.4,2,0,2,2,0,0,4,0,0.8,0.8,1.0,1.8,22,34,37,22,Parma,FRA,"DF,FW",Defender,2,1,False,0.14925373134328357,0.0,0.14925373134328357,0.05970149253731343,0.07462686567164178,0.05970149253731343,1.6417910447761193,2.5373134328358207,2.761194029850746,False,False,,False,,False,,False
Giovanni Leoni,2024-2025,17,14,1199,13.3,1,0,1,1,0,0,3,1,0.1,0.1,0.0,0.1,0,21,5,17,Parma,ITA,DF,Defender,1,1,False,0.07518796992481203,0.0,0.07518796992481203,0.007518796992481203,0.0,0.007518796992481203,0.0,1.5789473684210527,0.37593984962406013,False,False,,False,,False,,False
Borna Sosa,2024-2025,19,14,1181,13.1,0,0,0,0,0,0,0,0,0.3,0.3,0.7,1.0,13,51,49,26,Torino,CRO,DF,Defender,1,1,False,0.0,0.0,0.0,0.022900763358778626,0.05343511450381679,0.022900763358778626,0.9923664122137404,3.8931297709923665,3.740458015267176,False,False,,False,,False,,False
Christian Kabasele,2024-2025,16,12,1161,12.9,2,0,2,2,0,0,0,0,1.5,1.5,0.4,1.9,9,44,7,33,Udinese,BEL,DF,Defender,1,1,False,0.15503875968992248,0.0,0.15503875968992248,0.11627906976744186,0.031007751937984496,0.11627906976744186,0.6976744186046512,3.4108527131782944,0.5426356589147286,False,False,,False,,False,,False
Emil Holm,2024-2025,21,12,1137,12.6,1,1,2,1,0,0,3,0,0.6,0.6,0.7,1.3,29,49,43,24,Bologna,SWE,DF,Defender,1,1,False,0.07936507936507936,0.07936507936507936,0.15873015873015872,0.047619047619047616,0.05555555555555555,0.047619047619047616,2.301587301587302,3.888888888888889,3.412698412698413,False,False,,False,,False,,False
Nicolás Valentini,2024-2025,14,13,1129,12.5,0,0,0,0,0,0,5,1,0.3,0.3,0.8,1.2,4,42,1,23,Hellas Verona,ARG,DF,Defender,1,1,False,0.0,0.0,0.0,0.024,0.064,0.024,0.32,3.36,0.08,False,False,,False,,False,,False
Odilon Kossounou,2024-2025,18,12,1125,12.5,0,0,0,0,0,0,1,0,0.5,0.5,0.0,0.6,13,46,14,23,Atalanta,CIV,DF,Defender,1,1,False,0.0,0.0,0.0,0.04,0.0,0.04,1.04,3.68,1.12,False,False,,False,,False,,False
Joël Schingtienne,2024-2025,16,12,1122,12.5,0,0,0,0,0,0,2,0,0.0,0.0,0.1,0.1,5,28,4,21,Venezia,BEL,DF,Defender,1,1,False,0.0,0.0,0.0,0.0,0.008,0.0,0.4,2.24,0.32,False,False,,False,,False,,False
Marin Šverko,2024-2025,16,12,1117,12.4,1,0,1,1,0,0,3,0,0.3,0.3,0.3,0.7,8,38,1,26,Venezia,CRO,DF,Defender,1,1,False,0.08064516129032258,0.0,0.08064516129032258,0.024193548387096774,0.024193548387096774,0.024193548387096774,0.6451612903225806,3.064516129032258,0.08064516129032258,False,False,,False,,False,,False
Stefan Posch,2024-2025,19,11,1101,12.2,0,0,0,0,0,0,1,0,0.5,0.5,0.7,1.2,16,59,40,27,MULTI:Atalanta|Bologna,AUT,DF,Defender,1,2,True,0.0,0.0,0.0,0.04098360655737705,0.05737704918032787,0.04098360655737705,1.3114754098360657,4.836065573770492,3.278688524590164,False,False,,False,,False,,False
Stephan El Shaarawy,2024-2025,31,12,1098,12.2,3,4,7,3,0,0,2,0,2.7,2.7,1.2,3.9,42,49,77,31,Roma,ITA,"DF,MF",Defender,2,1,False,0.24590163934426232,0.3278688524590164,0.5737704918032788,0.2213114754098361,0.09836065573770492,0.2213114754098361,3.4426229508196724,4.016393442622951,6.311475409836066,False,False,,False,,False,,False
Danilo D'Ambrosio,2024-2025,20,12,1095,12.2,0,1,1,0,0,0,2,1,0.5,0.5,0.4,0.9,10,34,16,35,Monza,ITA,DF,Defender,1,1,False,0.0,0.0819672131147541,0.0819672131147541,0.04098360655737705,0.03278688524590164,0.04098360655737705,0.819672131147541,2.7868852459016393,1.3114754098360657,False,False,,False,,False,,False
Renato Veiga,2024-2025,13,12,1093,12.1,0,1,1,0,0,0,2,0,1.0,1.0,0.1,1.1,9,40,0,21,Juventus,POR,DF,Defender,1,1,False,0.0,0.08264462809917356,0.08264462809917356,0.08264462809917356,0.008264462809917356,0.08264462809917356,0.7438016528925621,3.3057851239669422,0.0,False,False,,False,,False,,False
Woyo Coulibaly,2024-2025,14,12,1084,12.0,0,1,1,0,0,0,1,1,0.1,0.1,0.9,1.1,36,41,23,25,Parma,MLI,DF,Defender,1,1,False,0.0,0.08333333333333333,0.08333333333333333,0.008333333333333333,0.075,0.008333333333333333,3.0,3.4166666666666665,1.9166666666666667,False,False,,False,,False,,False
José Luis Palomino,2024-2025,18,10,1081,12.0,1,0,1,1,0,0,3,0,0.5,0.5,0.0,0.5,4,35,1,34,Cagliari,ARG,DF,Defender,1,1,False,0.08333333333333333,0.0,0.08333333333333333,0.041666666666666664,0.0,0.041666666666666664,0.3333333333333333,2.9166666666666665,0.08333333333333333,False,False,,False,,False,,False
Adam Obert,2024-2025,21,13,1077,12.0,1,1,2,1,0,0,4,0,0.9,0.9,0.4,1.3,12,50,19,21,Cagliari,SVK,DF,Defender,1,1,False,0.08333333333333333,0.08333333333333333,0.16666666666666666,0.075,0.03333333333333333,0.075,1.0,4.166666666666667,1.5833333333333333,False,False,,False,,False,,False
Juan Jesus,2024-2025,15,12,1074,11.9,0,1,1,0,0,0,2,0,0.3,0.3,0.0,0.4,3,50,2,33,Napoli,BRA,DF,Defender,1,1,False,0.0,0.08403361344537814,0.08403361344537814,0.025210084033613443,0.0,0.025210084033613443,0.25210084033613445,4.201680672268908,0.1680672268907563,False,False,,False,,False,,False
Luca Marianucci,2024-2025,18,12,1069,11.9,0,0,0,0,0,0,0,1,0.6,0.6,0.2,0.8,12,28,3,20,Empoli,ITA,DF,Defender,1,1,False,0.0,0.0,0.0,0.050420168067226885,0.01680672268907563,0.050420168067226885,1.0084033613445378,2.3529411764705883,0.25210084033613445,False,False,,False,,False,,False
Luca Pellegrini,2024-2025,22,10,1067,11.9,0,4,4,0,0,0,5,0,0.7,0.7,1.8,2.4,21,72,61,25,Lazio,ITA,DF,Defender,1,1,False,0.0,0.3361344537815126,0.3361344537815126,0.0588235294117647,0.15126050420168066,0.0588235294117647,1.7647058823529411,6.050420168067227,5.126050420168067,False,False,,False,,False,,False
Giangiacomo Magnani,2024-2025,17,11,1065,11.8,1,0,1,1,0,0,2,0,1.1,1.1,0.0,1.2,4,31,7,28,Hellas Verona,ITA,DF,Defender,1,1,False,0.0847457627118644,0.0,0.0847457627118644,0.09322033898305085,0.0,0.09322033898305085,0.3389830508474576,2.6271186440677963,0.5932203389830508,False,False,,False,,False,,False
Lorenzo De Silvestri,2024-2025,18,13,1060,11.8,1,0,1,1,0,0,1,0,0.8,0.8,0.3,1.1,4,46,30,36,Bologna,ITA,DF,Defender,1,1,False,0.0847457627118644,0.0,0.0847457627118644,0.06779661016949153,0.02542372881355932,0.06779661016949153,0.3389830508474576,3.8983050847457625,2.542372881355932,False,False,,False,,False,,False
Fabiano Parisi,2024-2025,25,11,1049,11.7,2,0,2,2,0,0,3,0,0.5,0.5,0.8,1.3,25,40,35,23,Fiorentina,ITA,"DF,MF",Defender,2,1,False,0.17094017094017094,0.0,0.17094017094017094,0.042735042735042736,0.06837606837606838,0.042735042735042736,2.1367521367521367,3.418803418803419,2.9914529914529915,False,False,,False,,False,,False
Charalampos Lykogiannis,2024-2025,17,12,1048,11.6,0,4,4,0,0,0,3,0,0.2,0.2,1.6,1.8,10,49,36,30,Bologna,GRE,DF,Defender,1,1,False,0.0,0.3448275862068966,0.3448275862068966,0.017241379310344827,0.13793103448275862,0.017241379310344827,0.8620689655172414,4.224137931034483,3.103448275862069,False,False,,False,,False,,False
Nicolò Casale,2024-2025,17,11,1035,11.5,0,1,1,0,0,0,1,0,0.5,0.5,0.5,0.9,3,35,2,26,MULTI:Bologna|Lazio,ITA,DF,Defender,1,2,True,0.0,0.08695652173913043,0.08695652173913043,0.043478260869565216,0.043478260869565216,0.043478260869565216,0.2608695652173913,3.0434782608695654,0.17391304347826086,False,False,,False,,False,,False
Álex Valle,2024-2025,15,12,1030,11.4,0,0,0,0,0,0,2,0,0.3,0.3,0.7,1.0,19,44,30,20,Como,ESP,DF,Defender,1,1,False,0.0,0.0,0.0,0.02631578947368421,0.06140350877192982,0.02631578947368421,1.6666666666666665,3.8596491228070176,2.631578947368421,False,False,,False,,False,,False
Lloyd Kelly,2024-2025,12,11,1013,11.3,0,0,0,0,0,0,1,0,0.4,0.4,0.1,0.5,10,36,26,25,Juventus,ENG,DF,Defender,1,1,False,0.0,0.0,0.0,0.035398230088495575,0.008849557522123894,0.035398230088495575,0.8849557522123893,3.1858407079646014,2.3008849557522124,False,False,,False,,False,,False
Antonio Candela,2024-2025,14,12,1008,11.2,0,1,1,0,0,0,2,0,0.3,0.3,0.8,1.2,12,27,25,24,Venezia,ITA,DF,Defender,1,1,False,0.0,0.08928571428571429,0.08928571428571429,0.026785714285714288,0.07142857142857144,0.026785714285714288,1.0714285714285714,2.410714285714286,2.232142857142857,False,False,,False,,False,,False
Flavius Daniliuc,2024-2025,18,9,1004,11.2,0,0,0,0,0,0,0,0,0.1,0.1,0.1,0.2,8,38,8,23,Hellas Verona,AUT,DF,Defender,1,1,False,0.0,0.0,0.0,0.00892857142857143,0.00892857142857143,0.00892857142857143,0.7142857142857143,3.3928571428571432,0.7142857142857143,False,False,,False,,False,,False
Nicola Zalewski,2024-2025,23,8,968,10.7,1,1,2,1,0,0,4,0,0.5,0.5,2.5,3.0,60,35,101,22,MULTI:Inter|Roma,POL,"DF,FW,MF",Defender,3,2,True,0.09345794392523366,0.09345794392523366,0.1869158878504673,0.04672897196261683,0.23364485981308414,0.04672897196261683,5.607476635514019,3.2710280373831777,9.439252336448599,False,True,,False,,False,,False
Davide Calabria,2024-2025,18,11,948,10.5,0,1,1,0,0,0,3,0,0.4,0.4,1.5,1.9,15,64,51,27,MULTI:Bologna|Milan,ITA,DF,Defender,1,2,True,0.0,0.09523809523809523,0.09523809523809523,0.0380952380952381,0.14285714285714285,0.0380952380952381,1.4285714285714286,6.095238095238095,4.857142857142857,False,False,,False,,False,,False
Mats Hummels,2024-2025,14,11,915,10.2,0,0,0,0,0,0,1,0,0.5,0.5,0.1,0.5,4,26,1,35,Roma,GER,DF,Defender,1,1,False,0.0,0.0,0.0,0.04901960784313726,0.009803921568627453,0.04901960784313726,0.3921568627450981,2.5490196078431375,0.09803921568627452,False,False,,False,,False,,False
Alan Matturro,2024-2025,13,9,900,10.0,0,0,0,0,0,0,2,0,0.2,0.2,0.2,0.4,12,15,9,19,Genoa,URU,DF,Defender,1,1,False,0.0,0.0,0.0,0.02,0.02,0.02,1.2,1.5,0.9,False,False,,False,,False,,False
Lautaro Gianetti,2024-2025,15,11,878,9.8,1,0,1,1,0,0,4,0,0.1,0.0,0.1,0.1,0,19,3,30,Udinese,ARG,DF,Defender,1,1,False,0.1020408163265306,0.0,0.1020408163265306,0.01020408163265306,0.01020408163265306,0.0,0.0,1.9387755102040816,0.3061224489795918,False,False,,False,,False,,False
Luca Caldirola,2024-2025,14,10,876,9.7,0,0,0,0,0,0,5,0,0.3,0.3,0.1,0.4,5,22,4,33,Monza,ITA,DF,Defender,1,1,False,0.0,0.0,0.0,0.030927835051546393,0.010309278350515465,0.030927835051546393,0.5154639175257733,2.2680412371134024,0.4123711340206186,False,False,,False,,False,,False
Juan Cuadrado,2024-2025,23,7,832,9.2,0,2,2,0,0,0,3,0,0.9,0.9,2.0,2.9,41,64,90,36,Atalanta,COL,"DF,MF",Defender,2,1,False,0.0,0.2173913043478261,0.2173913043478261,0.09782608695652174,0.2173913043478261,0.09782608695652174,4.4565217391304355,6.9565217391304355,9.782608695652174,False,False,,False,,False,,False
Mattia De Sciglio,2024-2025,16,7,769,8.5,1,0,1,1,0,0,0,0,0.6,0.6,0.2,0.8,4,18,7,31,Empoli,ITA,DF,Defender,1,1,False,0.11764705882352941,0.0,0.11764705882352941,0.07058823529411765,0.023529411764705882,0.07058823529411765,0.47058823529411764,2.1176470588235294,0.8235294117647058,False,False,,False,,False,,False
Giorgio Altare,2024-2025,12,8,753,8.4,0,0,0,0,0,0,2,0,0.2,0.2,0.1,0.3,4,20,5,25,Venezia,ITA,DF,Defender,1,1,False,0.0,0.0,0.0,0.023809523809523808,0.011904761904761904,0.023809523809523808,0.47619047619047616,2.380952380952381,0.5952380952380952,False,False,,False,,False,,False
Souleymane Touré,2024-2025,12,11,733,8.1,1,0,1,1,0,0,2,2,0.4,0.4,0.0,0.4,6,26,3,21,Udinese,FRA,DF,Defender,1,1,False,0.1234567901234568,0.0,0.1234567901234568,0.04938271604938272,0.0,0.04938271604938272,0.7407407407407408,3.2098765432098766,0.3703703703703704,False,False,,False,,False,,False
Brooke Norton-Cuffy,2024-2025,14,8,719,8.0,0,0,0,0,0,0,0,0,0.3,0.3,0.2,0.4,12,18,21,20,Genoa,ENG,"DF,FW",Defender,2,1,False,0.0,0.0,0.0,0.0375,0.025,0.0375,1.5,2.25,2.625,False,False,,False,,False,,False
Pasquale Mazzocchi,2024-2025,20,7,702,7.8,0,0,0,0,0,0,3,0,0.3,0.3,0.4,0.6,20,23,43,29,Napoli,ITA,"DF,FW",Defender,2,1,False,0.0,0.0,0.0,0.038461538461538464,0.05128205128205129,0.038461538461538464,2.5641025641025643,2.948717948717949,5.512820512820513,False,False,,False,,False,,False
Samuel Gigot,2024-2025,15,7,683,7.6,2,0,2,2,0,0,2,0,1.3,1.3,0.0,1.3,7,12,5,30,Lazio,FRA,DF,Defender,1,1,False,0.2631578947368421,0.0,0.2631578947368421,0.17105263157894737,0.0,0.17105263157894737,0.9210526315789475,1.5789473684210527,0.6578947368421053,False,False,,False,,False,,False
Kyle Walker,2024-2025,11,7,659,7.3,0,0,0,0,0,0,1,0,0.0,0.0,0.9,1.0,11,32,19,34,Milan,ENG,DF,Defender,1,1,False,0.0,0.0,0.0,0.0,0.12328767123287672,0.0,1.5068493150684932,4.383561643835616,2.6027397260273974,False,False,,False,,False,,False
Ivan Smolčić,2024-2025,9,7,630,7.0,0,0,0,0,0,0,2,0,0.4,0.4,0.1,0.6,3,23,9,23,Como,CRO,DF,Defender,1,1,False,0.0,0.0,0.0,0.05714285714285715,0.014285714285714287,0.05714285714285715,0.42857142857142855,3.2857142857142856,1.2857142857142858,False,False,,False,,False,,False
Rui Modesto,2024-2025,20,4,608,6.8,0,1,1,0,0,0,1,0,0.5,0.5,0.8,1.3,16,22,43,24,Udinese,ANG,"DF,MF",Defender,2,1,False,0.0,0.14705882352941177,0.14705882352941177,0.07352941176470588,0.11764705882352942,0.07352941176470588,2.3529411764705883,3.235294117647059,6.323529411764706,False,False,,False,,False,,False
Patric,2024-2025,10,5,607,6.7,1,0,1,1,0,0,2,0,1.1,1.1,0.0,1.1,4,30,5,31,Lazio,ESP,DF,Defender,1,1,False,0.14925373134328357,0.0,0.14925373134328357,0.16417910447761194,0.0,0.16417910447761194,0.5970149253731343,4.477611940298507,0.7462686567164178,False,False,,False,,False,,False
Danilo,2024-2025,12,6,581,6.5,0,1,1,0,0,0,2,0,0.1,0.1,0.4,0.5,16,45,7,33,Juventus,BRA,DF,Defender,1,1,False,0.0,0.15384615384615385,0.15384615384615385,0.015384615384615385,0.06153846153846154,0.015384615384615385,2.4615384615384617,6.923076923076923,1.0769230769230769,False,False,,False,,False,,False
Martin Frese,2024-2025,11,5,549,6.1,0,0,0,0,0,0,0,0,0.1,0.1,0.2,0.2,7,19,12,26,Hellas Verona,DEN,DF,Defender,1,1,False,0.0,0.0,0.0,0.01639344262295082,0.03278688524590164,0.01639344262295082,1.1475409836065575,3.114754098360656,1.9672131147540985,False,False,,False,,False,,False
Alessandro Circati,2024-2025,6,6,540,6.0,0,0,0,0,0,0,1,0,0.3,0.3,0.0,0.3,1,10,0,20,Parma,AUS,DF,Defender,1,1,False,0.0,0.0,0.0,0.049999999999999996,0.0,0.049999999999999996,0.16666666666666666,1.6666666666666667,0.0,False,False,,False,,False,,False
Gleison Bremer,2024-2025,6,6,540,6.0,0,0,0,0,0,0,2,0,0.1,0.1,0.0,0.1,2,21,0,27,Juventus,BRA,DF,Defender,1,1,False,0.0,0.0,0.0,0.016666666666666666,0.0,0.016666666666666666,0.3333333333333333,3.5,0.0,False,False,,False,,False,,False
Filippo Terracciano,2024-2025,13,6,539,6.0,0,0,0,0,0,0,3,0,0.2,0.2,0.1,0.3,5,14,9,21,Milan,ITA,"DF,MF",Defender,2,1,False,0.0,0.0,0.0,0.03333333333333333,0.016666666666666666,0.03333333333333333,0.8333333333333334,2.3333333333333335,1.5,False,False,,False,,False,,False
Devyne Rensch,2024-2025,14,5,469,5.2,0,1,1,0,0,0,0,0,0.3,0.3,0.8,1.0,2,14,25,21,Roma,NED,DF,Defender,1,1,False,0.0,0.1923076923076923,0.1923076923076923,0.05769230769230769,0.15384615384615385,0.05769230769230769,0.3846153846153846,2.692307692307692,4.8076923076923075,False,False,,False,,False,,False
Rafael Tolói,2024-2025,11,2,468,5.2,0,0,0,0,0,0,1,0,0.1,0.1,0.2,0.3,5,26,5,33,Atalanta,ITA,DF,Defender,1,1,False,0.0,0.0,0.0,0.019230769230769232,0.038461538461538464,0.019230769230769232,0.9615384615384615,5.0,0.9615384615384615,False,False,,False,,False,,False
Juan David Cabal,2024-2025,7,6,460,5.1,0,0,0,0,0,0,0,0,0.1,0.1,0.0,0.2,14,17,19,23,Juventus,COL,DF,Defender,1,1,False,0.0,0.0,0.0,0.019607843137254905,0.0,0.019607843137254905,2.7450980392156863,3.3333333333333335,3.7254901960784315,False,False,,False,,False,,False
Tomás Palacios,2024-2025,10,5,457,5.1,0,0,0,0,0,0,2,0,0.0,0.0,0.0,0.0,3,24,2,21,MULTI:Inter|Monza,ARG,DF,Defender,1,2,True,0.0,0.0,0.0,0.0,0.0,0.0,0.5882352941176471,4.705882352941177,0.3921568627450981,False,True,,False,,False,,False
Roberto Piccoli,2024-2025,37,37,3127,34.7,10,1,11,9,1,1,6,0,12.7,12.0,0.9,12.9,30,37,165,23,Cagliari,ITA,FW,Forward,1,1,False,0.2881844380403458,0.02881844380403458,0.31700288184438036,0.3659942363112391,0.02593659942363112,0.34582132564841495,0.8645533141210374,1.0662824207492794,4.7550432276657055,False,False,,False,,False,,False
Nikola Krstović,2024-2025,37,37,3057,34.0,11,5,16,9,2,3,6,0,12.1,9.7,2.9,12.6,42,56,149,24,Lecce,MNE,FW,Forward,1,1,False,0.3235294117647059,0.14705882352941177,0.47058823529411764,0.3558823529411765,0.08529411764705883,0.2852941176470588,1.2352941176470589,1.6470588235294117,4.382352941176471,False,False,,False,,False,,False
Andrea Pinamonti,2024-2025,36,33,2850,31.7,10,1,11,10,0,1,4,0,7.7,7.0,1.7,8.7,20,46,132,25,Genoa,ITA,FW,Forward,1,1,False,0.31545741324921134,0.031545741324921134,0.3470031545741325,0.24290220820189276,0.05362776025236593,0.22082018927444796,0.6309148264984227,1.4511041009463723,4.16403785488959,False,False,,False,,False,,False
Romelu Lukaku,2024-2025,36,35,2843,31.6,14,10,24,11,3,4,4,0,13.0,9.8,4.0,13.8,31,36,219,31,Napoli,BEL,FW,Forward,1,1,False,0.4430379746835443,0.3164556962025316,0.7594936708860759,0.4113924050632911,0.12658227848101264,0.310126582278481,0.9810126582278481,1.1392405063291138,6.930379746835443,False,False,,False,,False,,False
Matteo Politano,2024-2025,37,34,2804,31.2,3,4,7,3,0,0,3,0,3.1,3.1,4.8,7.9,135,129,278,30,Napoli,ITA,"FW,MF",Forward,2,1,False,0.09615384615384616,0.12820512820512822,0.22435897435897437,0.09935897435897437,0.15384615384615385,0.09935897435897437,4.326923076923077,4.134615384615385,8.91025641025641,False,False,,False,,False,,False
Mattia Zaccagni,2024-2025,34,33,2686,29.8,8,6,14,6,2,2,10,0,6.4,4.9,4.6,9.5,91,114,264,29,Lazio,ITA,FW,Forward,1,1,False,0.2684563758389262,0.20134228187919462,0.4697986577181208,0.21476510067114093,0.15436241610738252,0.1644295302013423,3.053691275167785,3.825503355704698,8.859060402684564,False,False,,False,,False,,False
Che Adams,2024-2025,36,30,2652,29.5,9,3,12,9,0,1,2,0,9.0,8.2,2.0,10.2,23,40,153,28,Torino,SCO,FW,Forward,1,1,False,0.3050847457627119,0.1016949152542373,0.4067796610169492,0.3050847457627119,0.06779661016949153,0.27796610169491526,0.7796610169491526,1.3559322033898304,5.186440677966102,False,False,,False,,False,,False
Gabriel Strefezza,2024-2025,37,32,2619,29.1,6,4,10,6,0,0,5,0,3.7,3.7,3.9,7.6,80,106,190,27,Como,BRA,"FW,MF",Forward,2,1,False,0.20618556701030927,0.1374570446735395,0.3436426116838488,0.12714776632302405,0.13402061855670103,0.12714776632302405,2.7491408934707904,3.642611683848797,6.529209621993127,False,False,,False,,False,,False
Moise Kean,2024-2025,31,30,2615,29.1,17,3,20,16,1,2,5,0,19.4,17.9,1.9,19.7,42,26,143,24,Fiorentina,ITA,FW,Forward,1,1,False,0.5841924398625429,0.10309278350515463,0.6872852233676976,0.6666666666666666,0.06529209621993126,0.6151202749140893,1.443298969072165,0.8934707903780068,4.914089347079037,False,False,,False,,False,,False
Ange-Yoan Bonny,2024-2025,37,30,2529,28.1,6,4,10,4,2,3,2,0,9.4,7.1,2.9,9.9,41,53,163,20,Parma,FRA,FW,Forward,1,1,False,0.21352313167259784,0.14234875444839856,0.3558718861209964,0.33451957295373663,0.10320284697508895,0.25266903914590744,1.4590747330960854,1.886120996441281,5.800711743772242,False,False,,False,,False,,False
Christian Pulisic,2024-2025,34,29,2478,27.5,11,9,20,8,3,4,1,0,12.0,8.9,6.4,15.2,121,105,191,25,Milan,USA,"FW,MF",Forward,2,1,False,0.4,0.32727272727272727,0.7272727272727273,0.43636363636363634,0.23272727272727273,0.32363636363636367,4.4,3.8181818181818183,6.945454545454545,False,False,,False,,False,,False
Lautaro Martínez,2024-2025,30,30,2474,27.5,12,3,15,12,0,0,1,0,13.5,13.5,4.3,17.8,34,68,197,26,Inter,ARG,FW,Forward,1,1,False,0.43636363636363634,0.10909090909090909,0.5454545454545454,0.4909090909090909,0.15636363636363634,0.4909090909090909,1.2363636363636363,2.4727272727272727,7.163636363636364,False,True,,False,,False,,False
Artem Dovbyk,2024-2025,32,27,2418,26.9,12,2,14,10,2,2,0,0,11.9,10.3,2.4,12.7,24,16,175,27,Roma,UKR,FW,Forward,1,1,False,0.446096654275093,0.07434944237918216,0.5204460966542751,0.44237918215613387,0.08921933085501858,0.38289962825278817,0.892193308550186,0.5947955390334573,6.505576208178439,False,False,,False,,False,,False
Kenan Yıldız,2024-2025,35,28,2402,26.7,7,4,11,7,0,0,2,1,4.3,4.3,5.0,9.3,115,121,223,19,Juventus,TUR,"FW,MF",Forward,2,1,False,0.2621722846441948,0.149812734082397,0.41198501872659177,0.16104868913857678,0.18726591760299627,0.16104868913857678,4.307116104868914,4.531835205992509,8.352059925093632,False,False,,False,,False,,False
Valentín Castellanos,2024-2025,29,28,2384,26.5,10,3,13,8,2,3,9,1,13.4,11.3,3.6,14.9,27,66,149,25,Lazio,ARG,FW,Forward,1,1,False,0.37735849056603776,0.11320754716981132,0.49056603773584906,0.5056603773584906,0.13584905660377358,0.42641509433962266,1.0188679245283019,2.490566037735849,5.622641509433962,False,False,,False,,False,,False
Mateo Retegui,2024-2025,36,32,2383,26.5,25,8,33,21,4,5,3,0,18.9,14.9,4.9,19.8,21,46,199,25,Atalanta,ITA,FW,Forward,1,1,False,0.9433962264150944,0.3018867924528302,1.2452830188679245,0.7132075471698113,0.1849056603773585,0.5622641509433962,0.7924528301886793,1.7358490566037736,7.509433962264151,False,False,,False,,False,,False
Lorenzo Lucca,2024-2025,33,27,2353,26.1,12,1,13,11,1,1,10,0,7.6,6.8,1.6,8.4,15,18,98,23,Udinese,ITA,FW,Forward,1,1,False,0.45977011494252873,0.038314176245210725,0.49808429118773945,0.2911877394636015,0.06130268199233716,0.26053639846743293,0.5747126436781609,0.689655172413793,3.754789272030651,False,False,,False,,False,,False
Sebastiano Esposito,2024-2025,33,27,2331,25.9,8,0,8,7,1,2,1,0,5.7,4.2,2.1,6.3,31,93,106,22,Empoli,ITA,"FW,MF",Forward,2,1,False,0.3088803088803089,0.0,0.3088803088803089,0.2200772200772201,0.08108108108108109,0.16216216216216217,1.196911196911197,3.590733590733591,4.0926640926640925,False,False,,False,,False,,False
Rafael Leão,2024-2025,34,25,2323,25.8,8,8,16,8,0,0,5,0,7.6,7.6,8.4,15.9,123,93,262,25,Milan,POR,FW,Forward,1,1,False,0.31007751937984496,0.31007751937984496,0.6201550387596899,0.2945736434108527,0.32558139534883723,0.2945736434108527,4.767441860465116,3.6046511627906974,10.155038759689923,False,False,,False,,False,,False
Gaetano Oristanio,2024-2025,37,29,2315,25.7,3,3,6,3,0,0,3,0,4.1,4.1,2.6,6.8,72,64,131,21,Venezia,ITA,"FW,MF",Forward,2,1,False,0.11673151750972763,0.11673151750972763,0.23346303501945526,0.15953307392996108,0.10116731517509728,0.15953307392996108,2.8015564202334633,2.490272373540856,5.09727626459144,False,False,,False,,False,,False
Santiago Castro,2024-2025,36,27,2294,25.5,8,4,12,8,0,1,7,0,7.7,6.9,2.9,9.8,17,39,136,19,Bologna,ARG,FW,Forward,1,1,False,0.3137254901960784,0.1568627450980392,0.47058823529411764,0.30196078431372547,0.11372549019607843,0.2705882352941177,0.6666666666666666,1.5294117647058822,5.333333333333333,False,False,,False,,False,,False
Lorenzo Colombo,2024-2025,37,26,2233,24.8,6,2,8,5,1,1,5,1,5.9,5.1,2.9,8.0,27,48,116,22,Empoli,ITA,"FW,MF",Forward,2,1,False,0.24193548387096772,0.08064516129032258,0.3225806451612903,0.23790322580645162,0.11693548387096774,0.20564516129032256,1.0887096774193548,1.9354838709677418,4.67741935483871,False,False,,False,,False,,False
Gustav Isaksen,2024-2025,37,29,2210,24.6,4,2,6,4,0,0,5,0,5.2,5.2,2.1,7.3,95,46,249,23,Lazio,DEN,FW,Forward,1,1,False,0.16260162601626016,0.08130081300813008,0.24390243902439024,0.2113821138211382,0.08536585365853658,0.2113821138211382,3.8617886178861784,1.8699186991869918,10.121951219512194,False,False,,False,,False,,False
Marcus Thuram,2024-2025,31,26,2200,24.4,14,4,18,14,0,0,1,0,9.9,9.9,4.4,14.3,62,53,170,26,Inter,FRA,FW,Forward,1,1,False,0.5737704918032788,0.1639344262295082,0.7377049180327869,0.40573770491803285,0.18032786885245905,0.40573770491803285,2.540983606557377,2.1721311475409837,6.967213114754099,False,True,,False,,False,,False
Dan Ndoye,2024-2025,30,26,2143,23.8,8,4,12,6,2,2,4,0,7.0,5.4,3.8,9.2,132,74,231,23,Bologna,SUI,FW,Forward,1,1,False,0.3361344537815126,0.1680672268907563,0.5042016806722689,0.29411764705882354,0.15966386554621848,0.226890756302521,5.546218487394958,3.1092436974789917,9.705882352941176,False,False,,False,,False,,False
Dany Mota,2024-2025,31,24,2104,23.4,5,2,7,5,0,0,3,0,5.1,5.1,1.8,6.9,53,47,139,26,Monza,POR,"FW,MF",Forward,2,1,False,0.2136752136752137,0.08547008547008547,0.29914529914529914,0.21794871794871795,0.07692307692307693,0.21794871794871795,2.264957264957265,2.0085470085470085,5.94017094017094,False,False,,False,,False,,False
Patrick Cutrone,2024-2025,33,23,2047,22.7,7,4,11,7,0,1,1,0,7.1,6.3,2.1,8.4,53,31,155,26,Como,ITA,FW,Forward,1,1,False,0.30837004405286345,0.1762114537444934,0.4845814977973568,0.31277533039647576,0.09251101321585904,0.2775330396475771,2.3348017621145374,1.3656387665198237,6.828193832599119,False,False,,False,,False,,False
Tete Morente,2024-2025,31,23,2021,22.5,3,2,5,3,0,0,5,0,2.9,2.9,1.6,4.5,48,102,144,27,Lecce,ESP,"FW,MF",Forward,2,1,False,0.13333333333333333,0.08888888888888889,0.2222222222222222,0.1288888888888889,0.07111111111111111,0.1288888888888889,2.1333333333333333,4.533333333333333,6.4,False,False,,False,,False,,False
Dennis Man,2024-2025,33,23,1995,22.2,4,4,8,4,0,0,0,0,5.5,5.5,4.2,9.7,67,60,142,25,Parma,ROU,"FW,MF",Forward,2,1,False,0.1801801801801802,0.1801801801801802,0.3603603603603604,0.24774774774774774,0.1891891891891892,0.24774774774774774,3.0180180180180183,2.7027027027027026,6.396396396396397,False,False,,False,,False,,False
Florian Thauvin,2024-2025,25,24,1956,21.7,8,3,11,7,1,3,0,0,8.1,5.7,3.8,9.5,92,90,148,31,Udinese,FRA,"FW,MF",Forward,2,1,False,0.3686635944700461,0.1382488479262673,0.5069124423963134,0.37327188940092165,0.17511520737327188,0.26267281105990786,4.23963133640553,4.147465437788019,6.820276497695853,False,False,,False,,False,,False
Santiago Pierotti,2024-2025,36,22,1937,21.5,4,2,6,4,0,0,6,1,3.1,3.1,2.4,5.5,43,38,85,23,Lecce,ARG,FW,Forward,1,1,False,0.18604651162790697,0.09302325581395349,0.27906976744186046,0.14418604651162792,0.11162790697674418,0.14418604651162792,2.0,1.7674418604651163,3.953488372093023,False,False,,False,,False,,False
Amin Sarr,2024-2025,32,25,1907,21.2,4,1,5,4,0,0,1,0,3.2,3.2,2.1,5.4,31,41,103,23,Hellas Verona,SWE,FW,Forward,1,1,False,0.18867924528301888,0.04716981132075472,0.2358490566037736,0.15094339622641512,0.09905660377358491,0.15094339622641512,1.4622641509433962,1.9339622641509435,4.858490566037736,False,False,,False,,False,,False
Riccardo Orsolini,2024-2025,30,23,1878,20.9,15,4,19,12,3,3,2,0,10.1,7.8,3.7,11.5,61,69,186,27,Bologna,ITA,FW,Forward,1,1,False,0.7177033492822967,0.19138755980861244,0.9090909090909092,0.48325358851674644,0.17703349282296652,0.37320574162679426,2.91866028708134,3.3014354066985647,8.89952153110048,False,False,,False,,False,,False
Lucas Beltrán,2024-2025,32,20,1864,20.7,5,4,9,3,2,3,6,0,5.4,3.1,3.0,6.1,23,64,94,23,Fiorentina,ARG,"FW,MF",Forward,2,1,False,0.24154589371980678,0.1932367149758454,0.43478260869565216,0.26086956521739135,0.14492753623188406,0.1497584541062802,1.1111111111111112,3.0917874396135265,4.541062801932367,False,False,,False,,False,,False
Dušan Vlahović,2024-2025,29,21,1784,19.8,10,4,14,6,4,4,3,0,12.3,9.2,1.3,10.5,27,22,117,24,Juventus,SRB,FW,Forward,1,1,False,0.5050505050505051,0.20202020202020202,0.7070707070707071,0.6212121212121212,0.06565656565656566,0.4646464646464646,1.3636363636363635,1.1111111111111112,5.909090909090909,False,False,,False,,False,,False
Nicolás González,2024-2025,26,23,1750,19.4,3,2,5,3,0,0,3,0,4.1,4.1,1.1,5.1,35,69,123,26,Juventus,ARG,"FW,MF",Forward,2,1,False,0.15463917525773196,0.10309278350515465,0.2577319587628866,0.211340206185567,0.05670103092783506,0.211340206185567,1.8041237113402062,3.5567010309278353,6.340206185567011,False,False,,False,,False,,False
Alessandro Zanoli,2024-2025,31,19,1711,19.0,1,0,1,1,0,0,3,0,0.4,0.4,1.6,2.0,65,27,90,23,Genoa,ITA,"FW,DF",Forward,2,1,False,0.05263157894736842,0.0,0.05263157894736842,0.021052631578947368,0.08421052631578947,0.021052631578947368,3.4210526315789473,1.4210526315789473,4.7368421052631575,False,False,,False,,False,,False
Alieu Fadera,2024-2025,28,20,1644,18.3,1,3,4,1,0,0,2,1,1.7,1.7,4.0,5.7,74,36,160,22,Como,GAM,"FW,DF",Forward,2,1,False,0.0546448087431694,0.16393442622950818,0.2185792349726776,0.09289617486338797,0.2185792349726776,0.09289617486338797,4.043715846994536,1.9672131147540983,8.743169398907103,False,False,,False,,False,,False
Zito Luvumbo,2024-2025,26,19,1606,17.8,2,2,4,2,0,0,2,0,2.1,2.1,3.1,5.2,70,31,125,22,Cagliari,ANG,"FW,MF",Forward,2,1,False,0.11235955056179775,0.11235955056179775,0.2247191011235955,0.11797752808988764,0.17415730337078653,0.11797752808988764,3.932584269662921,1.7415730337078652,7.022471910112359,False,False,,False,,False,,False
Joel Pohjanpalo,2024-2025,20,19,1603,17.8,6,0,6,3,3,4,1,0,7.5,4.3,1.7,6.0,9,29,72,29,Venezia,FIN,FW,Forward,1,1,False,0.33707865168539325,0.0,0.33707865168539325,0.42134831460674155,0.09550561797752809,0.24157303370786515,0.5056179775280899,1.6292134831460674,4.044943820224719,False,False,,False,,False,,False
Milan Đurić,2024-2025,27,16,1538,17.1,5,1,6,5,0,0,4,0,3.1999999999999997,3.1999999999999997,1.1,4.3,2,28,36,34,MULTI:Monza|Parma,BIH,FW,Forward,1,2,True,0.29239766081871343,0.05847953216374269,0.3508771929824561,0.18713450292397657,0.06432748538011696,0.18713450292397657,0.11695906432748537,1.6374269005847952,2.1052631578947367,False,False,,False,,False,,False
Casper Tengstedt,2024-2025,25,20,1517,16.9,6,1,7,5,1,1,2,0,5.3,4.5,0.9,5.4,29,29,85,24,Hellas Verona,DEN,FW,Forward,1,1,False,0.3550295857988166,0.0591715976331361,0.4142011834319527,0.3136094674556213,0.053254437869822494,0.26627218934911245,1.7159763313609468,1.7159763313609468,5.029585798816568,False,False,,False,,False,,False
Andrea Colpani,2024-2025,24,17,1432,15.9,2,1,3,2,0,0,1,0,2.7,2.7,1.3,3.9,37,57,129,25,Fiorentina,ITA,"FW,MF",Forward,2,1,False,0.12578616352201258,0.06289308176100629,0.18867924528301885,0.169811320754717,0.08176100628930817,0.169811320754717,2.3270440251572326,3.5849056603773586,8.11320754716981,False,False,,False,,False,,False
Matteo Cancellieri,2024-2025,27,19,1424,15.8,3,0,3,3,0,0,2,1,2.7,2.7,0.7,3.4,40,24,79,22,Parma,ITA,"FW,MF",Forward,2,1,False,0.18987341772151897,0.0,0.18987341772151897,0.17088607594936708,0.044303797468354424,0.17088607594936708,2.531645569620253,1.5189873417721518,5.0,False,False,,False,,False,,False
Paulo Dybala,2024-2025,24,16,1417,15.7,6,3,9,3,3,3,2,0,6.4,4.0,5.0,9.0,41,79,122,30,Roma,ARG,"FW,MF",Forward,2,1,False,0.3821656050955414,0.1910828025477707,0.5732484076433121,0.40764331210191085,0.3184713375796179,0.25477707006369427,2.6114649681528666,5.031847133757962,7.770700636942675,False,False,,False,,False,,False
Daniel Mosquera,2024-2025,35,12,1375,15.3,5,1,6,5,0,0,4,0,6.6,6.6,1.3,7.9,17,25,83,24,Hellas Verona,COL,FW,Forward,1,1,False,0.32679738562091504,0.06535947712418301,0.39215686274509803,0.4313725490196078,0.08496732026143791,0.4313725490196078,1.1111111111111112,1.6339869281045751,5.424836601307189,False,False,,False,,False,,False
Francisco Conceição,2024-2025,26,12,1340,14.9,3,3,6,3,0,0,5,1,2.3,2.3,4.3,6.6,95,35,143,21,Juventus,POR,"FW,MF",Forward,2,1,False,0.20134228187919462,0.20134228187919462,0.40268456375838924,0.15436241610738252,0.2885906040268456,0.15436241610738252,6.375838926174496,2.348993288590604,9.59731543624161,False,False,,False,,False,,False
Vitinha,2024-2025,25,16,1328,14.8,2,3,5,2,0,0,2,0,1.6,1.6,3.3,5.0,38,19,71,24,Genoa,POR,"FW,MF",Forward,2,1,False,0.13513513513513511,0.2027027027027027,0.33783783783783783,0.10810810810810811,0.22297297297297294,0.10810810810810811,2.5675675675675675,1.2837837837837838,4.797297297297297,False,False,,False,,False,,False
Antonio Sanabria,2024-2025,26,16,1318,14.6,2,1,3,2,0,1,2,0,2.9,2.1,0.5,2.6,6,18,54,28,Torino,PAR,FW,Forward,1,1,False,0.136986301369863,0.0684931506849315,0.20547945205479454,0.19863013698630136,0.03424657534246575,0.14383561643835618,0.4109589041095891,1.2328767123287672,3.6986301369863015,False,False,,False,,False,,False
Valentin Mihaila,2024-2025,21,16,1288,14.3,0,3,3,0,0,0,2,0,2.4,2.4,1.2,3.6,25,41,72,24,Parma,ROU,"FW,MF",Forward,2,1,False,0.0,0.2097902097902098,0.2097902097902098,0.1678321678321678,0.0839160839160839,0.1678321678321678,1.7482517482517481,2.867132867132867,5.034965034965035,False,False,,False,,False,,False
David Neres,2024-2025,28,13,1283,14.3,2,4,6,2,0,0,1,0,2.7,2.7,3.5,6.2,73,32,143,27,Napoli,BRA,FW,Forward,1,1,False,0.13986013986013984,0.2797202797202797,0.4195804195804196,0.1888111888111888,0.24475524475524474,0.1888111888111888,5.104895104895105,2.2377622377622375,10.0,False,False,,False,,False,,False
Benjamín Domínguez,2024-2025,24,16,1281,14.2,3,2,5,3,0,0,0,0,2.2,2.2,0.8,3.1,50,32,123,20,Bologna,ARG,FW,Forward,1,1,False,0.21126760563380284,0.14084507042253522,0.35211267605633806,0.15492957746478875,0.05633802816901409,0.15492957746478875,3.5211267605633805,2.2535211267605635,8.661971830985916,False,False,,False,,False,,False
Albert Guðmundsson,2024-2025,24,16,1273,14.1,6,1,7,4,2,2,2,0,4.5,2.9,1.8,4.8,35,37,59,27,Fiorentina,ISL,"FW,MF",Forward,2,1,False,0.425531914893617,0.07092198581560284,0.49645390070921985,0.3191489361702128,0.12765957446808512,0.20567375886524822,2.4822695035460995,2.624113475177305,4.184397163120567,False,False,,False,,False,,False
Nicolas Viola,2024-2025,27,18,1267,14.1,3,1,4,3,0,0,2,0,2.2,2.2,1.9,4.1,21,46,70,34,Cagliari,ITA,"FW,MF",Forward,2,1,False,0.2127659574468085,0.07092198581560284,0.28368794326241137,0.15602836879432624,0.1347517730496454,0.15602836879432624,1.4893617021276595,3.2624113475177308,4.964539007092199,False,False,,False,,False,,False
Assane Diao,2024-2025,15,14,1252,13.9,8,1,9,8,0,0,2,0,4.0,4.0,0.4,4.4,50,36,116,18,Como,SEN,"FW,MF",Forward,2,1,False,0.5755395683453237,0.07194244604316546,0.6474820143884892,0.28776978417266186,0.02877697841726619,0.28776978417266186,3.597122302158273,2.5899280575539567,8.345323741007194,False,False,,False,,False,,False
John Yeboah,2024-2025,33,11,1226,13.6,1,1,2,1,0,0,6,0,3.0,3.0,1.9,4.9,50,42,88,24,Venezia,ECU,"FW,MF",Forward,2,1,False,0.07352941176470588,0.07352941176470588,0.14705882352941177,0.22058823529411764,0.13970588235294118,0.22058823529411764,3.6764705882352944,3.088235294117647,6.470588235294118,False,False,,False,,False,,False
Tammy Abraham,2024-2025,29,12,1184,13.1,3,4,7,2,1,2,1,0,7.1,5.4,2.2,7.6,8,27,71,26,MULTI:Milan|Roma,ENG,FW,Forward,1,2,True,0.22900763358778625,0.3053435114503817,0.5343511450381679,0.5419847328244275,0.16793893129770995,0.4122137404580153,0.6106870229007634,2.0610687022900764,5.419847328244275,False,False,,False,,False,,False
Khvicha Kvaratskhelia,2024-2025,17,15,1178,13.1,5,3,8,4,1,1,1,0,4.1,3.4,3.7,7.0,74,57,89,23,Napoli,GEO,"FW,MF",Forward,2,1,False,0.3816793893129771,0.22900763358778625,0.6106870229007634,0.3129770992366412,0.2824427480916031,0.2595419847328244,5.648854961832061,4.351145038167939,6.793893129770993,False,False,,False,,False,,False
Randal Kolo Muani,2024-2025,16,13,1160,12.9,8,1,9,7,1,1,0,0,4.7,3.9,1.6,5.5,21,20,100,25,Juventus,FRA,FW,Forward,1,1,False,0.6201550387596899,0.07751937984496124,0.6976744186046512,0.3643410852713178,0.12403100775193798,0.3023255813953488,1.627906976744186,1.5503875968992247,7.751937984496124,False,False,,False,,False,,False
Thijs Dallinga,2024-2025,31,11,1154,12.8,3,2,5,3,0,0,1,0,4.3,4.3,0.6,4.9,9,17,84,23,Bologna,NED,FW,Forward,1,1,False,0.234375,0.15625,0.390625,0.33593749999999994,0.04687499999999999,0.33593749999999994,0.703125,1.328125,6.5625,False,False,,False,,False,,False
Christian Kouamé,2024-2025,26,10,1129,12.5,1,1,2,1,0,0,1,0,3.8000000000000003,3.8000000000000003,2.2,5.8,12,29,85,26,MULTI:Empoli|Fiorentina,CIV,"FW,MF",Forward,2,2,True,0.08,0.08,0.16,0.30400000000000005,0.17600000000000002,0.30400000000000005,0.96,2.32,6.8,False,False,,False,,False,,False
Pontus Almqvist,2024-2025,29,10,1112,12.4,1,1,2,1,0,0,5,0,2.1,2.1,1.3,3.5,42,12,85,25,Parma,SWE,"FW,MF",Forward,2,1,False,0.08064516129032258,0.08064516129032258,0.16129032258064516,0.16935483870967744,0.10483870967741936,0.16935483870967744,3.3870967741935485,0.9677419354838709,6.854838709677419,False,False,,False,,False,,False
Giacomo Raspadori,2024-2025,26,11,1103,12.3,6,1,7,6,0,0,1,0,4.0,4.0,2.4,6.4,18,42,57,24,Napoli,ITA,"FW,MF",Forward,2,1,False,0.4878048780487805,0.08130081300813008,0.5691056910569106,0.3252032520325203,0.19512195121951217,0.3252032520325203,1.4634146341463414,3.4146341463414633,4.634146341463414,False,False,,False,,False,,False
Pedro,2024-2025,30,6,1102,12.2,10,1,11,8,2,2,2,0,5.3,3.8,1.7,5.4,48,76,89,37,Lazio,ESP,"FW,MF",Forward,2,1,False,0.819672131147541,0.0819672131147541,0.9016393442622951,0.43442622950819676,0.13934426229508198,0.3114754098360656,3.934426229508197,6.229508196721312,7.2950819672131155,False,False,,False,,False,,False
Álvaro Morata,2024-2025,16,13,1099,12.2,5,0,5,5,0,0,5,0,3.9,3.9,0.8,4.7,18,26,63,31,Milan,ESP,"FW,MF",Forward,2,1,False,0.4098360655737705,0.0,0.4098360655737705,0.319672131147541,0.06557377049180328,0.319672131147541,1.4754098360655739,2.1311475409836067,5.163934426229509,False,False,,False,,False,,False
Eldor Shomurodov,2024-2025,27,11,1097,12.2,4,4,8,4,0,0,1,0,4.7,4.7,1.3,6.1,19,21,62,29,Roma,UZB,"FW,MF",Forward,2,1,False,0.3278688524590164,0.3278688524590164,0.6557377049180328,0.3852459016393443,0.10655737704918034,0.3852459016393443,1.557377049180328,1.7213114754098362,5.081967213114754,False,False,,False,,False,,False
Keinan Davis,2024-2025,23,10,1066,11.8,2,1,3,2,0,0,2,0,2.9,2.9,2.1,5.0,26,22,77,26,Udinese,ENG,FW,Forward,1,1,False,0.1694915254237288,0.0847457627118644,0.2542372881355932,0.24576271186440676,0.17796610169491525,0.24576271186440676,2.2033898305084745,1.8644067796610169,6.525423728813559,False,False,,False,,False,,False
Elif Elmas,2024-2025,13,12,1021,11.3,4,0,4,4,0,0,0,0,1.4,1.4,0.4,1.8,42,34,58,24,Torino,MKD,"FW,MF",Forward,2,1,False,0.35398230088495575,0.0,0.35398230088495575,0.1238938053097345,0.035398230088495575,0.1238938053097345,3.716814159292035,3.0088495575221237,5.132743362831858,False,False,,False,,False,,False
Riccardo Sottil,2024-2025,24,9,956,10.700000000000001,1,1,2,1,0,0,1,0,1.1,1.1,1.2,2.2,82,21,114,25,MULTI:Fiorentina|Milan,ITA,"FW,MF",Forward,2,2,True,0.09345794392523364,0.09345794392523364,0.18691588785046728,0.102803738317757,0.11214953271028036,0.102803738317757,7.663551401869158,1.9626168224299063,10.654205607476634,False,False,,False,,False,,False
Dailon Livramento,2024-2025,29,8,940,10.4,1,1,2,1,0,0,2,1,1.8,1.8,0.9,2.7,23,13,67,23,Hellas Verona,CPV,"FW,MF",Forward,2,1,False,0.09615384615384615,0.09615384615384615,0.1923076923076923,0.17307692307692307,0.08653846153846154,0.17307692307692307,2.2115384615384617,1.25,6.4423076923076925,False,False,,False,,False,,False
Samuel Chukwueze,2024-2025,26,9,925,10.3,3,2,5,3,0,0,0,0,2.7,2.7,3.0,5.7,48,36,116,25,Milan,NGA,"FW,MF",Forward,2,1,False,0.2912621359223301,0.1941747572815534,0.48543689320388345,0.2621359223300971,0.2912621359223301,0.2621359223300971,4.660194174757281,3.495145631067961,11.262135922330096,False,False,,False,,False,,False
Jonathan Ikone,2024-2025,27,6,874,9.7,2,0,2,2,0,0,1,0,2.6,2.6,0.30000000000000004,2.8,35,30,94,26,MULTI:Como|Fiorentina,FRA,"FW,MF",Forward,2,2,True,0.2061855670103093,0.0,0.2061855670103093,0.2680412371134021,0.0309278350515464,0.2680412371134021,3.6082474226804124,3.0927835051546393,9.690721649484537,False,False,,False,,False,,False
Tijjani Noslin,2024-2025,30,8,861,9.6,2,2,4,2,0,0,2,0,2.0,2.0,1.6,3.6,13,16,56,25,Lazio,NED,"FW,MF",Forward,2,1,False,0.20833333333333334,0.20833333333333334,0.4166666666666667,0.20833333333333334,0.16666666666666669,0.20833333333333334,1.3541666666666667,1.6666666666666667,5.833333333333334,False,False,,False,,False,,False
Mehdi Taremi,2024-2025,25,7,807,9.0,1,2,3,0,1,1,1,0,3.5,2.7,1.6,4.2,10,25,47,32,Inter,IRN,FW,Forward,1,1,False,0.1111111111111111,0.2222222222222222,0.3333333333333333,0.3888888888888889,0.17777777777777778,0.30000000000000004,1.1111111111111112,2.7777777777777777,5.222222222222222,False,True,,False,,False,,False
Jesper Karlsson,2024-2025,20,9,793,8.8,2,0,2,1,1,1,3,0,2.2,1.4,0.7,2.1,17,18,63,26,MULTI:Bologna|Lecce,SWE,FW,Forward,1,2,True,0.22727272727272727,0.0,0.22727272727272727,0.25,0.07954545454545453,0.15909090909090906,1.9318181818181817,2.0454545454545454,7.159090909090908,False,False,,False,,False,,False
Ante Rebić,2024-2025,27,7,788,8.8,1,0,1,1,0,0,3,2,2.1,2.1,2.1,4.2,17,36,63,30,Lecce,CRO,"FW,MF",Forward,2,1,False,0.11363636363636363,0.0,0.11363636363636363,0.23863636363636362,0.23863636363636362,0.23863636363636362,1.9318181818181817,4.090909090909091,7.159090909090908,False,False,,False,,False,,False
Jeff Ekhator,2024-2025,24,6,769,8.5,1,1,2,1,0,0,1,0,1.3,1.3,1.0,2.3,4,14,51,17,Genoa,ITA,"FW,MF",Forward,2,1,False,0.11764705882352941,0.11764705882352941,0.23529411764705882,0.15294117647058825,0.11764705882352941,0.15294117647058825,0.47058823529411764,1.6470588235294117,6.0,False,False,,False,,False,,False
Christian Gytkjær,2024-2025,29,6,754,8.4,2,1,3,1,1,1,0,0,2.4,1.6,0.5,2.1,3,5,52,34,Venezia,DEN,FW,Forward,1,1,False,0.23809523809523808,0.11904761904761904,0.35714285714285715,0.2857142857142857,0.05952380952380952,0.19047619047619047,0.35714285714285715,0.5952380952380952,6.19047619047619,False,False,,False,,False,,False
Mateo Pellegrino,2024-2025,13,8,737,8.2,3,1,4,3,0,0,2,0,3.3,3.3,0.7,4.0,6,15,37,23,Parma,ARG,FW,Forward,1,1,False,0.3658536585365854,0.12195121951219513,0.48780487804878053,0.4024390243902439,0.08536585365853659,0.4024390243902439,0.7317073170731708,1.829268292682927,4.51219512195122,False,False,,False,,False,,False
Joaquín Correa,2024-2025,19,6,731,8.1,2,2,4,2,0,0,3,0,2.1,2.1,2.0,4.1,22,42,45,29,Inter,ARG,"FW,MF",Forward,2,1,False,0.2469135802469136,0.2469135802469136,0.4938271604938272,0.2592592592592593,0.2469135802469136,0.2592592592592593,2.7160493827160495,5.185185185185185,5.555555555555555,False,True,,False,,False,,False
Samuel Mbangula,2024-2025,23,7,709,7.9,3,3,6,3,0,0,1,0,0.6,0.6,1.4,2.0,25,17,44,20,Juventus,BEL,FW,Forward,1,1,False,0.37974683544303794,0.37974683544303794,0.7594936708860759,0.07594936708860758,0.1772151898734177,0.07594936708860758,3.1645569620253164,2.151898734177215,5.5696202531645564,False,False,,False,,False,,False
Nicolò Zaniolo,2024-2025,23,4,699,7.8,2,2,4,2,0,0,6,1,1.6,1.5,0.7,2.4,15,18,53,25,MULTI:Atalanta|Fiorentina,ITA,"FW,MF",Forward,2,2,True,0.25641025641025644,0.25641025641025644,0.5128205128205129,0.20512820512820515,0.08974358974358974,0.19230769230769232,1.9230769230769231,2.307692307692308,6.794871794871795,False,False,,False,,False,,False
Michael Folorunsho,2024-2025,20,6,685,7.6000000000000005,0,0,0,0,0,0,5,0,1.2000000000000002,1.2000000000000002,0.6,1.8,13,21,35,26,MULTI:Fiorentina|Napoli,ITA,"FW,MF",Forward,2,2,True,0.0,0.0,0.0,0.15789473684210528,0.07894736842105263,0.15789473684210528,1.7105263157894737,2.763157894736842,4.605263157894736,False,False,,False,,False,,False
Iker Bravo,2024-2025,29,4,682,7.6,2,1,3,2,0,0,3,0,0.9,0.9,0.4,1.3,7,18,39,19,Udinese,ESP,"FW,MF",Forward,2,1,False,0.2631578947368421,0.13157894736842105,0.39473684210526316,0.11842105263157895,0.052631578947368425,0.11842105263157895,0.9210526315789475,2.368421052631579,5.131578947368421,False,False,,False,,False,,False
Santiago Giménez,2024-2025,14,7,669,7.4,5,2,7,5,0,1,3,1,4.8,4.0,0.9,4.9,13,6,38,23,Milan,MEX,FW,Forward,1,1,False,0.6756756756756757,0.27027027027027023,0.9459459459459459,0.6486486486486486,0.12162162162162161,0.5405405405405405,1.7567567567567566,0.8108108108108107,5.135135135135135,False,False,,False,,False,,False
Loum Tchaouna,2024-2025,24,6,660,7.3,1,0,1,1,0,0,4,1,2.5,2.5,0.6,3.1,22,20,66,20,Lazio,FRA,"FW,MF",Forward,2,1,False,0.136986301369863,0.0,0.136986301369863,0.3424657534246575,0.0821917808219178,0.3424657534246575,3.0136986301369864,2.73972602739726,9.04109589041096,False,False,,False,,False,,False
Keita Baldé,2024-2025,11,8,638,7.1,2,0,2,2,0,0,2,0,1.1,1.1,0.2,1.2,19,35,29,29,Monza,SEN,FW,Forward,1,1,False,0.28169014084507044,0.0,0.28169014084507044,0.15492957746478875,0.028169014084507046,0.15492957746478875,2.676056338028169,4.929577464788733,4.084507042253521,False,False,,False,,False,,False
Nicolò Cambiaghi,2024-2025,18,4,620,6.9,1,3,4,1,0,0,0,0,0.8,0.8,1.9,2.7,45,25,63,23,Bologna,ITA,FW,Forward,1,1,False,0.14492753623188406,0.43478260869565216,0.5797101449275363,0.11594202898550725,0.27536231884057966,0.11594202898550725,6.521739130434782,3.623188405797101,9.130434782608695,False,False,,False,,False,,False
Lameck Banda,2024-2025,15,6,610,6.8,0,1,1,0,0,0,1,0,1.2,1.2,1.1,2.3,27,7,46,23,Lecce,ZAM,"FW,MF",Forward,2,1,False,0.0,0.14705882352941177,0.14705882352941177,0.17647058823529413,0.16176470588235295,0.17647058823529413,3.9705882352941178,1.0294117647058825,6.764705882352941,False,False,,False,,False,,False
Andrea Belotti,2024-2025,18,7,593,6.6,2,0,2,2,0,0,1,0,2.5,2.5,0.4,2.8,9,9,33,30,Como,ITA,FW,Forward,1,1,False,0.30303030303030304,0.0,0.30303030303030304,0.3787878787878788,0.060606060606060615,0.3787878787878788,1.3636363636363638,1.3636363636363638,5.0,False,False,,False,,False,,False
Duván Zapata,2024-2025,7,7,587,6.5,3,0,3,3,0,0,1,0,3.4,3.4,0.5,3.9,6,7,36,33,Torino,COL,FW,Forward,1,1,False,0.46153846153846156,0.0,0.46153846153846156,0.5230769230769231,0.07692307692307693,0.5230769230769231,0.9230769230769231,1.0769230769230769,5.538461538461538,False,False,,False,,False,,False
Anastasios Douvikas,2024-2025,13,6,580,6.4,2,2,4,2,0,0,1,0,2.5,2.5,1.1,3.7,8,6,36,24,Como,GRE,FW,Forward,1,1,False,0.3125,0.3125,0.625,0.390625,0.171875,0.390625,1.25,0.9375,5.625,False,False,,False,,False,,False
Luka Jović,2024-2025,15,6,557,6.2,2,0,2,2,0,0,1,0,2.4,2.4,1.4,3.8,8,26,24,26,Milan,SRB,"FW,MF",Forward,2,1,False,0.3225806451612903,0.0,0.3225806451612903,0.3870967741935484,0.2258064516129032,0.3870967741935484,1.2903225806451613,4.193548387096774,3.8709677419354835,False,False,,False,,False,,False
Caleb Ekuban,2024-2025,18,3,555,6.2,1,3,4,1,0,0,1,0,2.8,2.8,0.8,3.5,7,8,42,30,Genoa,GHA,FW,Forward,1,1,False,0.16129032258064516,0.48387096774193544,0.6451612903225806,0.4516129032258064,0.12903225806451613,0.4516129032258064,1.129032258064516,1.2903225806451613,6.774193548387097,False,False,,False,,False,,False
Marko Arnautović,2024-2025,17,5,527,5.9,4,2,6,4,0,0,1,0,3.3,3.3,1.2,4.4,4,16,61,35,Inter,AUT,FW,Forward,1,1,False,0.6779661016949152,0.3389830508474576,1.0169491525423728,0.559322033898305,0.20338983050847456,0.559322033898305,0.6779661016949152,2.711864406779661,10.338983050847457,False,True,,False,,False,,False
Daniel Fila,2024-2025,10,6,492,5.5,2,0,2,2,0,0,3,1,1.4,1.4,0.3,1.8,5,8,30,21,Venezia,CZE,FW,Forward,1,1,False,0.36363636363636365,0.0,0.36363636363636365,0.2545454545454545,0.05454545454545454,0.2545454545454545,0.9090909090909091,1.4545454545454546,5.454545454545454,False,False,,False,,False,,False
Mirko Marić,2024-2025,18,5,462,5.2,0,0,0,0,0,0,0,0,0.8,0.8,0.0,0.8,5,12,35,29,MULTI:Monza|Venezia,CRO,"FW,MF",Forward,2,2,True,0.0,0.0,0.0,0.15384615384615385,0.0,0.15384615384615385,0.9615384615384615,2.3076923076923075,6.730769230769231,False,False,,False,,False,,False
Noah Okafor,2024-2025,15,5,454,5.0,1,0,1,1,0,0,0,0,1.5,1.5,0.8999999999999999,2.5999999999999996,28,13,54,24,MULTI:Milan|Napoli,SUI,"FW,MF",Forward,2,2,True,0.2,0.0,0.2,0.3,0.18,0.3,5.6,2.6,10.8,False,False,,False,,False,,False
Mile Svilar,2024-2025,38,38,3420,38.0,0,0,0,0,0,0,1,0,0.0,0.0,0.0,0.0,0,2,0,24,Roma,SRB,GK,Goalkeeper,1,1,False,0.0,0.0,0.0,0.0,0.0,0.0,0.0,0.05263157894736842,0.0,False,False,,False,,False,,False
Wladimiro Falcone,2024-2025,38,38,3420,38.0,0,0,0,0,0,0,2,0,0.0,0.0,0.0,0.0,0,0,0,29,Lecce,ITA,GK,Goalkeeper,1,1,False,0.0,0.0,0.0,0.0,0.0,0.0,0.0,0.0,0.0,False,False,,False,,False,,False
Vanja Milinković-Savić,2024-2025,37,37,3330,37.0,0,0,0,0,0,0,3,0,0.0,0.0,0.1,0.1,0,0,0,27,Torino,SRB,GK,Goalkeeper,1,1,False,0.0,0.0,0.0,0.0,0.002702702702702703,0.0,0.0,0.0,0.0,False,False,,False,,False,,False
Zion Suzuki,2024-2025,37,37,3314,36.8,0,0,0,0,0,0,2,1,0.0,0.0,0.0,0.0,0,0,0,21,Parma,JPN,GK,Goalkeeper,1,1,False,0.0,0.0,0.0,0.0,0.0,0.0,0.0,0.0,0.0,False,False,,False,,False,,False
Mike Maignan,2024-2025,37,37,3294,36.6,0,0,0,0,0,0,1,0,0.0,0.0,0.8,0.8,0,4,0,29,Milan,FRA,GK,Goalkeeper,1,1,False,0.0,0.0,0.0,0.0,0.02185792349726776,0.0,0.0,0.1092896174863388,0.0,False,False,,False,,False,,False
Lorenzo Montipò,2024-2025,36,36,3240,36.0,0,0,0,0,0,0,0,0,0.0,0.0,0.0,0.0,0,1,0,28,Hellas Verona,ITA,GK,Goalkeeper,1,1,False,0.0,0.0,0.0,0.0,0.0,0.0,0.0,0.027777777777777776,0.0,False,False,,False,,False,,False
David de Gea,2024-2025,34,34,3060,34.0,0,1,1,0,0,0,1,0,0.0,0.0,0.4,0.4,0,0,0,33,Fiorentina,ESP,GK,Goalkeeper,1,1,False,0.0,0.029411764705882353,0.029411764705882353,0.0,0.011764705882352941,0.0,0.0,0.0,0.0,False,False,,False,,False,,False
Marco Carnesecchi,2024-2025,34,34,3060,34.0,0,0,0,0,0,0,1,0,0.0,0.0,0.2,0.2,0,0,0,24,Atalanta,ITA,GK,Goalkeeper,1,1,False,0.0,0.0,0.0,0.0,0.0058823529411764705,0.0,0.0,0.0,0.0,False,False,,False,,False,,False
Alex Meret,2024-2025,34,34,3005,33.4,0,0,0,0,0,0,0,0,0.0,0.0,0.0,0.0,0,1,0,27,Napoli,ITA,GK,Goalkeeper,1,1,False,0.0,0.0,0.0,0.0,0.0,0.0,0.0,0.029940119760479042,0.0,False,False,,False,,False,,False
Michele Di Gregorio,2024-2025,33,33,2970,33.0,0,0,0,0,0,0,0,0,0.0,0.0,0.5,0.5,0,0,0,27,Juventus,ITA,GK,Goalkeeper,1,1,False,0.0,0.0,0.0,0.0,0.015151515151515152,0.0,0.0,0.0,0.0,False,False,,False,,False,,False
Devis Vásquez,2024-2025,32,32,2880,32.0,0,0,0,0,0,0,2,0,0.0,0.0,0.0,0.0,0,0,0,26,Empoli,COL,GK,Goalkeeper,1,1,False,0.0,0.0,0.0,0.0,0.0,0.0,0.0,0.0,0.0,False,False,,False,,False,,False
Yann Sommer,2024-2025,32,32,2880,32.0,0,0,0,0,0,0,0,0,0.0,0.0,0.0,0.0,0,1,0,35,Inter,SUI,GK,Goalkeeper,1,1,False,0.0,0.0,0.0,0.0,0.0,0.0,0.0,0.03125,0.0,False,True,,False,,False,,False
Stefano Turati,2024-2025,30,30,2676,29.7,0,0,0,0,0,0,1,0,0.0,0.0,0.0,0.0,0,0,0,22,Monza,ITA,GK,Goalkeeper,1,1,False,0.0,0.0,0.0,0.0,0.0,0.0,0.0,0.0,0.0,False,False,,False,,False,,False
Ivan Provedel,2024-2025,29,29,2610,29.0,0,0,0,0,0,0,0,0,0.0,0.0,0.3,0.3,0,4,0,30,Lazio,ITA,GK,Goalkeeper,1,1,False,0.0,0.0,0.0,0.0,0.010344827586206896,0.0,0.0,0.13793103448275862,0.0,False,False,,False,,False,,False
Nicola Leali,2024-2025,29,29,2610,29.0,0,0,0,0,0,0,1,0,0.0,0.0,0.0,0.0,0,0,0,31,Genoa,ITA,GK,Goalkeeper,1,1,False,0.0,0.0,0.0,0.0,0.0,0.0,0.0,0.0,0.0,False,False,,False,,False,,False
Łukasz Skorupski,2024-2025,27,27,2364,26.3,0,0,0,0,0,0,1,0,0.0,0.0,0.0,0.0,0,0,0,33,Bologna,POL,GK,Goalkeeper,1,1,False,0.0,0.0,0.0,0.0,0.0,0.0,0.0,0.0,0.0,False,False,,False,,False,,False
Maduka Okoye,2024-2025,25,25,2250,25.0,0,0,0,0,0,0,1,0,0.0,0.0,0.0,0.0,0,1,0,24,Udinese,NGA,GK,Goalkeeper,1,1,False,0.0,0.0,0.0,0.0,0.0,0.0,0.0,0.04,0.0,False,False,,False,,False,,False
Elia Caprile,2024-2025,22,21,1945,21.6,0,0,0,0,0,0,0,0,0.0,0.0,0.0,0.0,0,0,0,22,MULTI:Cagliari|Napoli,ITA,GK,Goalkeeper,1,2,True,0.0,0.0,0.0,0.0,0.0,0.0,0.0,0.0,0.0,False,False,,False,,False,,False
Jean Butez,2024-2025,19,18,1666,18.5,0,0,0,0,0,0,0,0,0.0,0.0,0.0,0.0,0,1,0,29,Como,FRA,GK,Goalkeeper,1,1,False,0.0,0.0,0.0,0.0,0.0,0.0,0.0,0.05405405405405406,0.0,False,False,,False,,False,,False
Filip Stankovic,2024-2025,16,16,1367,15.2,0,0,0,0,0,0,1,0,0.0,0.0,0.0,0.0,0,0,0,22,Venezia,SRB,GK,Goalkeeper,1,1,False,0.0,0.0,0.0,0.0,0.0,0.0,0.0,0.0,0.0,False,False,,False,,False,,False
Ionuț Radu,2024-2025,15,15,1350,15.0,0,0,0,0,0,0,1,0,0.0,0.0,0.0,0.0,0,0,0,27,Venezia,ROU,GK,Goalkeeper,1,1,False,0.0,0.0,0.0,0.0,0.0,0.0,0.0,0.0,0.0,False,False,,False,,False,,False
Simone Scuffet,2024-2025,14,14,1260,14.0,0,0,0,0,0,0,0,0,0.0,0.0,0.0,0.0,0,0,0,28,MULTI:Cagliari|Napoli,ITA,GK,Goalkeeper,1,2,True,0.0,0.0,0.0,0.0,0.0,0.0,0.0,0.0,0.0,False,False,,False,,False,,False
Razvan Sava,2024-2025,12,12,1080,12.0,0,0,0,0,0,0,1,0,0.0,0.0,0.0,0.0,0,0,0,22,Udinese,ROU,GK,Goalkeeper,1,1,False,0.0,0.0,0.0,0.0,0.0,0.0,0.0,0.0,0.0,False,False,,False,,False,,False
Federico Ravaglia,2024-2025,12,11,1056,11.7,0,0,0,0,0,0,0,0,0.0,0.0,0.0,0.0,0,0,0,24,Bologna,ITA,GK,Goalkeeper,1,1,False,0.0,0.0,0.0,0.0,0.0,0.0,0.0,0.0,0.0,False,False,,False,,False,,False
Pepe Reina,2024-2025,12,12,1034,11.5,0,0,0,0,0,0,0,1,0.0,0.0,0.0,0.0,0,0,0,41,Como,ESP,GK,Goalkeeper,1,1,False,0.0,0.0,0.0,0.0,0.0,0.0,0.0,0.0,0.0,False,False,,False,,False,,False
Christos Mandas,2024-2025,9,9,810,9.0,0,0,0,0,0,0,0,0,0.0,0.0,0.0,0.0,0,3,0,22,Lazio,GRE,GK,Goalkeeper,1,1,False,0.0,0.0,0.0,0.0,0.0,0.0,0.0,0.3333333333333333,0.0,False,False,,False,,False,,False
Semuel Pizzignacco,2024-2025,9,8,736,8.2,0,0,0,0,0,0,0,0,0.0,0.0,0.0,0.0,0,0,0,22,Monza,ITA,GK,Goalkeeper,1,1,False,0.0,0.0,0.0,0.0,0.0,0.0,0.0,0.0,0.0,False,False,,False,,False,,False
Emil Audero,2024-2025,8,8,720,8.0,0,0,0,0,0,0,0,0,0.0,0.0,0.0,0.0,0,0,0,27,Como,IDN,GK,Goalkeeper,1,1,False,0.0,0.0,0.0,0.0,0.0,0.0,0.0,0.0,0.0,False,False,,False,,False,,False
Jesse Joronen,2024-2025,8,7,703,7.8,0,0,0,0,0,0,0,0,0.0,0.0,0.0,0.0,0,0,0,31,Venezia,FIN,GK,Goalkeeper,1,1,False,0.0,0.0,0.0,0.0,0.0,0.0,0.0,0.0,0.0,False,False,,False,,False,,False
Pierluigi Gollini,2024-2025,7,7,630,7.0,0,0,0,0,0,0,1,0,0.0,0.0,0.0,0.0,0,0,0,29,Genoa,ITA,GK,Goalkeeper,1,1,False,0.0,0.0,0.0,0.0,0.0,0.0,0.0,0.0,0.0,False,False,,False,,False,,False
Alen Sherri,2024-2025,7,7,621,6.9,0,0,0,0,0,0,0,0,0.0,0.0,0.0,0.0,0,0,0,26,Cagliari,ALB,GK,Goalkeeper,1,1,False,0.0,0.0,0.0,0.0,0.0,0.0,0.0,0.0,0.0,False,False,,False,,False,,False
Josep Martinez,2024-2025,5,5,450,5.0,0,0,0,0,0,0,0,0,0.0,0.0,0.1,0.1,0,0,0,26,Inter,ESP,GK,Goalkeeper,1,1,False,0.0,0.0,0.0,0.0,0.02,0.0,0.0,0.0,0.0,False,True,,False,,False,,False
Marco Silvestri,2024-2025,5,5,450,5.0,0,0,0,0,0,0,0,0,0.0,0.0,0.0,0.0,0,0,0,33,Empoli,ITA,GK,Goalkeeper,1,1,False,0.0,0.0,0.0,0.0,0.0,0.0,0.0,0.0,0.0,False,False,,False,,False,,False
Mattia Perin,2024-2025,5,5,450,5.0,0,0,0,0,0,0,0,0,0.0,0.0,0.0,0.0,0,0,0,31,Juventus,ITA,GK,Goalkeeper,1,1,False,0.0,0.0,0.0,0.0,0.0,0.0,0.0,0.0,0.0,False,False,,False,,False,,False
Mattéo Guendouzi,2024-2025,37,37,3270,36.3,1,3,4,1,0,0,7,0,1.4,1.4,3.2,4.6,89,316,64,25,Lazio,FRA,MF,Midfielder,1,1,False,0.027548209366391185,0.08264462809917356,0.11019283746556474,0.03856749311294766,0.08815426997245181,0.03856749311294766,2.4517906336088156,8.705234159779614,1.7630853994490359,False,False,,False,,False,,False
Remo Freuler,2024-2025,37,37,3204,35.6,1,2,3,1,0,0,6,0,1.3,1.3,1.5,2.7,39,208,56,32,Bologna,SUI,MF,Midfielder,1,1,False,0.028089887640449437,0.056179775280898875,0.08426966292134831,0.03651685393258427,0.042134831460674156,0.03651685393258427,1.095505617977528,5.842696629213483,1.5730337078651684,False,False,,False,,False,,False
Jesper Karlström,2024-2025,37,36,3186,35.4,0,3,3,0,0,0,9,0,0.7,0.7,1.1,1.8,23,135,46,29,Udinese,SWE,MF,Midfielder,1,1,False,0.0,0.08474576271186442,0.08474576271186442,0.019774011299435026,0.03107344632768362,0.019774011299435026,0.6497175141242938,3.8135593220338984,1.2994350282485876,False,False,,False,,False,,False
Tijjani Reijnders,2024-2025,37,36,3128,34.8,10,4,14,10,0,0,2,1,7.5,7.5,3.5,11.0,111,230,121,26,Milan,NED,MF,Midfielder,1,1,False,0.2873563218390805,0.1149425287356322,0.40229885057471265,0.21551724137931036,0.10057471264367816,0.21551724137931036,3.189655172413793,6.609195402298851,3.477011494252874,False,False,,False,,False,,False
Morten Frendrup,2024-2025,35,35,3103,34.5,2,0,2,2,0,0,5,0,1.6,1.6,0.9,2.5,24,106,29,23,Genoa,DEN,MF,Midfielder,1,1,False,0.057971014492753624,0.0,0.057971014492753624,0.0463768115942029,0.026086956521739132,0.0463768115942029,0.6956521739130435,3.072463768115942,0.8405797101449275,False,False,,False,,False,,False
Marten de Roon,2024-2025,36,34,3058,34.0,4,4,8,4,0,0,5,0,0.9,0.9,2.3,3.2,37,242,32,33,Atalanta,NED,"MF,DF",Midfielder,2,1,False,0.11764705882352941,0.11764705882352941,0.23529411764705882,0.026470588235294117,0.06764705882352941,0.026470588235294117,1.088235294117647,7.117647058823529,0.9411764705882353,False,False,,False,,False,,False
Simon Sohm,2024-2025,37,36,2989,33.2,4,0,4,4,0,0,6,0,3.1,3.1,2.1,5.2,69,140,67,23,Parma,SUI,MF,Midfielder,1,1,False,0.12048192771084336,0.0,0.12048192771084336,0.09337349397590361,0.06325301204819277,0.09337349397590361,2.078313253012048,4.216867469879518,2.0180722891566263,False,False,,False,,False,,False
Scott McTominay,2024-2025,34,33,2938,32.6,12,4,16,12,0,0,3,0,7.4,7.4,2.7,10.1,56,112,131,27,Napoli,SCO,MF,Midfielder,1,1,False,0.36809815950920244,0.12269938650306748,0.49079754601226994,0.22699386503067484,0.08282208588957056,0.22699386503067484,1.7177914110429446,3.4355828220858893,4.01840490797546,False,False,,False,,False,,False
Éderson,2024-2025,37,32,2881,32.0,4,1,5,4,0,0,5,1,4.1,4.1,4.3,8.4,40,216,79,25,Atalanta,BRA,MF,Midfielder,1,1,False,0.125,0.03125,0.15625,0.128125,0.134375,0.128125,1.25,6.75,2.46875,False,False,,False,,False,,False
Hans Nicolussi Caviglia,2024-2025,35,33,2861,31.8,4,2,6,4,0,0,7,1,2.4,2.4,2.1,4.5,20,140,22,24,Venezia,ITA,MF,Midfielder,1,1,False,0.12578616352201258,0.06289308176100629,0.18867924528301885,0.07547169811320754,0.0660377358490566,0.07547169811320754,0.6289308176100629,4.40251572327044,0.6918238993710691,False,False,,False,,False,,False
Andre-Frank Zambo Anguissa,2024-2025,35,32,2852,31.7,6,4,10,6,0,0,5,0,4.4,4.4,2.4,6.8,24,144,119,28,Napoli,CMR,MF,Midfielder,1,1,False,0.18927444794952683,0.12618296529968454,0.31545741324921134,0.13880126182965302,0.07570977917981073,0.13880126182965302,0.7570977917981073,4.542586750788644,3.7539432176656153,False,False,,False,,False,,False
Samuele Ricci,2024-2025,34,34,2825,31.4,1,1,2,1,0,0,8,1,1.3,1.3,0.6,1.8,43,116,30,22,Torino,ITA,MF,Midfielder,1,1,False,0.03184713375796178,0.03184713375796178,0.06369426751592357,0.04140127388535032,0.01910828025477707,0.04140127388535032,1.3694267515923568,3.694267515923567,0.9554140127388535,False,False,,False,,False,,False
Manuel Locatelli,2024-2025,36,34,2822,31.4,2,2,4,1,1,1,9,0,1.8,1.0,2.5,3.5,33,294,33,26,Juventus,ITA,MF,Midfielder,1,1,False,0.06369426751592357,0.06369426751592357,0.12738853503184713,0.05732484076433121,0.07961783439490447,0.03184713375796178,1.0509554140127388,9.363057324840765,1.0509554140127388,False,False,,False,,False,,False
Nicolò Rovella,2024-2025,33,31,2718,30.2,0,3,3,0,0,0,13,0,1.5,1.5,2.2,3.7,45,159,42,22,Lazio,ITA,MF,Midfielder,1,1,False,0.0,0.09933774834437087,0.09933774834437087,0.049668874172185434,0.07284768211920531,0.049668874172185434,1.490066225165563,5.264900662251656,1.390728476821192,False,False,,False,,False,,False
Nicolás Paz,2024-2025,35,30,2687,29.9,6,8,14,6,0,1,6,0,9.3,8.5,6.0,14.5,77,163,171,19,Como,ARG,"MF,FW",Midfielder,2,1,False,0.20066889632107024,0.26755852842809363,0.4682274247491639,0.3110367892976589,0.20066889632107024,0.28428093645484953,2.5752508361204014,5.451505016722408,5.719063545150502,False,False,,False,,False,,False
Lassana Coulibaly,2024-2025,38,30,2667,29.6,1,0,1,1,0,0,3,0,0.8,0.8,0.9,1.7,21,93,49,28,Lecce,MLI,MF,Midfielder,1,1,False,0.03378378378378378,0.0,0.03378378378378378,0.02702702702702703,0.030405405405405404,0.02702702702702703,0.7094594594594594,3.1418918918918917,1.6554054054054053,False,False,,False,,False,,False
Stanislav Lobotka,2024-2025,32,31,2636,29.3,0,1,1,0,0,0,3,0,0.3,0.3,1.2,1.5,30,118,32,29,Napoli,SVK,MF,Midfielder,1,1,False,0.0,0.034129692832764506,0.034129692832764506,0.010238907849829351,0.040955631399317405,0.010238907849829351,1.023890784982935,4.027303754266211,1.0921501706484642,False,False,,False,,False,,False
Alessandro Bianco,2024-2025,35,29,2618,29.099999999999998,1,0,1,1,0,0,9,0,1.3,1.3,1.2,2.5,35,125,25,21,MULTI:Fiorentina|Monza,ITA,MF,Midfielder,1,2,True,0.03436426116838488,0.0,0.03436426116838488,0.04467353951890035,0.041237113402061855,0.04467353951890035,1.202749140893471,4.295532646048111,0.859106529209622,False,False,,False,,False,,False
Lucas Da Cunha,2024-2025,36,30,2613,29.0,3,2,5,3,0,0,4,0,2.0,2.0,3.8,5.8,63,154,85,23,Como,FRA,MF,Midfielder,1,1,False,0.10344827586206896,0.06896551724137931,0.1724137931034483,0.06896551724137931,0.13103448275862067,0.06896551724137931,2.1724137931034484,5.310344827586207,2.9310344827586206,False,False,,False,,False,,False
Manu Koné,2024-2025,34,31,2572,28.6,2,1,3,2,0,0,6,0,3.4,3.4,1.7,5.0,70,144,50,23,Roma,FRA,MF,Midfielder,1,1,False,0.06993006993006992,0.03496503496503496,0.1048951048951049,0.11888111888111887,0.05944055944055943,0.11888111888111887,2.4475524475524475,5.034965034965035,1.7482517482517481,False,False,,False,,False,,False
Gianluca Busio,2024-2025,33,28,2518,28.0,2,0,2,2,0,0,4,0,2.4,2.4,1.6,4.0,60,95,135,22,Venezia,USA,MF,Midfielder,1,1,False,0.07142857142857142,0.0,0.07142857142857142,0.08571428571428572,0.05714285714285715,0.08571428571428572,2.142857142857143,3.392857142857143,4.821428571428571,False,False,,False,,False,,False
Youssouf Fofana,2024-2025,35,29,2504,27.8,1,6,7,1,0,0,5,0,1.3,1.3,3.4,4.7,44,176,32,25,Milan,FRA,MF,Midfielder,1,1,False,0.03597122302158273,0.2158273381294964,0.2517985611510791,0.046762589928057555,0.12230215827338128,0.046762589928057555,1.5827338129496402,6.330935251798561,1.1510791366906474,False,False,,False,,False,,False
Nicolò Barella,2024-2025,32,28,2456,27.3,3,6,9,3,0,0,4,0,2.2,2.2,4.5,6.7,63,235,133,27,Inter,ITA,MF,Midfielder,1,1,False,0.10989010989010989,0.21978021978021978,0.32967032967032966,0.08058608058608059,0.16483516483516483,0.08058608058608059,2.3076923076923075,8.608058608058608,4.871794871794871,False,True,,False,,False,,False
Michel Ndary Adopo,2024-2025,35,27,2409,26.8,1,1,2,1,0,0,5,1,1.1,1.1,2.3,3.4,20,106,61,24,Cagliari,FRA,MF,Midfielder,1,1,False,0.03731343283582089,0.03731343283582089,0.07462686567164178,0.041044776119402986,0.08582089552238806,0.041044776119402986,0.7462686567164178,3.955223880597015,2.2761194029850746,False,False,,False,,False,,False
Ondrej Duda,2024-2025,28,27,2395,26.6,1,3,4,1,0,0,12,1,1.0,1.0,3.2,4.2,23,117,26,29,Hellas Verona,SVK,MF,Midfielder,1,1,False,0.03759398496240601,0.11278195488721804,0.15037593984962405,0.03759398496240601,0.12030075187969924,0.03759398496240601,0.8646616541353384,4.398496240601504,0.9774436090225563,False,False,,False,,False,,False
Liam Henderson,2024-2025,36,27,2337,26.0,0,4,4,0,0,0,10,0,0.7,0.7,3.9,4.5,18,108,54,28,Empoli,SCO,MF,Midfielder,1,1,False,0.0,0.15384615384615385,0.15384615384615385,0.02692307692307692,0.15,0.02692307692307692,0.6923076923076923,4.153846153846154,2.076923076923077,False,False,,False,,False,,False
Henrikh Mkhitaryan,2024-2025,31,29,2328,25.9,1,4,5,1,0,0,4,0,1.5,1.5,2.7,4.2,72,199,93,35,Inter,ARM,MF,Midfielder,1,1,False,0.03861003861003861,0.15444015444015444,0.19305019305019305,0.05791505791505792,0.10424710424710426,0.05791505791505792,2.77992277992278,7.683397683397684,3.590733590733591,False,True,,False,,False,,False
Khéphren Thuram,2024-2025,35,26,2326,25.8,4,5,9,4,0,0,5,0,3.5,3.5,3.6,7.1,74,123,52,23,Juventus,FRA,MF,Midfielder,1,1,False,0.15503875968992248,0.19379844961240308,0.3488372093023256,0.13565891472868216,0.13953488372093023,0.13565891472868216,2.8682170542635657,4.767441860465116,2.0155038759689923,False,False,,False,,False,,False
Weston McKennie,2024-2025,32,27,2310,25.7,2,4,6,2,0,0,3,0,2.9,2.9,3.6,6.5,28,101,153,25,Juventus,USA,"MF,DF",Midfielder,2,1,False,0.07782101167315175,0.1556420233463035,0.23346303501945526,0.11284046692607004,0.14007782101167315,0.11284046692607004,1.0894941634241246,3.9299610894941637,5.953307392996109,False,False,,False,,False,,False
Sandi Lovrić,2024-2025,36,31,2308,25.6,2,3,5,2,0,0,5,0,2.6,2.6,3.4,6.0,60,120,71,26,Udinese,SVN,MF,Midfielder,1,1,False,0.078125,0.1171875,0.1953125,0.1015625,0.1328125,0.1015625,2.34375,4.6875,2.7734375,False,False,,False,,False,,False
Ademola Lookman,2024-2025,31,28,2247,25.0,15,5,20,14,1,1,4,0,10.3,9.5,7.1,16.7,142,73,316,26,Atalanta,NGA,"MF,FW",Midfielder,2,1,False,0.6,0.2,0.8,0.41200000000000003,0.284,0.38,5.68,2.92,12.64,False,False,,False,,False,,False
Liberato Cacace,2024-2025,33,24,2230,24.8,2,4,6,2,0,0,6,0,2.6,2.6,1.7,4.3,53,70,97,23,Empoli,NZL,"MF,DF",Midfielder,2,1,False,0.08064516129032258,0.16129032258064516,0.24193548387096772,0.10483870967741936,0.06854838709677419,0.10483870967741936,2.1370967741935485,2.82258064516129,3.911290322580645,False,False,,False,,False,,False
Alberto Grassi,2024-2025,28,27,2203,24.5,1,0,1,1,0,0,8,0,1.0,1.0,0.8,1.9,18,74,24,29,Empoli,ITA,MF,Midfielder,1,1,False,0.04081632653061224,0.0,0.04081632653061224,0.04081632653061224,0.0326530612244898,0.04081632653061224,0.7346938775510204,3.020408163265306,0.9795918367346939,False,False,,False,,False,,False
Boulaye Dia,2024-2025,35,27,2177,24.2,9,3,12,9,0,0,2,0,7.1,7.1,4.2,11.3,23,51,114,27,Lazio,SEN,"MF,FW",Midfielder,2,1,False,0.37190082644628103,0.12396694214876033,0.49586776859504134,0.2933884297520661,0.17355371900826447,0.2933884297520661,0.9504132231404959,2.1074380165289255,4.710743801652892,False,False,,False,,False,,False
Antoine Makoumbou,2024-2025,33,27,2150,23.9,0,3,3,0,0,0,4,1,0.3,0.3,0.9,1.3,11,92,14,26,Cagliari,CGO,MF,Midfielder,1,1,False,0.0,0.12552301255230125,0.12552301255230125,0.012552301255230125,0.03765690376569038,0.012552301255230125,0.46025104602510464,3.8493723849372388,0.5857740585774059,False,False,,False,,False,,False
Nikola Vlašić,2024-2025,30,23,2117,23.5,5,4,9,3,2,2,0,0,3.4,1.8,2.4,4.2,53,94,110,26,Torino,CRO,"MF,FW",Midfielder,2,1,False,0.2127659574468085,0.1702127659574468,0.3829787234042553,0.14468085106382977,0.10212765957446808,0.07659574468085106,2.25531914893617,4.0,4.680851063829787,False,False,,False,,False,,False
Tomáš Suslov,2024-2025,31,27,2080,23.1,0,1,1,0,0,0,7,1,1.6,1.6,1.9,3.5,39,82,77,22,Hellas Verona,SVK,"MF,FW",Midfielder,2,1,False,0.0,0.04329004329004329,0.04329004329004329,0.06926406926406926,0.08225108225108224,0.06926406926406926,1.6883116883116882,3.5497835497835495,3.333333333333333,False,False,,False,,False,,False
Charles De Ketelaere,2024-2025,36,25,2070,23.0,7,7,14,7,0,0,1,0,7.3,7.3,6.0,13.2,108,140,211,23,Atalanta,BEL,"MF,FW",Midfielder,2,1,False,0.30434782608695654,0.30434782608695654,0.6086956521739131,0.3173913043478261,0.2608695652173913,0.3173913043478261,4.695652173913044,6.086956521739131,9.173913043478262,False,False,,False,,False,,False
Bryan Cristante,2024-2025,30,23,2045,22.7,4,2,6,4,0,0,8,0,2.1,2.1,1.4,3.5,25,145,41,29,Roma,ITA,MF,Midfielder,1,1,False,0.1762114537444934,0.0881057268722467,0.2643171806167401,0.09251101321585904,0.06167400881057269,0.09251101321585904,1.1013215859030838,6.387665198237886,1.8061674008810573,False,False,,False,,False,,False
Teun Koopmeiners,2024-2025,28,23,1994,22.2,3,3,6,3,0,0,3,0,3.9,3.9,2.9,6.8,32,89,127,26,Juventus,NED,"MF,FW",Midfielder,2,1,False,0.13513513513513514,0.13513513513513514,0.2702702702702703,0.17567567567567569,0.13063063063063063,0.17567567567567569,1.4414414414414416,4.009009009009009,5.7207207207207205,False,False,,False,,False,,False
Mario Pašalić,2024-2025,34,23,1967,21.9,3,4,7,3,0,1,1,0,6.6,5.8,3.3,9.1,44,149,68,29,Atalanta,CRO,MF,Midfielder,1,1,False,0.13698630136986303,0.18264840182648404,0.31963470319634707,0.3013698630136986,0.1506849315068493,0.2648401826484018,2.0091324200913245,6.8036529680365305,3.1050228310502286,False,False,,False,,False,,False
Jens Odgaard,2024-2025,29,24,1952,21.7,6,1,7,6,0,0,1,0,3.6,3.6,1.8,5.4,35,50,99,25,Bologna,DEN,"MF,FW",Midfielder,2,1,False,0.2764976958525346,0.04608294930875576,0.3225806451612903,0.16589861751152074,0.08294930875576037,0.16589861751152074,1.6129032258064517,2.3041474654377883,4.56221198156682,False,False,,False,,False,,False
Morten Thorsby,2024-2025,30,22,1898,21.1,0,1,1,0,0,0,6,0,2.8,2.8,2.1,4.9,24,58,76,28,Genoa,NOR,"MF,FW",Midfielder,2,1,False,0.0,0.04739336492890995,0.04739336492890995,0.13270142180094785,0.0995260663507109,0.13270142180094785,1.1374407582938388,2.748815165876777,3.6018957345971563,False,False,,False,,False,,False
Jurgen Ekkelenkamp,2024-2025,34,20,1892,21.0,3,2,5,3,0,0,2,0,2.8,2.8,1.3,4.1,34,72,86,24,Udinese,NED,MF,Midfielder,1,1,False,0.14285714285714285,0.09523809523809523,0.23809523809523808,0.13333333333333333,0.06190476190476191,0.13333333333333333,1.619047619047619,3.4285714285714284,4.095238095238095,False,False,,False,,False,,False
Hakan Çalhanoğlu,2024-2025,28,25,1879,20.9,5,6,11,2,3,4,5,0,4.4,1.3,5.6,6.9,52,173,51,30,Inter,TUR,MF,Midfielder,1,1,False,0.23923444976076558,0.28708133971291866,0.5263157894736843,0.21052631578947373,0.2679425837320574,0.06220095693779905,2.488038277511962,8.277511961722489,2.4401913875598087,False,True,,False,,False,,False
Máximo Perrone,2024-2025,26,20,1857,20.6,0,3,3,0,0,0,6,0,0.9,0.9,2.2,3.1,16,98,19,21,Como,ARG,MF,Midfielder,1,1,False,0.0,0.14563106796116504,0.14563106796116504,0.043689320388349516,0.10679611650485438,0.043689320388349516,0.7766990291262136,4.757281553398058,0.9223300970873786,False,False,,False,,False,,False
Reda Belahyane,2024-2025,28,18,1856,20.599999999999998,0,2,2,0,0,0,6,2,0.2,0.2,1.0,1.3,26,83,14,20,MULTI:Hellas Verona|Lazio,MAR,MF,Midfielder,1,2,True,0.0,0.09708737864077671,0.09708737864077671,0.00970873786407767,0.048543689320388356,0.00970873786407767,1.2621359223300972,4.029126213592233,0.6796116504854369,False,False,,False,,False,,False
Rolando Mandragora,2024-2025,28,22,1856,20.6,4,2,6,3,1,1,7,0,2.7,1.9,4.8,6.6,11,92,34,27,Fiorentina,ITA,MF,Midfielder,1,1,False,0.1941747572815534,0.0970873786407767,0.2912621359223301,0.13106796116504854,0.23300970873786406,0.09223300970873785,0.5339805825242718,4.466019417475728,1.6504854368932038,False,False,,False,,False,,False
Mandela Keita,2024-2025,30,24,1826,20.3,0,2,2,0,0,0,6,1,0.1,0.1,1.0,1.2,13,50,5,22,Parma,BEL,MF,Midfielder,1,1,False,0.0,0.09852216748768472,0.09852216748768472,0.0049261083743842365,0.04926108374384236,0.0049261083743842365,0.6403940886699507,2.4630541871921183,0.24630541871921183,False,False,,False,,False,,False
Ylber Ramadani,2024-2025,29,21,1807,20.1,1,1,2,1,0,0,4,0,0.6,0.6,1.1,1.7,9,60,7,28,Lecce,ALB,MF,Midfielder,1,1,False,0.04975124378109452,0.04975124378109452,0.09950248756218905,0.029850746268656712,0.05472636815920398,0.029850746268656712,0.4477611940298507,2.9850746268656714,0.34825870646766166,False,False,,False,,False,,False
Matìas Soulé,2024-2025,27,22,1781,19.8,5,5,10,5,0,0,3,0,3.0,3.0,5.2,8.3,84,89,191,21,Roma,ARG,"MF,DF",Midfielder,2,1,False,0.25252525252525254,0.25252525252525254,0.5050505050505051,0.15151515151515152,0.26262626262626265,0.15151515151515152,4.242424242424242,4.494949494949495,9.646464646464645,False,False,,False,,False,,False
Warren Bondo,2024-2025,24,22,1780,19.8,0,0,0,0,0,0,6,1,0.4,0.4,0.4,0.7999999999999999,27,46,21,20,MULTI:Milan|Monza,FRA,MF,Midfielder,1,2,True,0.0,0.0,0.0,0.020202020202020204,0.020202020202020204,0.020202020202020204,1.3636363636363635,2.323232323232323,1.0606060606060606,False,False,,False,,False,,False
Balthazar Pierret,2024-2025,30,21,1723,19.1,0,0,0,0,0,0,2,0,0.2,0.2,0.4,0.6,13,82,13,24,Lecce,FRA,MF,Midfielder,1,1,False,0.0,0.0,0.0,0.010471204188481676,0.020942408376963352,0.010471204188481676,0.6806282722513088,4.293193717277487,0.6806282722513088,False,False,,False,,False,,False
Danilo Cataldi,2024-2025,24,22,1712,19.0,3,0,3,3,0,0,1,0,1.1,1.1,0.8,1.9,18,90,16,29,Fiorentina,ITA,MF,Midfielder,1,1,False,0.15789473684210525,0.0,0.15789473684210525,0.05789473684210527,0.042105263157894736,0.05789473684210527,0.9473684210526315,4.7368421052631575,0.8421052631578947,False,False,,False,,False,,False
Fabio Miretti,2024-2025,25,22,1677,18.6,3,3,6,3,0,0,2,0,3.1,3.1,2.0,5.1,33,54,100,20,Genoa,ITA,"MF,FW",Midfielder,2,1,False,0.16129032258064516,0.16129032258064516,0.3225806451612903,0.16666666666666666,0.1075268817204301,0.16666666666666666,1.7741935483870965,2.9032258064516125,5.376344086021505,False,False,,False,,False,,False
Gianluca Caprari,2024-2025,34,18,1651,18.3,3,2,5,1,2,2,3,0,4.2,2.6,2.4,5.0,43,81,104,31,Monza,ITA,"MF,FW",Midfielder,2,1,False,0.16393442622950818,0.1092896174863388,0.27322404371584696,0.22950819672131148,0.13114754098360654,0.14207650273224043,2.349726775956284,4.426229508196721,5.683060109289618,False,False,,False,,False,,False
Lorenzo Pellegrini,2024-2025,25,20,1626,18.1,2,1,3,1,1,1,4,0,4.7,3.9,2.5,6.4,27,61,82,28,Roma,ITA,MF,Midfielder,1,1,False,0.11049723756906077,0.055248618784530384,0.16574585635359115,0.2596685082872928,0.13812154696132595,0.21546961325966849,1.4917127071823204,3.370165745856353,4.530386740331491,False,False,,False,,False,,False
Yunus Musah,2024-2025,29,19,1571,17.5,0,2,2,0,0,0,5,0,1.9,1.9,1.8,3.8,51,84,74,21,Milan,USA,"MF,FW",Midfielder,2,1,False,0.0,0.11428571428571428,0.11428571428571428,0.10857142857142857,0.10285714285714286,0.10857142857142857,2.914285714285714,4.8,4.228571428571429,False,False,,False,,False,,False
Daniel Maldini,2024-2025,30,18,1564,17.4,6,0,6,6,0,0,5,0,6.699999999999999,6.699999999999999,1.1,7.800000000000001,53,41,96,22,MULTI:Atalanta|Monza,ITA,"MF,FW",Midfielder,2,2,True,0.3448275862068966,0.0,0.3448275862068966,0.3850574712643678,0.06321839080459771,0.3850574712643678,3.0459770114942533,2.35632183908046,5.517241379310345,False,False,,False,,False,,False
Karol Linetty,2024-2025,28,18,1540,17.1,1,0,1,1,0,0,6,0,1.1,1.1,0.9,2.0,18,47,19,29,Torino,POL,MF,Midfielder,1,1,False,0.05847953216374269,0.0,0.05847953216374269,0.06432748538011696,0.05263157894736842,0.06432748538011696,1.0526315789473684,2.7485380116959064,1.111111111111111,False,False,,False,,False,,False
Patrizio Masini,2024-2025,26,16,1538,17.1,1,0,1,1,0,0,3,0,0.4,0.4,0.2,0.6,16,44,27,23,Genoa,ITA,MF,Midfielder,1,1,False,0.05847953216374269,0.0,0.05847953216374269,0.023391812865497075,0.011695906432748537,0.023391812865497075,0.935672514619883,2.573099415204678,1.5789473684210524,False,False,,False,,False,,False
Nicolò Fagioli,2024-2025,32,15,1533,17.0,1,2,3,1,0,0,4,0,1.1,1.1,3.1,4.2,34,91,37,23,MULTI:Fiorentina|Juventus,ITA,MF,Midfielder,1,2,True,0.058823529411764705,0.11764705882352941,0.17647058823529413,0.06470588235294118,0.1823529411764706,0.06470588235294118,2.0,5.352941176470588,2.176470588235294,False,False,,False,,False,,False
Youssef Maleh,2024-2025,22,17,1510,16.8,0,1,1,0,0,0,5,1,0.9,0.9,0.9,1.8,10,72,37,25,Empoli,MAR,MF,Midfielder,1,1,False,0.0,0.05952380952380952,0.05952380952380952,0.05357142857142857,0.05357142857142857,0.05357142857142857,0.5952380952380952,4.285714285714286,2.202380952380952,False,False,,False,,False,,False
Milan Badelj,2024-2025,23,21,1472,16.4,1,0,1,1,0,0,2,0,1.0,1.0,1.1,2.1,8,83,14,35,Genoa,CRO,MF,Midfielder,1,1,False,0.06097560975609757,0.0,0.06097560975609757,0.06097560975609757,0.06707317073170734,0.06097560975609757,0.48780487804878053,5.060975609756098,0.853658536585366,False,False,,False,,False,,False
Adrian Bernabe,2024-2025,21,18,1453,16.1,1,1,2,1,0,0,1,0,1.3,1.3,1.1,2.4,37,115,20,23,Parma,ESP,MF,Midfielder,1,1,False,0.06211180124223602,0.06211180124223602,0.12422360248447203,0.08074534161490683,0.06832298136645963,0.08074534161490683,2.2981366459627326,7.142857142857142,1.2422360248447204,False,False,,False,,False,,False
Alessandro Deiola,2024-2025,29,16,1432,15.9,2,1,3,2,0,0,6,0,1.7,1.7,0.6,2.4,11,40,36,28,Cagliari,ITA,MF,Midfielder,1,1,False,0.12578616352201258,0.06289308176100629,0.18867924528301885,0.10691823899371068,0.03773584905660377,0.10691823899371068,0.6918238993710691,2.5157232704402515,2.2641509433962264,False,False,,False,,False,,False
Gvidas Gineitis,2024-2025,30,15,1430,15.9,3,1,4,3,0,0,5,0,1.3,1.3,2.0,3.3,15,36,43,20,Torino,LTU,MF,Midfielder,1,1,False,0.18867924528301885,0.06289308176100629,0.25157232704402516,0.08176100628930817,0.12578616352201258,0.08176100628930817,0.9433962264150944,2.2641509433962264,2.7044025157232703,False,False,,False,,False,,False
Răzvan Marin,2024-2025,33,13,1406,15.6,3,2,5,1,2,2,4,0,2.4,0.8,3.6,4.5,22,84,29,28,Cagliari,ROU,MF,Midfielder,1,1,False,0.19230769230769232,0.12820512820512822,0.32051282051282054,0.15384615384615385,0.23076923076923078,0.05128205128205129,1.4102564102564104,5.384615384615385,1.858974358974359,False,False,,False,,False,,False
Jacopo Fazzini,2024-2025,20,16,1383,15.4,4,1,5,4,0,0,1,1,3.1,3.1,0.5,3.6,34,49,88,21,Empoli,ITA,MF,Midfielder,1,1,False,0.2597402597402597,0.06493506493506493,0.3246753246753247,0.2012987012987013,0.032467532467532464,0.2012987012987013,2.207792207792208,3.1818181818181817,5.714285714285714,False,False,,False,,False,,False
Martín Payero,2024-2025,25,16,1381,15.3,1,1,2,1,0,0,5,0,1.2,1.2,1.3,2.5,33,51,44,25,Udinese,ARG,MF,Midfielder,1,1,False,0.06535947712418301,0.06535947712418301,0.13071895424836602,0.0784313725490196,0.08496732026143791,0.0784313725490196,2.156862745098039,3.333333333333333,2.8758169934640523,False,False,,False,,False,,False
Suat Serdar,2024-2025,22,16,1376,15.3,2,1,3,2,0,0,4,1,1.9,1.9,1.0,2.9,18,56,35,27,Hellas Verona,GER,MF,Midfielder,1,1,False,0.13071895424836602,0.06535947712418301,0.19607843137254902,0.1241830065359477,0.06535947712418301,0.1241830065359477,1.1764705882352942,3.6601307189542482,2.287581699346405,False,False,,False,,False,,False
Leandro Paredes,2024-2025,22,15,1373,15.3,3,1,4,1,2,2,4,0,2.3,0.7,1.5,2.2,17,106,14,30,Roma,ARG,MF,Midfielder,1,1,False,0.19607843137254902,0.06535947712418301,0.26143790849673204,0.1503267973856209,0.09803921568627451,0.0457516339869281,1.1111111111111112,6.928104575163398,0.9150326797385621,False,False,,False,,False,,False
Hernani,2024-2025,25,15,1327,14.7,3,3,6,0,3,3,7,0,2.8,0.5,1.5,2.0,29,78,40,30,Parma,BRA,MF,Midfielder,1,1,False,0.20408163265306123,0.20408163265306123,0.40816326530612246,0.19047619047619047,0.10204081632653061,0.034013605442176874,1.9727891156462587,5.306122448979592,2.7210884353741496,False,False,,False,,False,,False
Arthur Atta,2024-2025,27,12,1251,13.9,0,1,1,0,0,0,5,0,1.3,1.3,1.4,2.8,31,57,77,21,Udinese,FRA,"MF,FW",Midfielder,2,1,False,0.0,0.07194244604316546,0.07194244604316546,0.09352517985611511,0.10071942446043164,0.09352517985611511,2.2302158273381294,4.100719424460432,5.539568345323741,False,False,,False,,False,,False
Niccolò Pisilli,2024-2025,28,11,1227,13.6,2,1,3,2,0,0,7,0,2.7,2.7,0.7,3.4,22,63,44,19,Roma,ITA,MF,Midfielder,1,1,False,0.14705882352941177,0.07352941176470588,0.22058823529411764,0.1985294117647059,0.051470588235294115,0.1985294117647059,1.6176470588235294,4.632352941176471,3.235294117647059,False,False,,False,,False,,False
Yacine Adli,2024-2025,25,14,1219,13.5,4,6,10,4,0,0,3,1,1.0,1.0,2.4,3.4,24,103,30,24,Fiorentina,FRA,MF,Midfielder,1,1,False,0.2962962962962963,0.4444444444444444,0.7407407407407407,0.07407407407407407,0.17777777777777778,0.07407407407407407,1.7777777777777777,7.62962962962963,2.2222222222222223,False,False,,False,,False,,False
Nikola Moro,2024-2025,22,15,1208,13.4,0,2,2,0,0,0,1,0,0.5,0.5,0.8,1.3,17,93,21,26,Bologna,CRO,MF,Midfielder,1,1,False,0.0,0.14925373134328357,0.14925373134328357,0.03731343283582089,0.05970149253731343,0.03731343283582089,1.2686567164179103,6.940298507462686,1.5671641791044775,False,False,,False,,False,,False
Tommaso Pobega,2024-2025,21,13,1178,13.1,2,2,4,2,0,0,6,2,2.1,2.0,1.4,3.4,12,42,23,25,Bologna,ITA,MF,Midfielder,1,1,False,0.15267175572519084,0.15267175572519084,0.3053435114503817,0.1603053435114504,0.10687022900763359,0.15267175572519084,0.916030534351145,3.2061068702290076,1.7557251908396947,False,False,,False,,False,,False
Billy Gilmour,2024-2025,26,13,1177,13.1,0,1,1,0,0,0,0,0,0.5,0.5,1.8,2.3,11,67,18,23,Napoli,SCO,MF,Midfielder,1,1,False,0.0,0.07633587786259542,0.07633587786259542,0.03816793893129771,0.13740458015267176,0.03816793893129771,0.8396946564885497,5.114503816793893,1.3740458015267176,False,False,,False,,False,,False
Lazar Samardzic,2024-2025,31,7,1169,13.0,2,1,3,2,0,0,3,0,2.0,2.0,2.9,4.9,54,92,99,22,Atalanta,SRB,MF,Midfielder,1,1,False,0.15384615384615385,0.07692307692307693,0.23076923076923078,0.15384615384615385,0.22307692307692306,0.15384615384615385,4.153846153846154,7.076923076923077,7.615384615384615,False,False,,False,,False,,False
Yannik Engelhardt,2024-2025,26,11,1164,12.9,1,1,2,1,0,0,4,0,0.6,0.6,1.5,2.0,18,54,18,23,Como,GER,"MF,DF",Midfielder,2,1,False,0.07751937984496124,0.07751937984496124,0.15503875968992248,0.046511627906976744,0.11627906976744186,0.046511627906976744,1.3953488372093024,4.186046511627906,1.3953488372093024,False,False,,False,,False,,False
Davide Frattesi,2024-2025,27,9,1158,12.9,5,1,6,5,0,0,1,0,4.0,4.0,0.8,4.8,23,31,50,24,Inter,ITA,MF,Midfielder,1,1,False,0.38759689922480617,0.07751937984496124,0.46511627906976744,0.31007751937984496,0.06201550387596899,0.31007751937984496,1.7829457364341086,2.4031007751937983,3.875968992248062,False,True,,False,,False,,False
Þórir Jóhann Helgason,2024-2025,21,13,1156,12.8,0,4,4,0,0,0,0,0,1.2,1.2,1.1,2.3,20,38,58,23,Lecce,ISL,MF,Midfielder,1,1,False,0.0,0.3125,0.3125,0.09374999999999999,0.0859375,0.09374999999999999,1.5625,2.96875,4.53125,False,False,,False,,False,,False
Faustino Anjorin,2024-2025,22,14,1114,12.4,2,3,5,2,0,0,3,0,0.9,0.9,1.7,2.5,28,55,35,22,Empoli,ENG,MF,Midfielder,1,1,False,0.16129032258064516,0.24193548387096772,0.4032258064516129,0.07258064516129033,0.13709677419354838,0.07258064516129033,2.258064516129032,4.435483870967742,2.82258064516129,False,False,,False,,False,,False
Kike Pérez,2024-2025,16,13,1114,12.4,1,0,1,1,0,0,4,0,0.9,0.9,1.2,2.1,18,60,31,27,Venezia,ESP,MF,Midfielder,1,1,False,0.08064516129032258,0.0,0.08064516129032258,0.07258064516129033,0.0967741935483871,0.07258064516129033,1.4516129032258065,4.838709677419355,2.5,False,False,,False,,False,,False
Patrick Ciurria,2024-2025,21,12,1111,12.3,1,1,2,1,0,0,1,0,0.8,0.8,2.3,3.1,19,27,52,29,Monza,ITA,"MF,DF",Midfielder,2,1,False,0.08130081300813008,0.08130081300813008,0.16260162601626016,0.06504065040650406,0.18699186991869915,0.06504065040650406,1.5447154471544715,2.195121951219512,4.227642276422764,False,False,,False,,False,,False
Maxence Caqueret,2024-2025,18,15,1087,12.1,2,3,5,2,0,0,4,0,0.8,0.8,1.5,2.4,15,76,46,24,Como,FRA,MF,Midfielder,1,1,False,0.1652892561983471,0.24793388429752067,0.4132231404958678,0.06611570247933884,0.12396694214876033,0.06611570247933884,1.2396694214876034,6.2809917355371905,3.8016528925619837,False,False,,False,,False,,False
Hamza Rafia,2024-2025,18,14,1058,11.8,0,0,0,0,0,0,4,0,0.5,0.5,1.4,1.9,13,51,32,25,Lecce,TUN,MF,Midfielder,1,1,False,0.0,0.0,0.0,0.0423728813559322,0.11864406779661016,0.0423728813559322,1.1016949152542372,4.322033898305085,2.711864406779661,False,False,,False,,False,,False
Yann Karamoh,2024-2025,29,10,1046,11.6,0,1,1,0,0,0,2,0,1.2,1.2,0.9,2.2,37,28,80,26,Torino,FRA,"MF,FW",Midfielder,2,1,False,0.0,0.08620689655172414,0.08620689655172414,0.10344827586206896,0.07758620689655173,0.10344827586206896,3.189655172413793,2.413793103448276,6.8965517241379315,False,False,,False,,False,,False
Ruben Loftus-Cheek,2024-2025,19,10,1037,11.5,0,0,0,0,0,0,3,0,0.7,0.7,1.9,2.6,27,51,32,28,Milan,ENG,MF,Midfielder,1,1,False,0.0,0.0,0.0,0.0608695652173913,0.16521739130434782,0.0608695652173913,2.347826086956522,4.434782608695652,2.782608695652174,False,False,,False,,False,,False
Amir Richardson,2024-2025,26,10,1024,11.4,1,1,2,1,0,0,6,0,0.9,0.9,0.6,1.5,19,47,31,22,Fiorentina,MAR,MF,Midfielder,1,1,False,0.08771929824561403,0.08771929824561403,0.17543859649122806,0.07894736842105263,0.05263157894736842,0.07894736842105263,1.6666666666666665,4.12280701754386,2.719298245614035,False,False,,False,,False,,False
Giovanni Fabbian,2024-2025,30,9,1023,11.4,3,1,4,3,0,0,2,0,2.3,2.3,1.3,3.7,14,17,43,21,Bologna,ITA,MF,Midfielder,1,1,False,0.2631578947368421,0.08771929824561403,0.3508771929824561,0.20175438596491227,0.11403508771929824,0.20175438596491227,1.2280701754385965,1.4912280701754386,3.7719298245614032,False,False,,False,,False,,False
Cesare Casadei,2024-2025,15,13,1017,11.3,1,1,2,1,0,0,1,0,1.2,1.2,0.4,1.5,14,36,12,21,Torino,ITA,MF,Midfielder,1,1,False,0.08849557522123894,0.08849557522123894,0.17699115044247787,0.10619469026548671,0.035398230088495575,0.10619469026548671,1.238938053097345,3.1858407079646014,1.0619469026548671,False,False,,False,,False,,False
Gianluca Gaetano,2024-2025,28,8,1009,11.2,2,4,6,2,0,0,0,0,4.9,4.9,2.2,7.1,11,41,82,24,Cagliari,ITA,"MF,FW",Midfielder,2,1,False,0.17857142857142858,0.35714285714285715,0.5357142857142857,0.43750000000000006,0.19642857142857145,0.43750000000000006,0.9821428571428572,3.660714285714286,7.321428571428572,False,False,,False,,False,,False
Marco Brescianini,2024-2025,29,9,991,11.0,4,2,6,4,0,0,1,0,3.1,3.1,1.0,4.1,46,36,69,24,Atalanta,ITA,MF,Midfielder,1,1,False,0.36363636363636365,0.18181818181818182,0.5454545454545454,0.2818181818181818,0.09090909090909091,0.2818181818181818,4.181818181818182,3.272727272727273,6.2727272727272725,False,False,,False,,False,,False
Lewis Ferguson,2024-2025,16,10,983,10.9,1,1,2,0,1,1,0,0,1.0,0.2,1.1,1.3,20,53,26,24,Bologna,SCO,MF,Midfielder,1,1,False,0.09174311926605504,0.09174311926605504,0.18348623853211007,0.09174311926605504,0.10091743119266056,0.01834862385321101,1.8348623853211008,4.862385321100917,2.385321100917431,False,False,,False,,False,,False
Kristjan Asllani,2024-2025,21,10,980,10.9,2,2,4,0,2,2,4,0,2.5,0.9,1.9,2.8,7,55,20,22,Inter,ALB,MF,Midfielder,1,1,False,0.18348623853211007,0.18348623853211007,0.36697247706422015,0.2293577981651376,0.17431192660550457,0.08256880733944955,0.6422018348623852,5.045871559633027,1.8348623853211008,False,True,,False,,False,,False
Piotr Zieliński,2024-2025,26,8,980,10.9,2,2,4,0,2,2,0,0,2.6,1.1,0.9,2.0,26,65,24,30,Inter,POL,MF,Midfielder,1,1,False,0.18348623853211007,0.18348623853211007,0.36697247706422015,0.23853211009174313,0.08256880733944955,0.10091743119266056,2.385321100917431,5.963302752293578,2.2018348623853212,False,True,,False,,False,,False
Jean-Daniel Akpa-Akpro,2024-2025,14,12,966,10.7,0,0,0,0,0,0,4,0,0.3,0.3,0.2,0.6,21,19,22,31,Monza,CIV,MF,Midfielder,1,1,False,0.0,0.0,0.0,0.028037383177570093,0.01869158878504673,0.028037383177570093,1.9626168224299068,1.7757009345794394,2.0560747663551404,False,False,,False,,False,,False
Alfred Duncan,2024-2025,16,12,957,10.6,0,0,0,0,0,0,2,0,0.8,0.8,1.1,1.9,11,53,12,31,Venezia,GHA,MF,Midfielder,1,1,False,0.0,0.0,0.0,0.07547169811320756,0.1037735849056604,0.07547169811320756,1.0377358490566038,5.0,1.1320754716981132,False,False,,False,,False,,False
Fisayo Dele-Bashiru,2024-2025,20,12,947,10.5,3,1,4,3,0,0,0,0,1.1,1.1,0.8,1.9,23,26,57,23,Lazio,NGA,"MF,FW",Midfielder,2,1,False,0.2857142857142857,0.09523809523809523,0.38095238095238093,0.10476190476190476,0.0761904761904762,0.10476190476190476,2.1904761904761907,2.4761904761904763,5.428571428571429,False,False,,False,,False,,False
Issa Doumbia,2024-2025,24,10,939,10.4,0,0,0,0,0,0,0,0,1.0,1.0,0.1,1.2,12,22,29,20,Venezia,ITA,MF,Midfielder,1,1,False,0.0,0.0,0.0,0.09615384615384615,0.009615384615384616,0.09615384615384615,1.1538461538461537,2.1153846153846154,2.7884615384615383,False,False,,False,,False,,False
Mattia Felici,2024-2025,20,9,925,10.3,0,3,3,0,0,0,1,0,0.6,0.6,1.0,1.6,39,19,75,23,Cagliari,ITA,"MF,FW",Midfielder,2,1,False,0.0,0.2912621359223301,0.2912621359223301,0.058252427184466014,0.0970873786407767,0.058252427184466014,3.786407766990291,1.8446601941747571,7.281553398058252,False,False,,False,,False,,False
Ivan Ilić,2024-2025,19,9,920,10.2,1,0,1,1,0,0,4,0,0.9,0.9,1.1,2.1,24,45,41,23,Torino,SRB,MF,Midfielder,1,1,False,0.09803921568627452,0.0,0.09803921568627452,0.08823529411764706,0.10784313725490198,0.08823529411764706,2.3529411764705883,4.411764705882353,4.019607843137255,False,False,,False,,False,,False
Oier Zarraga,2024-2025,22,9,896,10.0,1,0,1,1,0,0,0,0,0.4,0.4,0.4,0.8,7,28,23,25,Udinese,ESP,MF,Midfielder,1,1,False,0.1,0.0,0.1,0.04,0.04,0.04,0.7,2.8,2.3,False,False,,False,,False,,False
Matías Vecino,2024-2025,20,7,877,9.7,2,3,5,2,0,0,7,0,2.3,2.3,2.4,4.6,4,29,14,32,Lazio,URU,MF,Midfielder,1,1,False,0.2061855670103093,0.30927835051546393,0.5154639175257733,0.23711340206185566,0.24742268041237114,0.23711340206185566,0.4123711340206186,2.9896907216494846,1.4432989690721651,False,False,,False,,False,,False
Grigoris Kastanos,2024-2025,27,8,872,9.7,1,1,2,1,0,0,4,0,1.0,1.0,1.7,2.7,12,34,27,26,Hellas Verona,CYP,"MF,FW",Midfielder,2,1,False,0.10309278350515465,0.10309278350515465,0.2061855670103093,0.10309278350515465,0.1752577319587629,0.10309278350515465,1.2371134020618557,3.505154639175258,2.7835051546391756,False,False,,False,,False,,False
Matteo Pessina,2024-2025,11,10,854,9.5,0,0,0,0,0,0,2,0,0.2,0.2,0.1,0.3,8,28,20,27,Monza,ITA,MF,Midfielder,1,1,False,0.0,0.0,0.0,0.021052631578947368,0.010526315789473684,0.021052631578947368,0.8421052631578947,2.9473684210526314,2.1052631578947367,False,False,,False,,False,,False
Junior Messias,2024-2025,17,8,847,9.4,1,1,2,1,0,1,1,0,2.4,1.4,0.7,2.1,32,32,49,33,Genoa,BRA,"MF,FW",Midfielder,2,1,False,0.10638297872340426,0.10638297872340426,0.2127659574468085,0.2553191489361702,0.07446808510638298,0.14893617021276595,3.404255319148936,3.404255319148936,5.212765957446808,False,False,,False,,False,,False
Edoardo Bove,2024-2025,11,10,836,9.3,1,2,3,1,0,0,3,0,0.6,0.6,1.5,2.1,12,37,24,22,Fiorentina,ITA,"MF,FW",Midfielder,2,1,False,0.1075268817204301,0.2150537634408602,0.3225806451612903,0.06451612903225806,0.16129032258064516,0.06451612903225806,1.2903225806451613,3.9784946236559136,2.5806451612903225,False,False,,False,,False,,False
Tommaso Baldanzi,2024-2025,31,5,832,9.2,1,1,2,1,0,0,2,0,1.4,1.4,1.0,2.4,39,23,57,21,Roma,ITA,"MF,FW",Midfielder,2,1,False,0.10869565217391305,0.10869565217391305,0.2173913043478261,0.15217391304347827,0.10869565217391305,0.15217391304347827,4.239130434782609,2.5,6.195652173913044,False,False,,False,,False,,False
João Félix,2024-2025,15,8,760,8.4,2,0,2,2,0,0,3,0,2.7,2.7,1.2,3.8,20,40,56,24,Milan,POR,MF,Midfielder,1,1,False,0.23809523809523808,0.0,0.23809523809523808,0.32142857142857145,0.14285714285714285,0.32142857142857145,2.380952380952381,4.761904761904762,6.666666666666666,False,False,,False,,False,,False
Ola Solbakken,2024-2025,21,8,760,8.4,0,0,0,0,0,0,2,0,0.8,0.8,0.4,1.2,18,20,32,25,Empoli,NOR,"MF,FW",Midfielder,2,1,False,0.0,0.0,0.0,0.09523809523809523,0.047619047619047616,0.09523809523809523,2.142857142857143,2.380952380952381,3.8095238095238093,False,False,,False,,False,,False
Cheikh Tidiane Niasse,2024-2025,11,8,755,8.4,0,0,0,0,0,0,4,0,0.4,0.4,0.1,0.5,5,25,15,24,Hellas Verona,SEN,MF,Midfielder,1,1,False,0.0,0.0,0.0,0.047619047619047616,0.011904761904761904,0.047619047619047616,0.5952380952380952,2.9761904761904763,1.7857142857142856,False,False,,False,,False,,False
Kacper Urbanski,2024-2025,15,7,747,8.3,1,0,1,1,0,0,3,0,0.4,0.4,0.6,1.1,15,56,33,19,MULTI:Bologna|Monza,POL,MF,Midfielder,1,2,True,0.12048192771084336,0.0,0.12048192771084336,0.048192771084337345,0.07228915662650602,0.048192771084337345,1.8072289156626504,6.746987951807228,3.975903614457831,False,False,,False,,False,,False
Gaetano Castrovilli,2024-2025,21,8,744,8.2,0,0,0,0,0,0,0,0,0.4,0.4,1.1,1.5,15,34,34,27,MULTI:Lazio|Monza,ITA,"MF,FW",Midfielder,2,2,True,0.0,0.0,0.0,0.04878048780487806,0.13414634146341467,0.04878048780487806,1.829268292682927,4.146341463414634,4.146341463414634,False,False,,False,,False,,False
Michel Aebischer,2024-2025,14,9,724,8.0,0,0,0,0,0,0,2,0,0.4,0.4,0.4,0.8,8,33,17,27,Bologna,SUI,MF,Midfielder,1,1,False,0.0,0.0,0.0,0.05,0.05,0.05,1.0,4.125,2.125,False,False,,False,,False,,False
Medon Berisha,2024-2025,17,7,716,8.0,0,1,1,0,0,0,5,0,0.7,0.7,0.6,1.3,13,42,17,20,Lecce,ALB,MF,Midfielder,1,1,False,0.0,0.125,0.125,0.0875,0.075,0.0875,1.625,5.25,2.125,False,False,,False,,False,,False
Sergi Roberto,2024-2025,13,8,696,7.7,0,1,1,0,0,0,4,0,0.7,0.7,0.7,1.4,10,36,19,32,Como,ESP,MF,Midfielder,1,1,False,0.0,0.12987012987012986,0.12987012987012986,0.0909090909090909,0.0909090909090909,0.0909090909090909,1.2987012987012987,4.675324675324675,2.4675324675324677,False,False,,False,,False,,False
Magnus Kofod Andersen,2024-2025,14,7,695,7.7,1,1,2,1,0,0,1,0,0.3,0.3,0.5,0.7,7,24,18,25,Venezia,DEN,MF,Midfielder,1,1,False,0.12987012987012986,0.12987012987012986,0.2597402597402597,0.03896103896103896,0.06493506493506493,0.03896103896103896,0.9090909090909091,3.116883116883117,2.3376623376623376,False,False,,False,,False,,False
Nahuel Estévez,2024-2025,14,7,657,7.3,0,0,0,0,0,0,3,0,0.1,0.1,0.8,0.8,3,30,4,28,Parma,ARG,MF,Midfielder,1,1,False,0.0,0.0,0.0,0.013698630136986302,0.10958904109589042,0.013698630136986302,0.4109589041095891,4.109589041095891,0.547945205479452,False,False,,False,,False,,False
Adrien Tameze,2024-2025,20,9,649,7.2,0,0,0,0,0,0,3,0,0.4,0.4,0.8,1.2,16,23,21,30,Torino,CMR,"MF,DF",Midfielder,2,1,False,0.0,0.0,0.0,0.05555555555555556,0.11111111111111112,0.05555555555555556,2.2222222222222223,3.194444444444444,2.9166666666666665,False,False,,False,,False,,False
Antoine Bernede,2024-2025,14,7,594,6.6,1,0,1,1,0,0,2,0,0.8,0.8,0.5,1.2,7,29,22,25,Hellas Verona,FRA,MF,Midfielder,1,1,False,0.15151515151515152,0.0,0.15151515151515152,0.12121212121212123,0.07575757575757576,0.12121212121212123,1.0606060606060606,4.3939393939393945,3.3333333333333335,False,False,,False,,False,,False
Matteo Prati,2024-2025,12,8,570,6.3,0,0,0,0,0,0,1,0,0.1,0.1,0.7,0.8,2,23,7,20,Cagliari,ITA,MF,Midfielder,1,1,False,0.0,0.0,0.0,0.015873015873015876,0.1111111111111111,0.015873015873015876,0.31746031746031744,3.6507936507936507,1.1111111111111112,False,False,,False,,False,,False
Douglas Luiz,2024-2025,19,3,529,5.9,0,0,0,0,0,0,2,0,0.6,0.6,1.0,1.6,16,35,12,26,Juventus,BRA,MF,Midfielder,1,1,False,0.0,0.0,0.0,0.10169491525423728,0.1694915254237288,0.10169491525423728,2.711864406779661,5.932203389830508,2.0338983050847457,False,False,,False,,False,,False
Samuele Vignato,2024-2025,17,3,470,5.2,0,0,0,0,0,0,0,0,0.3,0.3,0.0,0.3,5,17,30,20,Monza,ITA,MF,Midfielder,1,1,False,0.0,0.0,0.0,0.05769230769230769,0.0,0.05769230769230769,0.9615384615384615,3.269230769230769,5.769230769230769,False,False,,False,,False,,False
Abdou Harroui,2024-2025,10,5,463,5.1,1,2,3,1,0,0,1,0,2.2,2.2,0.4,2.6,23,21,34,26,Hellas Verona,NED,"MF,FW",Midfielder,2,1,False,0.19607843137254904,0.3921568627450981,0.5882352941176471,0.4313725490196079,0.07843137254901962,0.4313725490196079,4.509803921568627,4.11764705882353,6.666666666666667,False,False,,False,,False,,False
Mohamed Haj,2024-2025,15,3,453,5.0,1,2,3,1,0,0,4,0,0.6,0.6,1.2,1.8,6,13,28,19,Parma,TUN,MF,Midfielder,1,1,False,0.2,0.4,0.6,0.12,0.24,0.12,1.2,2.6,5.6,False,False,,False,,False,,False
Mohamed Kaba,2024-2025,15,2,452,5.0,0,0,0,0,0,0,1,0,0.3,0.3,0.0,0.4,3,18,8,22,Lecce,FRA,MF,Midfielder,1,1,False,0.0,0.0,0.0,0.06,0.0,0.06,0.6,3.6,1.6,False,False,,False,,False,,False
