player_name,season,MP,Starts,Min,90s,Gls,Ast,G_plus_A,G_minus_PK,PK,PKatt,CrdY,CrdR,xG,npxG,xAG,npxG_plus_xAG,PrgC,PrgP,PrgR,age,team,nation,positions_all,primary_position,n_positions,n_source_rows,transferred_midseason,Gls_per90,Ast_per90,GA_per90,xG_per90,xAG_per90,npxG_per90,PrgC_per90,PrgP_per90,PrgR_per90,is_low_sample,is_inter,contract_years_left,is_loan,contract_raw,has_contract_info,departed,has_departure_label
Abdelhamid Sabiri,2022-2023,18,12,1069,11.9,2,0,2,1,1,2,5,0,3.0,1.4,1.4,2.8,7,49,54,25,Sampdoria,MAR,"MF,FW",Midfielder,2,1,False,0.1680672268907563,0.0,0.1680672268907563,0.25210084033613445,0.1176470588235294,0.1176470588235294,0.5882352941176471,4.117647058823529,4.53781512605042,False,False,,False,,False,,False
Abdou Harroui,2022-2023,23,5,647,7.2,2,0,2,2,0,0,2,0,1.5,1.5,0.3,1.8,21,36,32,24,Sassuolo,NED,MF,Midfielder,1,1,False,0.2777777777777778,0.0,0.2777777777777778,0.20833333333333331,0.041666666666666664,0.20833333333333331,2.9166666666666665,5.0,4.444444444444445,False,False,,False,,False,,False
Adam Marušić,2022-2023,33,31,2760,30.7,0,2,2,0,0,0,8,1,0.7,0.7,1.1,1.8,38,116,43,29,Lazio,MNE,DF,Defender,1,1,False,0.0,0.06514657980456026,0.06514657980456026,0.02280130293159609,0.035830618892508145,0.02280130293159609,1.237785016286645,3.778501628664495,1.4006514657980456,False,False,,False,,False,,False
Adam Masina,2022-2023,14,8,789,8.8,2,0,2,2,0,0,2,0,0.1,0.1,0.2,0.3,4,24,6,28,Udinese,MAR,DF,Defender,1,1,False,0.22727272727272727,0.0,0.22727272727272727,0.011363636363636364,0.022727272727272728,0.011363636363636364,0.45454545454545453,2.727272727272727,0.6818181818181818,False,False,,False,,False,,False
Adam Ounas,2022-2023,2,0,15,0.2,0,0,0,0,0,0,0,0,0.0,0.0,0.0,0.0,3,4,1,25,Napoli,ALG,FW,Forward,1,1,False,0.0,0.0,0.0,0.0,0.0,0.0,15.0,20.0,5.0,True,False,,False,,False,,False
Adama Soumaoro,2022-2023,23,22,1867,20.7,0,0,0,0,0,0,5,1,0.3,0.3,0.0,0.3,7,50,1,30,Bologna,FRA,DF,Defender,1,1,False,0.0,0.0,0.0,0.014492753623188406,0.0,0.014492753623188406,0.33816425120772947,2.4154589371980677,0.04830917874396135,False,False,,False,,False,,False
Ademola Lookman,2022-2023,31,20,1729,19.2,13,6,19,10,3,3,3,0,9.1,6.7,6.6,13.3,73,79,185,24,Atalanta,NGA,"FW,MF",Forward,2,1,False,0.6770833333333334,0.3125,0.9895833333333334,0.4739583333333333,0.34375,0.34895833333333337,3.8020833333333335,4.114583333333334,9.635416666666668,False,False,,False,,False,,False
Adolfo Gaich,2022-2023,16,8,726,8.1,2,0,2,2,0,0,2,0,2.5,2.5,0.4,2.9,6,11,33,23,Hellas Verona,ARG,FW,Forward,1,1,False,0.2469135802469136,0.0,0.2469135802469136,0.308641975308642,0.04938271604938272,0.308641975308642,0.7407407407407408,1.3580246913580247,4.074074074074074,False,False,,False,,False,,False
Adrien Rabiot,2022-2023,32,31,2748,30.5,8,4,12,8,0,0,9,0,6.2,5.8,2.3,8.2,72,133,109,27,Juventus,FRA,MF,Midfielder,1,1,False,0.26229508196721313,0.13114754098360656,0.39344262295081966,0.20327868852459016,0.07540983606557376,0.1901639344262295,2.360655737704918,4.360655737704918,3.5737704918032787,False,False,,False,,False,,False
Adrien Tameze,2022-2023,37,35,3031,33.7,0,0,0,0,0,0,3,0,0.9,0.9,0.9,1.8,32,103,58,28,Hellas Verona,CMR,MF,Midfielder,1,1,False,0.0,0.0,0.0,0.026706231454005934,0.026706231454005934,0.026706231454005934,0.9495548961424332,3.0563798219584566,1.7210682492581602,False,False,,False,,False,,False
Agustín Álvarez,2022-2023,22,1,368,4.1,1,1,2,1,0,0,1,0,1.5,1.5,0.4,1.9,2,6,19,21,Sassuolo,URU,"FW,MF",Forward,2,1,False,0.24390243902439027,0.24390243902439027,0.48780487804878053,0.3658536585365854,0.09756097560975611,0.3658536585365854,0.48780487804878053,1.4634146341463417,4.634146341463415,True,False,,False,,False,,False
Ajdin Hrustic,2022-2023,6,3,226,2.5,0,0,0,0,0,0,0,0,0.3,0.3,0.6,0.9,7,8,12,26,Hellas Verona,AUS,MF,Midfielder,1,1,False,0.0,0.0,0.0,0.12,0.24,0.12,2.8,3.2,4.8,True,False,,False,,False,,False
Alberto Basso,2022-2023,1,0,16,0.2,0,0,0,0,0,0,0,0,0.0,0.0,0.0,0.0,0,1,2,18,Cremonese,ITA,MF,Midfielder,1,1,False,0.0,0.0,0.0,0.0,0.0,0.0,0.0,5.0,10.0,True,False,,False,,False,,False
Alberto Grassi,2022-2023,25,14,1194,13.3,0,0,0,0,0,0,3,0,0.6,0.6,0.4,0.9,5,50,10,27,Empoli,ITA,MF,Midfielder,1,1,False,0.0,0.0,0.0,0.045112781954887216,0.03007518796992481,0.045112781954887216,0.37593984962406013,3.7593984962406015,0.7518796992481203,False,False,,False,,False,,False
Albin Ekdal,2022-2023,31,18,1734,19.3,0,2,2,0,0,0,6,1,2.9,2.9,1.6,4.4,15,80,35,33,Spezia,SWE,MF,Midfielder,1,1,False,0.0,0.10362694300518134,0.10362694300518134,0.15025906735751293,0.08290155440414508,0.15025906735751293,0.7772020725388601,4.1450777202072535,1.8134715025906736,False,False,,False,,False,,False
Aleksa Terzić,2022-2023,22,8,935,10.4,1,1,2,1,0,0,2,0,0.4,0.4,1.9,2.3,49,40,61,22,Fiorentina,SRB,DF,Defender,1,1,False,0.09615384615384615,0.09615384615384615,0.1923076923076923,0.038461538461538464,0.18269230769230768,0.038461538461538464,4.711538461538462,3.846153846153846,5.865384615384615,False,False,,False,,False,,False
Aleksei Miranchuk,2022-2023,29,24,2089,23.2,4,5,9,4,0,0,0,0,2.9,2.9,4.2,7.1,47,99,105,26,Torino,RUS,MF,Midfielder,1,1,False,0.1724137931034483,0.21551724137931036,0.3879310344827586,0.125,0.1810344827586207,0.125,2.0258620689655173,4.267241379310345,4.525862068965518,False,False,,False,,False,,False
Alessandro Bastoni,2022-2023,29,26,2157,24.0,0,2,2,0,0,0,3,0,1.0,1.0,2.7,3.7,47,141,44,23,Inter,ITA,DF,Defender,1,1,False,0.0,0.08333333333333333,0.08333333333333333,0.041666666666666664,0.1125,0.041666666666666664,1.9583333333333333,5.875,1.8333333333333333,False,True,1.0,False,1.0,True,0,True
Alessandro Bianco,2022-2023,7,2,153,1.7,0,0,0,0,0,0,1,0,0.1,0.1,0.0,0.1,4,9,2,19,Fiorentina,ITA,MF,Midfielder,1,1,False,0.0,0.0,0.0,0.05882352941176471,0.0,0.05882352941176471,2.3529411764705883,5.294117647058823,1.1764705882352942,True,False,,False,,False,,False
Alessandro Buongiorno,2022-2023,34,30,2721,30.2,1,2,3,1,0,0,8,0,2.2,2.2,1.3,3.6,13,81,19,23,Torino,ITA,DF,Defender,1,1,False,0.033112582781456956,0.06622516556291391,0.09933774834437087,0.07284768211920531,0.043046357615894044,0.07284768211920531,0.43046357615894043,2.6821192052980134,0.6291390728476821,False,False,,False,,False,,False
Alessandro Cortinovis,2022-2023,1,0,6,0.1,0,0,0,0,0,0,0,0,0.0,0.0,0.0,0.0,0,2,2,21,Hellas Verona,ITA,MF,Midfielder,1,1,False,0.0,0.0,0.0,0.0,0.0,0.0,0.0,20.0,20.0,True,False,,False,,False,,False
Alessandro Florenzi,2022-2023,6,2,203,2.3,0,0,0,0,0,0,1,0,0.8,0.8,0.5,1.2,1,10,19,31,Milan,ITA,DF,Defender,1,1,False,0.0,0.0,0.0,0.3478260869565218,0.2173913043478261,0.3478260869565218,0.4347826086956522,4.347826086956522,8.260869565217392,True,False,,False,,False,,False
Alessandro Russo,2022-2023,1,1,90,1.0,0,0,0,0,0,0,0,0,0.0,0.0,0.0,0.0,0,0,0,21,Sassuolo,ITA,GK,Goalkeeper,1,1,False,0.0,0.0,0.0,0.0,0.0,0.0,0.0,0.0,0.0,True,False,,False,,False,,False
Alessandro Tuia,2022-2023,7,6,509,5.7,0,0,0,0,0,0,1,0,0.1,0.1,0.0,0.1,1,20,0,32,Lecce,ITA,DF,Defender,1,1,False,0.0,0.0,0.0,0.017543859649122806,0.0,0.017543859649122806,0.17543859649122806,3.508771929824561,0.0,False,False,,False,,False,,False
Alessandro Zanoli,2022-2023,23,16,1552,17.200000000000003,2,3,5,2,0,0,3,0,2.7,2.7,1.2,3.9,51,36,62,21,MULTI:Napoli|Sampdoria,ITA,DF,Defender,1,2,True,0.11627906976744184,0.17441860465116277,0.2906976744186046,0.15697674418604649,0.0697674418604651,0.15697674418604649,2.965116279069767,2.093023255813953,3.604651162790697,False,False,,False,,False,,False
Alessio Cragno,2022-2023,1,1,90,1.0,0,0,0,0,0,0,0,0,0.0,0.0,0.0,0.0,0,0,0,28,Monza,ITA,GK,Goalkeeper,1,1,False,0.0,0.0,0.0,0.0,0.0,0.0,0.0,0.0,0.0,True,False,,False,,False,,False
Alessio Romagnoli,2022-2023,34,33,2922,32.5,2,0,2,2,0,0,6,0,1.4,1.4,0.1,1.6,3,62,3,27,Lazio,ITA,DF,Defender,1,1,False,0.06153846153846154,0.0,0.06153846153846154,0.043076923076923075,0.003076923076923077,0.043076923076923075,0.09230769230769231,1.9076923076923078,0.09230769230769231,False,False,,False,,False,,False
Alessio Zerbin,2022-2023,10,2,198,2.2,0,0,0,0,0,0,1,0,0.3,0.3,0.0,0.3,5,6,20,23,Napoli,ITA,FW,Forward,1,1,False,0.0,0.0,0.0,0.13636363636363635,0.0,0.13636363636363635,2.2727272727272725,2.727272727272727,9.09090909090909,True,False,,False,,False,,False
Alex Cordaz,2022-2023,1,0,26,0.3,0,0,0,0,0,0,0,0,0.0,0.0,0.0,0.0,0,0,0,39,Inter,ITA,GK,Goalkeeper,1,1,False,0.0,0.0,0.0,0.0,0.0,0.0,0.0,0.0,0.0,True,True,0.0,False,0.0,True,1,True
Alex Ferrari,2022-2023,28,23,1875,20.799999999999997,0,0,0,0,0,0,6,0,0.2,0.2,0.5,0.6,9,52,8,28,MULTI:Cremonese|Sampdoria,ITA,DF,Defender,1,2,True,0.0,0.0,0.0,0.009615384615384618,0.024038461538461543,0.009615384615384618,0.43269230769230776,2.5000000000000004,0.3846153846153847,False,False,,False,,False,,False
Alex Meret,2022-2023,34,34,3060,34.0,0,0,0,0,0,0,0,0,0.0,0.0,0.0,0.0,0,0,0,25,Napoli,ITA,GK,Goalkeeper,1,1,False,0.0,0.0,0.0,0.0,0.0,0.0,0.0,0.0,0.0,False,False,,False,,False,,False
Alex Sandro,2022-2023,25,21,1787,19.9,0,1,1,0,0,0,5,1,0.2,0.2,0.9,1.1,51,97,25,31,Juventus,BRA,DF,Defender,1,1,False,0.0,0.05025125628140704,0.05025125628140704,0.010050251256281409,0.04522613065326633,0.010050251256281409,2.562814070351759,4.874371859296483,1.256281407035176,False,False,,False,,False,,False
Alexis Blin,2022-2023,35,26,2376,26.4,1,0,1,1,0,0,8,0,2.8,2.8,1.1,3.9,13,101,32,25,Lecce,FRA,MF,Midfielder,1,1,False,0.03787878787878788,0.0,0.03787878787878788,0.10606060606060606,0.04166666666666667,0.10606060606060606,0.49242424242424243,3.825757575757576,1.2121212121212122,False,False,,False,,False,,False
Alexis Saelemaekers,2022-2023,30,14,1403,15.6,2,3,5,2,0,0,1,0,2.5,2.5,4.1,6.6,52,52,143,23,Milan,BEL,"FW,DF",Forward,2,1,False,0.12820512820512822,0.19230769230769232,0.32051282051282054,0.16025641025641027,0.26282051282051283,0.16025641025641027,3.3333333333333335,3.3333333333333335,9.166666666666666,False,False,,False,,False,,False
Alfred Duncan,2022-2023,25,13,1103,12.3,1,0,1,1,0,0,3,0,0.5,0.5,0.6,1.1,18,70,30,29,Fiorentina,GHA,MF,Midfielder,1,1,False,0.08130081300813008,0.0,0.08130081300813008,0.04065040650406504,0.048780487804878044,0.04065040650406504,1.4634146341463414,5.691056910569105,2.4390243902439024,False,False,,False,,False,,False
Amir Rrahmani,2022-2023,29,27,2448,27.2,2,1,3,2,0,0,2,0,1.8,1.8,1.0,2.9,23,135,5,28,Napoli,KVX,DF,Defender,1,1,False,0.07352941176470588,0.03676470588235294,0.11029411764705882,0.0661764705882353,0.03676470588235294,0.0661764705882353,0.8455882352941176,4.963235294117647,0.18382352941176472,False,False,,False,,False,,False
Andre-Frank Zambo Anguissa,2022-2023,36,36,3050,33.9,3,5,8,3,0,0,3,0,4.4,4.4,2.6,7.0,58,181,140,26,Napoli,CMR,MF,Midfielder,1,1,False,0.08849557522123894,0.14749262536873156,0.2359882005899705,0.1297935103244838,0.07669616519174041,0.1297935103244838,1.7109144542772863,5.339233038348083,4.129793510324484,False,False,,False,,False,,False
Andrea Barberis,2022-2023,9,3,338,3.8,0,1,1,0,0,0,0,0,0.1,0.1,0.4,0.5,3,14,0,28,Monza,ITA,MF,Midfielder,1,1,False,0.0,0.2631578947368421,0.2631578947368421,0.026315789473684213,0.10526315789473685,0.026315789473684213,0.7894736842105263,3.68421052631579,0.0,True,False,,False,,False,,False
Andrea Belotti,2022-2023,31,11,1146,12.7,0,2,2,0,0,1,0,0,3.5,2.7,1.6,4.3,21,13,94,28,Roma,ITA,FW,Forward,1,1,False,0.0,0.15748031496062992,0.15748031496062992,0.2755905511811024,0.12598425196850396,0.21259842519685043,1.6535433070866143,1.0236220472440944,7.4015748031496065,False,False,,False,,False,,False
Andrea Cambiaso,2022-2023,32,25,2170,24.1,0,3,3,0,0,0,2,0,0.9,0.9,2.4,3.3,64,83,105,22,Bologna,ITA,DF,Defender,1,1,False,0.0,0.12448132780082986,0.12448132780082986,0.03734439834024896,0.0995850622406639,0.03734439834024896,2.6556016597510372,3.4439834024896263,4.356846473029045,False,False,,False,,False,,False
Andrea Carboni,2022-2023,4,1,167,1.9,0,0,0,0,0,0,0,0,0.1,0.1,0.1,0.2,4,9,2,21,Monza,ITA,DF,Defender,1,1,False,0.0,0.0,0.0,0.052631578947368425,0.052631578947368425,0.052631578947368425,2.1052631578947367,4.736842105263158,1.0526315789473684,True,False,,False,,False,,False
Andrea Colpani,2022-2023,27,10,948,10.5,4,1,5,4,0,0,1,0,2.1,2.1,1.9,4.1,31,51,69,23,Monza,ITA,MF,Midfielder,1,1,False,0.38095238095238093,0.09523809523809523,0.47619047619047616,0.2,0.18095238095238095,0.2,2.9523809523809526,4.857142857142857,6.571428571428571,False,False,,False,,False,,False
Andrea Consigli,2022-2023,35,35,3150,35.0,0,0,0,0,0,0,0,0,0.0,0.0,0.0,0.0,0,1,0,35,Sassuolo,ITA,GK,Goalkeeper,1,1,False,0.0,0.0,0.0,0.0,0.0,0.0,0.0,0.02857142857142857,0.0,False,False,,False,,False,,False
Andrea Conti,2022-2023,1,0,23,0.3,0,0,0,0,0,0,0,0,0.0,0.0,0.0,0.0,0,1,2,28,Sampdoria,ITA,DF,Defender,1,1,False,0.0,0.0,0.0,0.0,0.0,0.0,0.0,3.3333333333333335,6.666666666666667,True,False,,False,,False,,False
Andrea Petagna,2022-2023,31,19,1663,18.5,4,5,9,3,1,1,2,0,5.7,4.9,4.4,9.3,23,34,132,27,Monza,ITA,FW,Forward,1,1,False,0.21621621621621623,0.2702702702702703,0.4864864864864865,0.3081081081081081,0.23783783783783785,0.2648648648648649,1.2432432432432432,1.837837837837838,7.135135135135135,False,False,,False,,False,,False
Andrea Pinamonti,2022-2023,32,25,2161,24.0,5,0,5,4,1,1,3,1,7.1,6.3,1.5,7.8,17,29,166,23,Sassuolo,ITA,FW,Forward,1,1,False,0.20833333333333334,0.0,0.20833333333333334,0.29583333333333334,0.0625,0.2625,0.7083333333333334,1.2083333333333333,6.916666666666667,False,False,,False,,False,,False
Andrea Ranocchia,2022-2023,1,1,47,0.5,0,0,0,0,0,0,0,0,0.0,0.0,0.0,0.0,0,0,0,34,Monza,ITA,DF,Defender,1,1,False,0.0,0.0,0.0,0.0,0.0,0.0,0.0,0.0,0.0,True,False,,False,,False,,False
Andrew Gravillon,2022-2023,7,4,312,3.5,0,0,0,0,0,0,2,0,0.0,0.0,0.0,0.0,1,9,0,24,Torino,GLP,DF,Defender,1,1,False,0.0,0.0,0.0,0.0,0.0,0.0,0.2857142857142857,2.5714285714285716,0.0,True,False,,False,,False,,False
André Onana,2022-2023,24,24,2160,24.0,0,0,0,0,0,0,1,0,0.0,0.0,0.1,0.1,0,2,0,26,Inter,CMR,GK,Goalkeeper,1,1,False,0.0,0.0,0.0,0.0,0.004166666666666667,0.0,0.0,0.08333333333333333,0.0,False,True,4.0,False,4.0,True,1,True
Ante Rebić,2022-2023,23,10,980,10.9,3,2,5,3,0,0,4,0,3.5,3.5,2.0,5.5,17,29,92,28,Milan,CRO,"FW,MF",Forward,2,1,False,0.27522935779816515,0.18348623853211007,0.4587155963302752,0.3211009174311926,0.18348623853211007,0.3211009174311926,1.5596330275229358,2.6605504587155964,8.440366972477063,False,False,,False,,False,,False
Antonino Gallo,2022-2023,32,28,2486,27.6,0,1,1,0,0,0,5,1,0.6,0.6,1.9,2.6,71,154,65,22,Lecce,ITA,DF,Defender,1,1,False,0.0,0.036231884057971016,0.036231884057971016,0.021739130434782608,0.06884057971014491,0.021739130434782608,2.572463768115942,5.579710144927536,2.3550724637681157,False,False,,False,,False,,False
Antonio Candreva,2022-2023,35,32,2726,30.3,7,4,11,7,0,0,3,1,3.7,3.7,4.7,8.3,71,135,171,35,Salernitana,ITA,"MF,DF",Midfielder,2,1,False,0.23102310231023102,0.132013201320132,0.36303630363036304,0.12211221122112212,0.1551155115511551,0.12211221122112212,2.3432343234323434,4.455445544554455,5.643564356435643,False,False,,False,,False,,False
Antonio Iervolino,2022-2023,1,0,5,0.1,0,0,0,0,0,0,0,0,0.0,0.0,0.0,0.0,0,2,2,19,Salernitana,ITA,MF,Midfielder,1,1,False,0.0,0.0,0.0,0.0,0.0,0.0,0.0,20.0,20.0,True,False,,False,,False,,False
Antonio Mirante,2022-2023,1,0,2,0.0,0,0,0,0,0,0,0,0,0.0,0.0,0.0,0.0,0,0,0,39,Milan,ITA,GK,Goalkeeper,1,1,False,,,,,,,,,,True,False,,False,,False,,False
Antonio Raimondo,2022-2023,2,0,15,0.2,0,0,0,0,0,0,0,0,0.0,0.0,0.0,0.0,1,0,3,18,Bologna,ITA,FW,Forward,1,1,False,0.0,0.0,0.0,0.0,0.0,0.0,5.0,0.0,15.0,True,False,,False,,False,,False
Antonio Sanabria,2022-2023,33,28,2433,27.0,12,4,16,11,1,1,4,0,9.3,8.5,3.0,11.5,17,46,139,26,Torino,PAR,FW,Forward,1,1,False,0.4444444444444444,0.14814814814814814,0.5925925925925926,0.3444444444444445,0.1111111111111111,0.3148148148148148,0.6296296296296297,1.7037037037037037,5.148148148148148,False,False,,False,,False,,False
Antonín Barák,2022-2023,31,21,1824,20.3,2,0,2,2,0,0,4,0,2.6,2.6,1.6,4.1,45,84,94,27,MULTI:Fiorentina|Hellas Verona,CZE,MF,Midfielder,1,2,True,0.09852216748768472,0.0,0.09852216748768472,0.12807881773399016,0.07881773399014778,0.12807881773399016,2.216748768472906,4.137931034482759,4.630541871921182,False,False,,False,,False,,False
Ardian Ismajli,2022-2023,25,22,2094,23.3,0,0,0,0,0,0,3,0,0.7,0.7,0.3,1.0,10,42,0,25,Empoli,ALB,DF,Defender,1,1,False,0.0,0.0,0.0,0.03004291845493562,0.012875536480686695,0.03004291845493562,0.4291845493562232,1.8025751072961373,0.0,False,False,,False,,False,,False
Arkadiusz Milik,2022-2023,27,17,1586,17.6,7,1,8,7,0,1,3,1,6.5,5.7,2.1,7.7,10,34,85,28,Juventus,POL,FW,Forward,1,1,False,0.3977272727272727,0.056818181818181816,0.45454545454545453,0.36931818181818177,0.11931818181818181,0.32386363636363635,0.5681818181818181,1.9318181818181817,4.829545454545454,False,False,,False,,False,,False
Arkadiusz Reca,2022-2023,30,24,2173,24.1,1,1,2,1,0,0,5,0,1.0,1.0,2.2,3.2,82,79,94,27,Spezia,POL,DF,Defender,1,1,False,0.04149377593360996,0.04149377593360996,0.08298755186721991,0.04149377593360996,0.09128630705394192,0.04149377593360996,3.4024896265560165,3.2780082987551866,3.900414937759336,False,False,,False,,False,,False
Armand Lauriente,2022-2023,28,27,2175,24.2,7,6,13,6,1,1,10,1,4.7,3.9,6.2,10.1,127,90,263,23,Sassuolo,FRA,FW,Forward,1,1,False,0.2892561983471075,0.24793388429752067,0.5371900826446281,0.19421487603305787,0.25619834710743805,0.16115702479338842,5.247933884297521,3.71900826446281,10.867768595041323,False,False,,False,,False,,False
Armando Izzo,2022-2023,30,29,2466,27.4,1,0,1,1,0,0,10,0,2.1,2.1,0.9,3.1,22,96,29,30,Monza,ITA,DF,Defender,1,1,False,0.03649635036496351,0.0,0.03649635036496351,0.07664233576642336,0.032846715328467155,0.07664233576642336,0.8029197080291971,3.5036496350364965,1.0583941605839418,False,False,,False,,False,,False
Arthur Cabral,2022-2023,28,15,1432,15.9,8,1,9,6,2,2,4,0,7.9,6.3,0.8,7.0,11,21,86,24,Fiorentina,BRA,FW,Forward,1,1,False,0.5031446540880503,0.06289308176100629,0.5660377358490566,0.4968553459119497,0.050314465408805034,0.3962264150943396,0.6918238993710691,1.320754716981132,5.408805031446541,False,False,,False,,False,,False
Assan Ceesay,2022-2023,34,20,1812,20.1,6,0,6,5,1,1,2,0,5.1,4.3,0.8,5.1,21,16,111,28,Lecce,GAM,FW,Forward,1,1,False,0.29850746268656714,0.0,0.29850746268656714,0.25373134328358204,0.03980099502487562,0.21393034825870644,1.044776119402985,0.7960199004975124,5.522388059701492,False,False,,False,,False,,False
Aster Vranckx,2022-2023,9,2,240,2.7,0,0,0,0,0,0,1,0,0.1,0.1,0.3,0.3,2,4,5,19,Milan,BEL,MF,Midfielder,1,1,False,0.0,0.0,0.0,0.037037037037037035,0.1111111111111111,0.037037037037037035,0.7407407407407407,1.4814814814814814,1.8518518518518516,True,False,,False,,False,,False
Axel Guessand,2022-2023,1,1,79,0.9,0,0,0,0,0,0,0,0,0.0,0.0,0.0,0.0,0,0,0,17,Udinese,FRA,DF,Defender,1,1,False,0.0,0.0,0.0,0.0,0.0,0.0,0.0,0.0,0.0,True,False,,False,,False,,False
Bartosz Bereszyński,2022-2023,18,17,1364,15.100000000000001,0,1,1,0,0,0,2,0,0.1,0.1,0.30000000000000004,0.4,28,51,47,30,MULTI:Napoli|Sampdoria,POL,DF,Defender,1,2,True,0.0,0.0662251655629139,0.0662251655629139,0.006622516556291391,0.019867549668874173,0.006622516556291391,1.8543046357615893,3.3774834437086088,3.1125827814569536,False,False,,False,,False,,False
Bartłomiej Drągowski,2022-2023,34,34,2946,32.7,0,1,1,0,0,0,1,0,0.0,0.0,0.1,0.1,0,0,0,24,Spezia,POL,GK,Goalkeeper,1,1,False,0.0,0.030581039755351678,0.030581039755351678,0.0,0.0030581039755351682,0.0,0.0,0.0,0.0,False,False,,False,,False,,False
Benjamin Tahirovic,2022-2023,11,4,355,3.9,0,0,0,0,0,0,1,0,0.0,0.0,0.2,0.2,0,9,3,19,Roma,BIH,MF,Midfielder,1,1,False,0.0,0.0,0.0,0.0,0.05128205128205129,0.0,0.0,2.307692307692308,0.7692307692307693,True,False,,False,,False,,False
Berat Djimsiti,2022-2023,24,20,1797,20.0,0,1,1,0,0,0,3,0,0.6,0.6,0.2,0.8,7,45,9,29,Atalanta,ALB,DF,Defender,1,1,False,0.0,0.05,0.05,0.03,0.01,0.03,0.35,2.25,0.45,False,False,,False,,False,,False
Beto,2022-2023,33,23,2129,23.7,10,1,11,9,1,1,2,0,10.9,10.1,2.6,12.6,25,13,121,24,Udinese,GNB,FW,Forward,1,1,False,0.4219409282700422,0.04219409282700422,0.4641350210970464,0.45991561181434604,0.10970464135021098,0.42616033755274263,1.0548523206751055,0.5485232067510548,5.105485232067511,False,False,,False,,False,,False
Boulaye Dia,2022-2023,33,27,2518,28.0,16,6,22,15,1,1,4,0,8.8,8.0,3.1,11.1,48,50,140,25,Salernitana,SEN,"FW,MF",Forward,2,1,False,0.5714285714285714,0.21428571428571427,0.7857142857142857,0.31428571428571433,0.11071428571428572,0.2857142857142857,1.7142857142857142,1.7857142857142858,5.0,False,False,,False,,False,,False
Brahim Díaz,2022-2023,33,27,1925,21.4,6,7,13,6,0,0,3,0,6.0,6.0,5.6,11.5,80,121,116,22,Milan,MAR,"MF,FW",Midfielder,2,1,False,0.28037383177570097,0.3271028037383178,0.6074766355140188,0.28037383177570097,0.2616822429906542,0.28037383177570097,3.738317757009346,5.654205607476636,5.420560747663552,False,False,,False,,False,,False
Bram Nuytinck,2022-2023,25,22,1883,20.900000000000002,0,1,1,0,0,0,5,0,0.3,0.3,0.3,0.5,5,27,3,32,MULTI:Sampdoria|Udinese,NED,DF,Defender,1,2,True,0.0,0.0478468899521531,0.0478468899521531,0.014354066985645932,0.014354066985645932,0.014354066985645932,0.23923444976076552,1.2918660287081338,0.1435406698564593,False,False,,False,,False,,False
Brandon Soppy,2022-2023,16,9,733,8.1,0,3,3,0,0,0,3,0,0.4,0.4,1.8,2.3,27,37,39,20,MULTI:Atalanta|Udinese,FRA,DF,Defender,1,2,True,0.0,0.3703703703703704,0.3703703703703704,0.04938271604938272,0.22222222222222224,0.04938271604938272,3.3333333333333335,4.567901234567901,4.814814814814815,False,False,,False,,False,,False
Brian Bayeye,2022-2023,2,1,64,0.7,0,0,0,0,0,0,0,0,0.0,0.0,0.0,0.0,3,3,5,22,Torino,COD,DF,Defender,1,1,False,0.0,0.0,0.0,0.0,0.0,0.0,4.285714285714286,4.285714285714286,7.142857142857143,True,False,,False,,False,,False
Bruno Amione,2022-2023,27,26,2144,23.8,1,1,2,1,0,0,11,1,0.9,0.9,0.6,1.5,11,54,9,20,MULTI:Hellas Verona|Sampdoria,ARG,DF,Defender,1,2,True,0.04201680672268907,0.04201680672268907,0.08403361344537814,0.037815126050420166,0.025210084033613443,0.037815126050420166,0.4621848739495798,2.26890756302521,0.37815126050420167,False,False,,False,,False,,False
Bryan Cristante,2022-2023,36,34,2938,32.6,1,1,2,1,0,1,8,1,2.6,1.8,1.4,3.2,16,142,27,27,Roma,ITA,"MF,DF",Midfielder,2,1,False,0.03067484662576687,0.03067484662576687,0.06134969325153374,0.07975460122699386,0.042944785276073615,0.05521472392638037,0.49079754601226994,4.355828220858895,0.8282208588957055,False,False,,False,,False,,False
Caleb Okoli,2022-2023,17,9,960,10.7,0,0,0,0,0,0,3,0,0.5,0.5,0.0,0.5,4,19,12,21,Atalanta,ITA,DF,Defender,1,1,False,0.0,0.0,0.0,0.04672897196261683,0.0,0.04672897196261683,0.3738317757009346,1.7757009345794394,1.1214953271028039,False,False,,False,,False,,False
Carlos Augusto,2022-2023,35,35,3083,34.3,6,5,11,6,0,0,4,0,4.4,4.4,3.7,8.1,87,101,151,23,Monza,BRA,DF,Defender,1,1,False,0.17492711370262393,0.1457725947521866,0.3206997084548105,0.12827988338192423,0.1078717201166181,0.12827988338192423,2.536443148688047,2.9446064139941694,4.402332361516035,False,False,,False,,False,,False
Charalampos Lykogiannis,2022-2023,21,11,1108,12.3,2,0,2,2,0,0,3,0,0.8,0.8,1.5,2.3,32,60,47,28,Bologna,GRE,DF,Defender,1,1,False,0.16260162601626016,0.0,0.16260162601626016,0.06504065040650406,0.12195121951219512,0.06504065040650406,2.6016260162601625,4.878048780487805,3.8211382113821135,False,False,,False,,False,,False
Charles De Ketelaere,2022-2023,32,9,1116,12.4,0,1,1,0,0,0,2,0,2.0,2.0,2.0,4.0,45,59,69,21,Milan,BEL,"MF,FW",Midfielder,2,1,False,0.0,0.08064516129032258,0.08064516129032258,0.16129032258064516,0.16129032258064516,0.16129032258064516,3.629032258064516,4.758064516129032,5.564516129032258,False,False,,False,,False,,False
Charles Pickel,2022-2023,33,30,2483,27.6,1,0,1,1,0,0,8,1,1.6,1.6,1.2,2.8,18,104,61,25,Cremonese,COD,MF,Midfielder,1,1,False,0.036231884057971016,0.0,0.036231884057971016,0.057971014492753624,0.043478260869565216,0.057971014492753624,0.6521739130434783,3.7681159420289854,2.210144927536232,False,False,,False,,False,,False
Chris Smalling,2022-2023,32,31,2808,31.2,3,1,4,3,0,0,7,0,1.7,1.7,0.4,2.1,5,51,7,32,Roma,ENG,DF,Defender,1,1,False,0.09615384615384616,0.032051282051282055,0.12820512820512822,0.05448717948717949,0.012820512820512822,0.05448717948717949,0.16025641025641027,1.6346153846153846,0.22435897435897437,False,False,,False,,False,,False
Christian Acella,2022-2023,1,0,15,0.2,0,0,0,0,0,0,0,0,0.0,0.0,0.0,0.0,0,0,0,20,Cremonese,ITA,MF,Midfielder,1,1,False,0.0,0.0,0.0,0.0,0.0,0.0,0.0,0.0,0.0,True,False,,False,,False,,False
Christian Gytkjær,2022-2023,22,3,559,6.2,1,0,1,1,0,1,0,0,3.9,3.1,0.3,3.4,1,6,32,32,Monza,DEN,"FW,MF",Forward,2,1,False,0.16129032258064516,0.0,0.16129032258064516,0.6290322580645161,0.04838709677419355,0.5,0.16129032258064516,0.9677419354838709,5.161290322580645,False,False,,False,,False,,False
Christian Kouamé,2022-2023,28,22,1866,20.7,4,4,8,4,0,0,5,0,5.3,5.3,3.7,9.0,50,54,203,24,Fiorentina,CIV,FW,Forward,1,1,False,0.1932367149758454,0.1932367149758454,0.3864734299516908,0.2560386473429952,0.17874396135265702,0.2560386473429952,2.4154589371980677,2.608695652173913,9.806763285024156,False,False,,False,,False,,False
Ciprian Tătărușanu,2022-2023,16,16,1440,16.0,0,1,1,0,0,0,0,0,0.0,0.0,0.5,0.5,0,0,0,36,Milan,ROU,GK,Goalkeeper,1,1,False,0.0,0.0625,0.0625,0.0,0.03125,0.0,0.0,0.0,0.0,False,False,,False,,False,,False
Ciro Immobile,2022-2023,31,27,2219,24.7,12,5,17,8,4,5,3,0,14.2,10.3,1.9,12.2,40,43,174,32,Lazio,ITA,FW,Forward,1,1,False,0.4858299595141701,0.20242914979757085,0.688259109311741,0.5748987854251012,0.07692307692307693,0.417004048582996,1.6194331983805668,1.7408906882591093,7.044534412955466,False,False,,False,,False,,False
Cristian Buonaiuto,2022-2023,29,7,980,10.9,1,0,1,0,1,1,3,0,3.3,2.5,1.8,4.2,35,39,89,29,Cremonese,ITA,"MF,FW",Midfielder,2,1,False,0.09174311926605504,0.0,0.09174311926605504,0.3027522935779816,0.1651376146788991,0.2293577981651376,3.2110091743119265,3.5779816513761467,8.1651376146789,False,False,,False,,False,,False
Cristian Volpato,2022-2023,7,2,227,2.5,1,1,2,1,0,0,0,0,0.4,0.4,1.2,1.5,8,18,24,18,Roma,ITA,MF,Midfielder,1,1,False,0.4,0.4,0.8,0.16,0.48,0.16,3.2,7.2,9.6,True,False,,False,,False,,False
Cristiano Biraghi,2022-2023,33,30,2551,28.3,2,4,6,2,0,1,1,0,1.8,1.1,5.5,6.6,69,161,113,29,Fiorentina,ITA,DF,Defender,1,1,False,0.0706713780918728,0.1413427561837456,0.21201413427561838,0.0636042402826855,0.19434628975265017,0.03886925795053004,2.4381625441696113,5.689045936395759,3.9929328621908127,False,False,,False,,False,,False
Cyriel Dessers,2022-2023,26,19,1587,17.6,6,1,7,6,0,1,3,0,7.1,6.4,1.6,8.0,21,27,110,27,Cremonese,NGA,FW,Forward,1,1,False,0.3409090909090909,0.056818181818181816,0.3977272727272727,0.4034090909090909,0.09090909090909091,0.36363636363636365,1.1931818181818181,1.534090909090909,6.249999999999999,False,False,,False,,False,,False
Cyril Ngonge,2022-2023,14,9,745,8.3,3,1,4,3,0,0,2,0,2.0,2.0,0.6,2.5,18,13,40,22,Hellas Verona,BEL,"MF,FW",Midfielder,2,1,False,0.36144578313253006,0.12048192771084336,0.48192771084337344,0.24096385542168672,0.07228915662650602,0.24096385542168672,2.1686746987951806,1.5662650602409638,4.8192771084337345,False,False,,False,,False,,False
Daniel Ciofani,2022-2023,32,10,1060,11.8,8,0,8,5,3,4,1,0,5.5,2.3,0.7,2.9,5,10,36,37,Cremonese,ITA,FW,Forward,1,1,False,0.6779661016949152,0.0,0.6779661016949152,0.4661016949152542,0.05932203389830508,0.19491525423728812,0.423728813559322,0.847457627118644,3.0508474576271185,False,False,,False,,False,,False
Daniel Maldini,2022-2023,18,4,628,7.0,2,0,2,2,0,0,1,0,1.2,1.2,0.5,1.7,13,10,34,20,Spezia,ITA,"FW,MF",Forward,2,1,False,0.2857142857142857,0.0,0.2857142857142857,0.17142857142857143,0.07142857142857142,0.17142857142857143,1.8571428571428572,1.4285714285714286,4.857142857142857,False,False,,False,,False,,False
Daniele Montevago,2022-2023,6,3,231,2.6,0,0,0,0,0,0,1,0,0.5,0.5,0.2,0.7,1,0,10,19,Sampdoria,ITA,FW,Forward,1,1,False,0.0,0.0,0.0,0.1923076923076923,0.07692307692307693,0.1923076923076923,0.3846153846153846,0.0,3.846153846153846,True,False,,False,,False,,False
Daniele Rugani,2022-2023,9,6,564,6.3,0,0,0,0,0,0,0,0,0.5,0.5,0.0,0.5,2,5,0,28,Juventus,ITA,DF,Defender,1,1,False,0.0,0.0,0.0,0.07936507936507936,0.0,0.07936507936507936,0.31746031746031744,0.7936507936507937,0.0,False,False,,False,,False,,False
Daniele Verde,2022-2023,25,11,998,11.1,3,0,3,2,1,1,1,0,2.9,2.1,1.3,3.4,18,42,57,26,Spezia,ITA,"FW,MF",Forward,2,1,False,0.2702702702702703,0.0,0.2702702702702703,0.26126126126126126,0.11711711711711713,0.1891891891891892,1.6216216216216217,3.7837837837837838,5.135135135135135,False,False,,False,,False,,False
Danilo,2022-2023,37,35,3184,35.4,3,3,6,3,0,0,5,0,2.8,2.8,2.4,5.2,39,176,43,31,Juventus,BRA,DF,Defender,1,1,False,0.08474576271186442,0.08474576271186442,0.16949152542372883,0.0790960451977401,0.06779661016949153,0.0790960451977401,1.1016949152542372,4.971751412429379,1.2146892655367232,False,False,,False,,False,,False
Danilo Cataldi,2022-2023,29,26,1921,21.3,0,1,1,0,0,0,5,0,0.2,0.2,1.1,1.4,8,83,14,27,Lazio,ITA,MF,Midfielder,1,1,False,0.0,0.046948356807511735,0.046948356807511735,0.009389671361502348,0.051643192488262914,0.009389671361502348,0.3755868544600939,3.896713615023474,0.6572769953051643,False,False,,False,,False,,False
Danilo D'Ambrosio,2022-2023,15,8,733,8.1,0,2,2,0,0,0,3,1,0.3,0.3,0.7,0.9,8,34,17,33,Inter,ITA,DF,Defender,1,1,False,0.0,0.2469135802469136,0.2469135802469136,0.037037037037037035,0.08641975308641975,0.037037037037037035,0.9876543209876544,4.197530864197531,2.0987654320987654,False,True,0.0,False,0.0,True,1,True
Dany Mota,2022-2023,29,21,1912,21.2,5,1,6,5,0,0,2,0,5.1,5.1,2.1,7.3,66,34,166,24,Monza,POR,"FW,MF",Forward,2,1,False,0.2358490566037736,0.04716981132075472,0.2830188679245283,0.24056603773584906,0.09905660377358491,0.24056603773584906,3.1132075471698113,1.6037735849056605,7.830188679245284,False,False,,False,,False,,False
Darko Lazović,2022-2023,30,27,2242,24.9,4,5,9,4,0,0,0,0,3.6,3.6,6.4,10.0,72,81,167,31,Hellas Verona,SRB,"MF,DF",Midfielder,2,1,False,0.1606425702811245,0.20080321285140562,0.3614457831325301,0.14457831325301207,0.25702811244979923,0.14457831325301207,2.891566265060241,3.253012048192771,6.706827309236949,False,False,,False,,False,,False
David Okereke,2022-2023,33,25,2266,25.2,7,0,7,6,1,1,4,0,5.9,5.2,1.1,6.3,56,70,144,24,Cremonese,NGA,"FW,MF",Forward,2,1,False,0.2777777777777778,0.0,0.2777777777777778,0.23412698412698416,0.043650793650793655,0.20634920634920637,2.2222222222222223,2.7777777777777777,5.714285714285714,False,False,,False,,False,,False
David Zima,2022-2023,9,4,406,4.5,0,0,0,0,0,0,0,0,0.8,0.8,0.1,0.9,3,12,5,21,Torino,CZE,DF,Defender,1,1,False,0.0,0.0,0.0,0.17777777777777778,0.022222222222222223,0.17777777777777778,0.6666666666666666,2.6666666666666665,1.1111111111111112,True,False,,False,,False,,False
Davide Calabria,2022-2023,25,21,1690,18.8,1,4,5,1,0,0,6,0,1.2,1.2,1.7,2.9,26,108,80,25,Milan,ITA,DF,Defender,1,1,False,0.05319148936170213,0.2127659574468085,0.26595744680851063,0.06382978723404255,0.09042553191489361,0.06382978723404255,1.3829787234042552,5.74468085106383,4.25531914893617,False,False,,False,,False,,False
Davide Faraoni,2022-2023,23,19,1485,16.5,2,3,5,2,0,0,7,0,2.7,2.7,1.0,3.7,11,54,33,30,Hellas Verona,ITA,DF,Defender,1,1,False,0.12121212121212122,0.18181818181818182,0.30303030303030304,0.16363636363636364,0.06060606060606061,0.16363636363636364,0.6666666666666666,3.272727272727273,2.0,False,False,,False,,False,,False
Davide Frattesi,2022-2023,36,35,2873,31.9,7,0,7,7,0,0,4,0,7.8,7.8,1.9,9.7,73,137,94,22,Sassuolo,ITA,MF,Midfielder,1,1,False,0.219435736677116,0.0,0.219435736677116,0.2445141065830721,0.05956112852664577,0.2445141065830721,2.2884012539184955,4.294670846394984,2.9467084639498435,False,False,,False,,False,,False
Davide Zappacosta,2022-2023,21,18,1471,16.3,4,2,6,4,0,0,4,0,1.5,1.5,1.6,3.2,48,55,101,30,Atalanta,ITA,DF,Defender,1,1,False,0.24539877300613497,0.12269938650306748,0.36809815950920244,0.09202453987730061,0.09815950920245399,0.09202453987730061,2.9447852760736195,3.374233128834356,6.196319018404908,False,False,,False,,False,,False
Demba Seck,2022-2023,19,6,519,5.8,0,0,0,0,0,0,0,0,0.6,0.6,0.6,1.2,29,17,42,21,Torino,SEN,"MF,FW",Midfielder,2,1,False,0.0,0.0,0.0,0.10344827586206896,0.10344827586206896,0.10344827586206896,5.0,2.931034482758621,7.241379310344827,False,False,,False,,False,,False
Denis Zakaria,2022-2023,2,1,123,1.4,0,0,0,0,0,0,0,0,0.0,0.0,0.0,0.0,2,3,3,25,Juventus,SUI,MF,Midfielder,1,1,False,0.0,0.0,0.0,0.0,0.0,0.0,1.4285714285714286,2.142857142857143,2.142857142857143,True,False,,False,,False,,False
Denso Kasius,2022-2023,7,4,342,3.8,0,2,2,0,0,0,1,0,0.1,0.1,0.7,0.8,9,9,21,19,Bologna,NED,DF,Defender,1,1,False,0.0,0.5263157894736842,0.5263157894736842,0.026315789473684213,0.18421052631578946,0.026315789473684213,2.368421052631579,2.368421052631579,5.526315789473684,True,False,,False,,False,,False
Denzel Dumfries,2022-2023,34,25,2218,24.6,1,4,5,1,0,0,4,0,3.6,3.6,4.9,8.5,62,59,172,26,Inter,NED,DF,Defender,1,1,False,0.04065040650406504,0.16260162601626016,0.2032520325203252,0.14634146341463414,0.1991869918699187,0.14634146341463414,2.5203252032520322,2.3983739837398375,6.991869918699186,False,True,2.0,False,2.0,True,0,True
Destiny Udogie,2022-2023,33,31,2704,30.0,3,4,7,3,0,0,5,0,2.9,2.9,4.2,7.1,109,106,155,19,Udinese,ITA,DF,Defender,1,1,False,0.1,0.13333333333333333,0.23333333333333334,0.09666666666666666,0.14,0.09666666666666666,3.6333333333333333,3.533333333333333,5.166666666666667,False,False,,False,,False,,False
Deyovaisio Zeefuik,2022-2023,1,0,10,0.1,0,0,0,0,0,0,0,0,0.0,0.0,0.0,0.0,1,0,1,24,Hellas Verona,NED,DF,Defender,1,1,False,0.0,0.0,0.0,0.0,0.0,0.0,10.0,0.0,10.0,True,False,,False,,False,,False
Diego Coppola,2022-2023,19,11,1177,13.1,0,0,0,0,0,0,5,0,0.3,0.3,0.0,0.3,9,42,8,18,Hellas Verona,ITA,DF,Defender,1,1,False,0.0,0.0,0.0,0.022900763358778626,0.0,0.022900763358778626,0.6870229007633588,3.2061068702290076,0.6106870229007634,False,False,,False,,False,,False
Diego Demme,2022-2023,7,2,146,1.6,0,0,0,0,0,0,0,0,0.0,0.0,0.0,0.0,3,16,1,30,Napoli,GER,MF,Midfielder,1,1,False,0.0,0.0,0.0,0.0,0.0,0.0,1.875,10.0,0.625,True,False,,False,,False,,False
Diego Llorente,2022-2023,9,5,573,6.4,0,0,0,0,0,0,0,0,0.4,0.4,0.1,0.5,2,12,3,28,Roma,ESP,DF,Defender,1,1,False,0.0,0.0,0.0,0.0625,0.015625,0.0625,0.3125,1.875,0.46875,False,False,,False,,False,,False
Diego Valencia,2022-2023,12,0,231,2.6,0,0,0,0,0,0,1,0,0.1,0.1,0.1,0.2,1,4,21,22,Salernitana,CHI,"MF,FW",Midfielder,2,1,False,0.0,0.0,0.0,0.038461538461538464,0.038461538461538464,0.038461538461538464,0.3846153846153846,1.5384615384615383,8.076923076923077,True,False,,False,,False,,False
Dimitris Nikolaou,2022-2023,36,34,2958,32.9,1,0,1,1,0,0,9,1,0.8,0.8,0.9,1.7,20,105,15,23,Spezia,GRE,DF,Defender,1,1,False,0.030395136778115502,0.0,0.030395136778115502,0.024316109422492405,0.02735562310030395,0.024316109422492405,0.60790273556231,3.1914893617021276,0.45592705167173253,False,False,,False,,False,,False
Divock Origi,2022-2023,27,10,1027,11.4,2,1,3,2,0,0,1,0,2.1,2.1,1.2,3.3,24,18,79,27,Milan,BEL,FW,Forward,1,1,False,0.17543859649122806,0.08771929824561403,0.2631578947368421,0.18421052631578946,0.10526315789473684,0.18421052631578946,2.1052631578947367,1.5789473684210527,6.9298245614035086,False,False,,False,,False,,False
Dodô,2022-2023,33,28,2331,25.9,1,3,4,1,0,0,5,1,0.7,0.7,2.2,2.9,72,141,104,23,Fiorentina,BRA,DF,Defender,1,1,False,0.03861003861003861,0.11583011583011583,0.15444015444015444,0.02702702702702703,0.08494208494208495,0.02702702702702703,2.77992277992278,5.444015444015444,4.015444015444015,False,False,,False,,False,,False
Domagoj Bradarić,2022-2023,31,24,2250,25.0,0,3,3,0,0,0,5,0,0.2,0.2,2.3,2.5,63,52,107,22,Salernitana,CRO,DF,Defender,1,1,False,0.0,0.12,0.12,0.008,0.092,0.008,2.52,2.08,4.28,False,False,,False,,False,,False
Domen Črnigoj,2022-2023,7,4,296,3.3,0,0,0,0,0,0,1,0,0.1,0.1,0.4,0.5,2,3,9,26,Salernitana,SVN,MF,Midfielder,1,1,False,0.0,0.0,0.0,0.030303030303030307,0.12121212121212123,0.030303030303030307,0.6060606060606061,0.9090909090909092,2.7272727272727275,True,False,,False,,False,,False
Domenico Berardi,2022-2023,26,22,1866,20.7,12,7,19,5,7,8,7,0,11.4,5.1,6.6,11.7,57,114,213,27,Sassuolo,ITA,FW,Forward,1,1,False,0.5797101449275363,0.33816425120772947,0.9178743961352658,0.5507246376811594,0.3188405797101449,0.24637681159420288,2.7536231884057973,5.507246376811595,10.289855072463768,False,False,,False,,False,,False
Duccio Degl'Innocenti,2022-2023,1,0,3,0.0,0,0,0,0,0,0,0,0,0.0,0.0,0.0,0.0,0,0,0,19,Empoli,ITA,MF,Midfielder,1,1,False,,,,,,,,,,True,False,,False,,False,,False
Duván Zapata,2022-2023,25,16,1390,15.4,2,2,4,2,0,0,1,0,3.9,3.9,1.1,5.1,35,40,140,31,Atalanta,COL,FW,Forward,1,1,False,0.12987012987012986,0.12987012987012986,0.2597402597402597,0.2532467532467532,0.07142857142857144,0.2532467532467532,2.2727272727272725,2.5974025974025974,9.09090909090909,False,False,,False,,False,,False
Dušan Vlahović,2022-2023,27,22,1925,21.4,10,2,12,8,2,3,1,0,9.7,7.3,2.4,9.8,22,40,117,22,Juventus,SRB,FW,Forward,1,1,False,0.4672897196261683,0.09345794392523366,0.5607476635514019,0.4532710280373832,0.11214953271028037,0.34112149532710284,1.0280373831775702,1.869158878504673,5.4672897196261685,False,False,,False,,False,,False
Dylan Bronn,2022-2023,24,19,1683,18.7,0,0,0,0,0,0,5,1,0.7,0.7,0.4,1.0,10,70,5,27,Salernitana,TUN,DF,Defender,1,1,False,0.0,0.0,0.0,0.0374331550802139,0.021390374331550804,0.0374331550802139,0.5347593582887701,3.7433155080213907,0.26737967914438504,False,False,,False,,False,,False
Dávid Strelec,2022-2023,7,1,169,1.9,0,0,0,0,0,0,0,0,0.5,0.5,0.1,0.6,2,1,14,21,Spezia,SVK,FW,Forward,1,1,False,0.0,0.0,0.0,0.2631578947368421,0.052631578947368425,0.2631578947368421,1.0526315789473684,0.5263157894736842,7.36842105263158,True,False,,False,,False,,False
Edin Džeko,2022-2023,33,18,1732,19.2,9,3,12,9,0,0,3,0,9.7,9.7,3.2,13.0,32,67,150,36,Inter,BIH,FW,Forward,1,1,False,0.46875,0.15625,0.625,0.5052083333333334,0.16666666666666669,0.5052083333333334,1.6666666666666667,3.4895833333333335,7.8125,False,True,0.0,False,0.0,True,0,True
Edoardo Bove,2022-2023,22,10,992,11.0,1,0,1,1,0,0,2,0,0.8,0.5,0.9,1.4,9,33,26,20,Roma,ITA,MF,Midfielder,1,1,False,0.09090909090909091,0.0,0.09090909090909091,0.07272727272727274,0.08181818181818182,0.045454545454545456,0.8181818181818182,3.0,2.3636363636363638,False,False,,False,,False,,False
Eldor Shomurodov,2022-2023,21,10,928,10.3,1,1,2,1,0,0,2,0,3.4,3.4,1.4,4.8,10,19,68,27,MULTI:Roma|Spezia,UZB,FW,Forward,1,2,True,0.0970873786407767,0.0970873786407767,0.1941747572815534,0.33009708737864074,0.13592233009708737,0.33009708737864074,0.9708737864077669,1.8446601941747571,6.601941747572815,False,False,,False,,False,,False
Elif Elmas,2022-2023,36,14,1627,18.1,6,3,9,5,1,1,5,0,4.0,3.3,1.9,5.2,42,73,103,22,Napoli,MKD,"FW,MF",Forward,2,1,False,0.3314917127071823,0.16574585635359115,0.49723756906077343,0.22099447513812154,0.10497237569060772,0.18232044198895025,2.320441988950276,4.0331491712707175,5.69060773480663,False,False,,False,,False,,False
Elseid Hysaj,2022-2023,34,22,1998,22.2,1,1,2,1,0,0,3,0,0.2,0.2,1.1,1.3,36,103,60,28,Lazio,ALB,DF,Defender,1,1,False,0.04504504504504505,0.04504504504504505,0.0900900900900901,0.009009009009009009,0.04954954954954956,0.009009009009009009,1.6216216216216217,4.63963963963964,2.7027027027027026,False,False,,False,,False,,False
Emanuel Aiwum,2022-2023,23,17,1653,18.4,0,0,0,0,0,0,3,0,0.2,0.2,0.4,0.6,19,46,7,21,Cremonese,AUT,DF,Defender,1,1,False,0.0,0.0,0.0,0.010869565217391306,0.02173913043478261,0.010869565217391306,1.032608695652174,2.5,0.3804347826086957,False,False,,False,,False,,False
Emanuel Vignato,2022-2023,13,2,299,3.3000000000000003,1,1,2,1,0,0,1,0,0.30000000000000004,0.30000000000000004,0.5,0.8,4,16,9,21,MULTI:Bologna|Empoli,ITA,"MF,FW",Midfielder,2,2,True,0.303030303030303,0.303030303030303,0.606060606060606,0.09090909090909091,0.1515151515151515,0.09090909090909091,1.212121212121212,4.848484848484848,2.727272727272727,True,False,,False,,False,,False
Emanuele Valeri,2022-2023,37,31,2785,30.9,2,3,5,2,0,0,3,0,2.2,2.2,4.6,6.8,111,90,158,23,Cremonese,ITA,DF,Defender,1,1,False,0.06472491909385114,0.0970873786407767,0.16181229773462785,0.07119741100323626,0.1488673139158576,0.07119741100323626,3.592233009708738,2.912621359223301,5.11326860841424,False,False,,False,,False,,False
Emil Audero,2022-2023,25,25,2250,25.0,0,0,0,0,0,0,1,0,0.0,0.0,0.0,0.0,0,0,0,25,Sampdoria,IDN,GK,Goalkeeper,1,1,False,0.0,0.0,0.0,0.0,0.0,0.0,0.0,0.0,0.0,False,False,,False,,False,,False
Emil Bohinen,2022-2023,24,9,832,9.2,0,0,0,0,0,0,0,0,0.1,0.1,0.7,0.8,12,31,16,23,Salernitana,NOR,MF,Midfielder,1,1,False,0.0,0.0,0.0,0.010869565217391306,0.07608695652173914,0.010869565217391306,1.3043478260869565,3.3695652173913047,1.7391304347826089,False,False,,False,,False,,False
Emil Ceide,2022-2023,19,5,515,5.7,0,1,1,0,0,0,0,0,0.8,0.8,1.3,2.1,37,19,47,20,Sassuolo,NOR,FW,Forward,1,1,False,0.0,0.17543859649122806,0.17543859649122806,0.14035087719298245,0.22807017543859648,0.14035087719298245,6.491228070175438,3.333333333333333,8.24561403508772,False,False,,False,,False,,False
Emil Holm,2022-2023,20,17,1393,15.5,1,1,2,1,0,0,4,0,1.2,1.2,1.3,2.5,41,40,82,22,Spezia,SWE,DF,Defender,1,1,False,0.06451612903225806,0.06451612903225806,0.12903225806451613,0.07741935483870968,0.08387096774193549,0.07741935483870968,2.6451612903225805,2.5806451612903225,5.290322580645161,False,False,,False,,False,,False
Emirhan İlkhan,2022-2023,12,1,200,2.3,0,0,0,0,0,0,1,0,0.0,0.0,0.2,0.2,3,13,11,18,MULTI:Sampdoria|Torino,TUR,MF,Midfielder,1,2,True,0.0,0.0,0.0,0.0,0.08695652173913045,0.0,1.3043478260869565,5.6521739130434785,4.782608695652175,True,False,,False,,False,,False
Emmanuel Ekong,2022-2023,2,0,20,0.2,0,0,0,0,0,0,0,0,0.0,0.0,0.0,0.0,1,0,1,20,Empoli,SWE,"FW,MF",Forward,2,1,False,0.0,0.0,0.0,0.0,0.0,0.0,5.0,0.0,5.0,True,False,,False,,False,,False
Emmanuel Gyasi,2022-2023,35,35,2810,31.2,2,0,2,2,0,0,10,0,4.0,4.0,1.9,5.9,35,52,154,28,Spezia,GHA,"FW,DF",Forward,2,1,False,0.06410256410256411,0.0,0.06410256410256411,0.12820512820512822,0.060897435897435896,0.12820512820512822,1.1217948717948718,1.6666666666666667,4.935897435897436,False,False,,False,,False,,False
Enzo Barrenechea,2022-2023,3,3,158,1.8,0,0,0,0,0,0,0,0,0.1,0.1,0.0,0.1,1,5,2,21,Juventus,ARG,MF,Midfielder,1,1,False,0.0,0.0,0.0,0.05555555555555556,0.0,0.05555555555555556,0.5555555555555556,2.7777777777777777,1.1111111111111112,True,False,,False,,False,,False
Enzo Ebosse,2022-2023,20,9,930,10.3,0,0,0,0,0,0,3,0,0.1,0.1,0.0,0.1,11,51,20,23,Udinese,CMR,DF,Defender,1,1,False,0.0,0.0,0.0,0.009708737864077669,0.0,0.009708737864077669,1.0679611650485437,4.951456310679611,1.9417475728155338,False,False,,False,,False,,False
Erik Botheim,2022-2023,28,9,866,9.6,1,3,4,1,0,0,2,0,0.6,0.6,1.8,2.3,11,21,61,22,Salernitana,NOR,"MF,FW",Midfielder,2,1,False,0.10416666666666667,0.3125,0.4166666666666667,0.0625,0.1875,0.0625,1.1458333333333335,2.1875,6.354166666666667,False,False,,False,,False,,False
Ethan Ampadu,2022-2023,31,31,2639,29.3,0,1,1,0,0,0,10,1,1.1,1.1,1.1,2.2,28,125,10,21,Spezia,WAL,"DF,MF",Defender,2,1,False,0.0,0.034129692832764506,0.034129692832764506,0.03754266211604096,0.03754266211604096,0.03754266211604096,0.9556313993174061,4.266211604095563,0.341296928327645,False,False,,False,,False,,False
Fabiano Parisi,2022-2023,33,33,2830,31.4,2,0,2,2,0,0,10,1,1.8,1.8,2.0,3.8,102,154,68,21,Empoli,ITA,DF,Defender,1,1,False,0.06369426751592357,0.0,0.06369426751592357,0.05732484076433121,0.06369426751592357,0.05732484076433121,3.248407643312102,4.904458598726115,2.1656050955414012,False,False,,False,,False,,False
Fabio Depaoli,2022-2023,34,25,2309,25.6,2,2,4,2,0,0,8,0,1.9,1.9,1.6,3.5,30,76,82,25,MULTI:Hellas Verona|Sampdoria,ITA,"DF,MF",Defender,2,2,True,0.078125,0.078125,0.15625,0.07421874999999999,0.0625,0.07421874999999999,1.171875,2.96875,3.203125,False,False,,False,,False,,False
Fabio Miretti,2022-2023,27,14,1234,13.7,0,2,2,0,0,0,2,0,2.4,2.4,1.3,3.8,33,60,85,18,Juventus,ITA,"MF,FW",Midfielder,2,1,False,0.0,0.14598540145985403,0.14598540145985403,0.17518248175182483,0.09489051094890512,0.17518248175182483,2.408759124087591,4.37956204379562,6.204379562043796,False,False,,False,,False,,False
Fabio Quagliarella,2022-2023,23,7,800,8.9,1,1,2,1,0,0,2,0,2.8,2.8,0.7,3.5,5,25,72,39,Sampdoria,ITA,FW,Forward,1,1,False,0.11235955056179775,0.11235955056179775,0.2247191011235955,0.3146067415730337,0.07865168539325842,0.3146067415730337,0.5617977528089887,2.8089887640449436,8.089887640449438,False,False,,False,,False,,False
Federico Baschirotto,2022-2023,37,37,3330,37.0,3,0,3,3,0,0,6,0,1.9,1.9,0.7,2.6,12,107,12,25,Lecce,ITA,DF,Defender,1,1,False,0.08108108108108109,0.0,0.08108108108108109,0.05135135135135135,0.018918918918918916,0.05135135135135135,0.32432432432432434,2.891891891891892,0.32432432432432434,False,False,,False,,False,,False
Federico Bonazzoli,2022-2023,24,12,1119,12.4,2,1,3,2,0,0,1,0,2.4,2.4,1.1,3.5,11,43,67,25,Salernitana,ITA,"FW,MF",Forward,2,1,False,0.16129032258064516,0.08064516129032258,0.24193548387096772,0.1935483870967742,0.08870967741935484,0.1935483870967742,0.8870967741935484,3.467741935483871,5.403225806451613,False,False,,False,,False,,False
Federico Ceccherini,2022-2023,22,18,1417,15.7,2,0,2,2,0,0,9,1,0.8,0.8,0.2,1.0,25,53,20,30,Hellas Verona,ITA,DF,Defender,1,1,False,0.12738853503184713,0.0,0.12738853503184713,0.050955414012738856,0.012738853503184714,0.050955414012738856,1.5923566878980893,3.375796178343949,1.2738853503184715,False,False,,False,,False,,False
Federico Chiesa,2022-2023,21,6,852,9.5,2,5,7,2,0,0,2,0,1.5,1.5,2.6,4.1,46,34,88,24,Juventus,ITA,"DF,MF",Defender,2,1,False,0.21052631578947367,0.5263157894736842,0.7368421052631579,0.15789473684210525,0.2736842105263158,0.15789473684210525,4.842105263157895,3.5789473684210527,9.263157894736842,False,False,,False,,False,,False
Federico Di Francesco,2022-2023,36,23,2031,22.6,2,2,4,2,0,0,5,0,3.2,3.2,2.7,6.0,50,60,177,28,Lecce,ITA,"FW,MF",Forward,2,1,False,0.08849557522123894,0.08849557522123894,0.17699115044247787,0.1415929203539823,0.11946902654867257,0.1415929203539823,2.2123893805309733,2.654867256637168,7.831858407079645,False,False,,False,,False,,False
Federico Dimarco,2022-2023,33,26,2069,23.0,4,3,7,4,0,0,0,0,3.1,3.1,6.9,9.9,45,88,189,24,Inter,ITA,DF,Defender,1,1,False,0.17391304347826086,0.13043478260869565,0.30434782608695654,0.13478260869565217,0.3,0.13478260869565217,1.9565217391304348,3.8260869565217392,8.217391304347826,False,True,3.0,False,3.0,True,0,True
Federico Fazio,2022-2023,14,12,1074,11.9,1,0,1,1,0,0,2,1,0.7,0.7,0.1,0.8,13,40,4,35,Salernitana,ARG,DF,Defender,1,1,False,0.08403361344537814,0.0,0.08403361344537814,0.0588235294117647,0.008403361344537815,0.0588235294117647,1.0924369747899159,3.361344537815126,0.3361344537815126,False,False,,False,,False,,False
Federico Gatti,2022-2023,18,16,1448,16.1,0,0,0,0,0,0,4,0,0.6,0.6,1.5,2.0,18,56,13,24,Juventus,ITA,DF,Defender,1,1,False,0.0,0.0,0.0,0.03726708074534161,0.09316770186335403,0.03726708074534161,1.1180124223602483,3.4782608695652173,0.8074534161490683,False,False,,False,,False,,False
Federico Marchetti,2022-2023,1,0,66,0.7,0,0,0,0,0,0,0,1,0.0,0.0,0.0,0.0,0,0,0,39,Spezia,ITA,GK,Goalkeeper,1,1,False,0.0,0.0,0.0,0.0,0.0,0.0,0.0,0.0,0.0,True,False,,False,,False,,False
Felipe Anderson,2022-2023,38,35,2958,32.9,9,2,11,9,0,0,3,0,6.0,6.0,4.8,10.9,83,114,224,29,Lazio,BRA,FW,Forward,1,1,False,0.27355623100303955,0.060790273556231005,0.3343465045592705,0.182370820668693,0.1458966565349544,0.182370820668693,2.522796352583587,3.4650455927051675,6.808510638297872,False,False,,False,,False,,False
Felix Afena-Gyan,2022-2023,23,7,817,9.1,0,0,0,0,0,0,4,0,1.9,1.9,0.1,2.0,22,8,54,19,Cremonese,GHA,"FW,MF",Forward,2,1,False,0.0,0.0,0.0,0.2087912087912088,0.01098901098901099,0.2087912087912088,2.417582417582418,0.8791208791208791,5.934065934065934,False,False,,False,,False,,False
Festy Ebosele,2022-2023,17,4,411,4.6,0,1,1,0,0,0,4,0,0.2,0.2,0.9,1.1,27,17,22,19,Udinese,IRL,DF,Defender,1,1,False,0.0,0.2173913043478261,0.2173913043478261,0.04347826086956522,0.1956521739130435,0.04347826086956522,5.869565217391305,3.695652173913044,4.782608695652175,True,False,,False,,False,,False
Fikayo Tomori,2022-2023,33,32,2760,30.7,1,1,2,1,0,0,5,0,1.3,1.3,0.8,2.1,26,122,10,24,Milan,ENG,DF,Defender,1,1,False,0.03257328990228013,0.03257328990228013,0.06514657980456026,0.042345276872964174,0.026058631921824105,0.042345276872964174,0.8469055374592834,3.973941368078176,0.32573289902280134,False,False,,False,,False,,False
Filip Kostić,2022-2023,37,33,2564,28.5,3,8,11,3,0,0,3,0,2.4,2.4,7.1,9.4,101,78,230,29,Juventus,SRB,"DF,FW",Defender,2,1,False,0.10526315789473684,0.2807017543859649,0.38596491228070173,0.08421052631578947,0.24912280701754386,0.08421052631578947,3.543859649122807,2.736842105263158,8.070175438596491,False,False,,False,,False,,False
Filip Đuričić,2022-2023,32,27,2171,24.1,3,0,3,3,0,0,9,0,2.7,2.7,1.9,4.6,39,77,83,30,Sampdoria,SRB,"MF,FW",Midfielder,2,1,False,0.12448132780082986,0.0,0.12448132780082986,0.11203319502074689,0.07883817427385892,0.11203319502074689,1.6182572614107882,3.1950207468879666,3.4439834024896263,False,False,,False,,False,,False
Filippo Bandinelli,2022-2023,35,28,2263,25.1,2,0,2,2,0,0,10,0,1.7,1.7,2.6,4.4,40,101,89,27,Empoli,ITA,MF,Midfielder,1,1,False,0.0796812749003984,0.0,0.0796812749003984,0.06772908366533864,0.10358565737051792,0.06772908366533864,1.593625498007968,4.0239043824701195,3.545816733067729,False,False,,False,,False,,False
Filippo Missori,2022-2023,3,2,181,2.0,0,0,0,0,0,0,1,0,0.0,0.0,0.0,0.0,1,0,3,18,Roma,ITA,DF,Defender,1,1,False,0.0,0.0,0.0,0.0,0.0,0.0,0.5,0.0,1.5,True,False,,False,,False,,False
Filippo Ranocchia,2022-2023,14,5,530,5.9,1,0,1,1,0,0,1,0,1.2,1.2,0.4,1.6,13,26,15,21,Monza,ITA,MF,Midfielder,1,1,False,0.1694915254237288,0.0,0.1694915254237288,0.20338983050847456,0.06779661016949153,0.20338983050847456,2.2033898305084745,4.406779661016949,2.542372881355932,False,False,,False,,False,,False
Filippo Romagna,2022-2023,2,0,46,0.5,0,0,0,0,0,0,0,0,0.0,0.0,0.0,0.0,1,0,0,25,Sassuolo,ITA,DF,Defender,1,1,False,0.0,0.0,0.0,0.0,0.0,0.0,2.0,0.0,0.0,True,False,,False,,False,,False
Filippo Terracciano,2022-2023,20,7,821,9.1,0,1,1,0,0,0,2,0,0.2,0.2,1.2,1.4,16,37,24,19,Hellas Verona,ITA,"DF,MF",Defender,2,1,False,0.0,0.10989010989010989,0.10989010989010989,0.02197802197802198,0.13186813186813187,0.02197802197802198,1.7582417582417582,4.065934065934066,2.6373626373626373,False,False,,False,,False,,False
Flavio Paoletti,2022-2023,12,1,284,3.2,0,0,0,0,0,0,1,0,0.0,0.0,0.0,0.0,7,8,8,19,Sampdoria,ITA,MF,Midfielder,1,1,False,0.0,0.0,0.0,0.0,0.0,0.0,2.1875,2.5,2.5,True,False,,False,,False,,False
Flavius Daniliuc,2022-2023,27,23,2195,24.4,0,2,2,0,0,0,9,0,0.6,0.6,0.5,1.2,14,70,5,21,Salernitana,AUT,DF,Defender,1,1,False,0.0,0.0819672131147541,0.0819672131147541,0.02459016393442623,0.020491803278688527,0.02459016393442623,0.5737704918032788,2.8688524590163937,0.20491803278688525,False,False,,False,,False,,False
Florian Thauvin,2022-2023,16,5,546,6.1,0,0,0,0,0,0,1,0,0.7,0.7,1.1,1.7,19,24,49,29,Udinese,FRA,"FW,MF",Forward,2,1,False,0.0,0.0,0.0,0.11475409836065574,0.18032786885245905,0.11475409836065574,3.114754098360656,3.934426229508197,8.032786885245901,False,False,,False,,False,,False
Fodé Ballo-Touré,2022-2023,10,5,523,5.8,1,0,1,1,0,0,0,0,0.6,0.6,0.2,0.9,11,25,31,25,Milan,SEN,DF,Defender,1,1,False,0.1724137931034483,0.0,0.1724137931034483,0.10344827586206896,0.034482758620689655,0.10344827586206896,1.896551724137931,4.310344827586207,5.344827586206897,False,False,,False,,False,,False
Francesco Acerbi,2022-2023,31,25,2425,26.9,0,2,2,0,0,0,4,0,1.0,1.0,1.1,2.1,39,100,32,34,Inter,ITA,DF,Defender,1,1,False,0.0,0.07434944237918216,0.07434944237918216,0.03717472118959108,0.04089219330855019,0.03717472118959108,1.449814126394052,3.717472118959108,1.1895910780669146,False,True,,True,-1.0,True,0,True
Francesco Bardi,2022-2023,1,1,90,1.0,0,0,0,0,0,0,0,0,0.0,0.0,0.0,0.0,0,0,0,30,Bologna,ITA,GK,Goalkeeper,1,1,False,0.0,0.0,0.0,0.0,0.0,0.0,0.0,0.0,0.0,True,False,,False,,False,,False
Francesco Caputo,2022-2023,36,33,2802,31.2,6,4,10,4,2,2,1,0,9.4,7.800000000000001,2.7,10.5,22,32,204,34,MULTI:Empoli|Sampdoria,ITA,FW,Forward,1,2,True,0.19230769230769232,0.12820512820512822,0.32051282051282054,0.3012820512820513,0.08653846153846155,0.25000000000000006,0.7051282051282052,1.0256410256410258,6.538461538461538,False,False,,False,,False,,False
Francesco Rossi,2022-2023,1,0,4,0.0,0,0,0,0,0,0,0,0,0.0,0.0,0.0,0.0,0,0,0,31,Atalanta,ITA,GK,Goalkeeper,1,1,False,,,,,,,,,,True,False,,False,,False,,False
Franck Ribéry,2022-2023,1,0,37,0.4,0,0,0,0,0,0,0,0,0.0,0.0,0.0,0.0,1,1,4,39,Salernitana,FRA,MF,Midfielder,1,1,False,0.0,0.0,0.0,0.0,0.0,0.0,2.5,2.5,10.0,True,False,,False,,False,,False
Franco Carboni,2022-2023,3,0,66,0.7,0,0,0,0,0,0,0,0,0.1,0.1,0.0,0.1,7,2,8,19,Monza,ITA,"DF,FW",Defender,2,1,False,0.0,0.0,0.0,0.14285714285714288,0.0,0.14285714285714288,10.0,2.857142857142857,11.428571428571429,True,False,,False,,False,,False
Frank Tsadjout,2022-2023,20,14,1051,11.7,3,1,4,3,0,0,1,0,2.0,2.0,0.5,2.6,15,18,63,23,Cremonese,ITA,FW,Forward,1,1,False,0.25641025641025644,0.08547008547008547,0.3418803418803419,0.17094017094017094,0.042735042735042736,0.17094017094017094,1.2820512820512822,1.5384615384615385,5.384615384615385,False,False,,False,,False,,False
Gabriel Strefezza,2022-2023,35,30,2442,27.1,8,4,12,6,2,3,5,0,6.2,3.9,4.3,8.2,71,107,177,25,Lecce,BRA,"FW,MF",Forward,2,1,False,0.2952029520295203,0.14760147601476015,0.44280442804428044,0.2287822878228782,0.15867158671586715,0.14391143911439114,2.6199261992619927,3.9483394833948338,6.531365313653136,False,False,,False,,False,,False
Gaetano Castrovilli,2022-2023,15,7,718,8.0,2,1,3,2,0,0,3,0,1.2,1.2,1.1,2.3,12,14,16,25,Fiorentina,ITA,MF,Midfielder,1,1,False,0.25,0.125,0.375,0.15,0.1375,0.15,1.5,1.75,2.0,False,False,,False,,False,,False
Gary Medel,2022-2023,29,17,1478,16.4,0,1,1,0,0,0,5,0,0.1,0.1,0.4,0.5,1,58,5,34,Bologna,CHI,"MF,DF",Midfielder,2,1,False,0.0,0.06097560975609757,0.06097560975609757,0.006097560975609757,0.02439024390243903,0.006097560975609757,0.06097560975609757,3.536585365853659,0.30487804878048785,False,False,,False,,False,,False
Georginio Wijnaldum,2022-2023,14,10,769,8.5,2,0,2,2,0,0,0,0,2.2,2.2,0.7,2.9,16,18,33,31,Roma,NED,MF,Midfielder,1,1,False,0.23529411764705882,0.0,0.23529411764705882,0.25882352941176473,0.08235294117647059,0.25882352941176473,1.8823529411764706,2.1176470588235294,3.8823529411764706,False,False,,False,,False,,False
Gerard Deulofeu,2022-2023,16,15,1211,13.5,2,6,8,2,0,0,1,0,5.1,5.1,4.4,9.5,72,82,118,28,Udinese,ESP,FW,Forward,1,1,False,0.14814814814814814,0.4444444444444444,0.5925925925925926,0.37777777777777777,0.32592592592592595,0.37777777777777777,5.333333333333333,6.074074074074074,8.74074074074074,False,False,,False,,False,,False
Gerard Yepes,2022-2023,5,2,198,2.2,0,0,0,0,0,0,2,0,0.1,0.1,0.0,0.1,3,7,6,19,Sampdoria,ESP,MF,Midfielder,1,1,False,0.0,0.0,0.0,0.045454545454545456,0.0,0.045454545454545456,1.3636363636363635,3.1818181818181817,2.727272727272727,True,False,,False,,False,,False
Giacomo Bonaventura,2022-2023,30,21,1911,21.2,5,1,6,5,0,0,4,1,4.3,4.3,3.1,7.4,64,102,91,32,Fiorentina,ITA,MF,Midfielder,1,1,False,0.2358490566037736,0.04716981132075472,0.2830188679245283,0.2028301886792453,0.14622641509433962,0.2028301886792453,3.018867924528302,4.811320754716982,4.2924528301886795,False,False,,False,,False,,False
Giacomo Quagliata,2022-2023,20,6,699,7.8,0,1,1,0,0,0,0,1,0.5,0.5,1.0,1.5,19,28,45,22,Cremonese,ITA,DF,Defender,1,1,False,0.0,0.12820512820512822,0.12820512820512822,0.06410256410256411,0.12820512820512822,0.06410256410256411,2.435897435897436,3.58974358974359,5.769230769230769,False,False,,False,,False,,False
Giacomo Raspadori,2022-2023,26,10,956,10.6,2,2,4,2,0,0,1,0,3.5,3.5,1.3,4.8,13,35,92,22,MULTI:Napoli|Sassuolo,ITA,"FW,MF",Forward,2,2,True,0.18867924528301888,0.18867924528301888,0.37735849056603776,0.33018867924528306,0.12264150943396228,0.33018867924528306,1.2264150943396226,3.30188679245283,8.679245283018869,False,False,,False,,False,,False
Gian Marco Ferrari,2022-2023,33,24,2223,24.7,1,0,1,1,0,0,5,0,1.2,1.2,0.4,1.6,11,101,4,30,Sassuolo,ITA,DF,Defender,1,1,False,0.04048582995951417,0.0,0.04048582995951417,0.048582995951417005,0.016194331983805668,0.048582995951417005,0.4453441295546559,4.089068825910931,0.16194331983805668,False,False,,False,,False,,False
Giangiacomo Magnani,2022-2023,24,19,1532,17.0,0,1,1,0,0,0,7,1,0.5,0.5,0.2,0.7,5,32,5,26,Hellas Verona,ITA,DF,Defender,1,1,False,0.0,0.058823529411764705,0.058823529411764705,0.029411764705882353,0.011764705882352941,0.029411764705882353,0.29411764705882354,1.8823529411764706,0.29411764705882354,False,False,,False,,False,,False
Gianluca Caprari,2022-2023,37,32,2441,27.1,5,2,7,4,1,1,7,0,5.0,4.2,2.5,6.7,100,92,188,29,Monza,ITA,"MF,FW",Midfielder,2,1,False,0.18450184501845018,0.07380073800738007,0.25830258302583026,0.18450184501845018,0.09225092250922509,0.15498154981549817,3.6900369003690034,3.394833948339483,6.937269372693726,False,False,,False,,False,,False
Gianluca Gaetano,2022-2023,8,0,76,0.8,1,1,2,1,0,0,0,0,1.1,1.1,0.2,1.2,4,4,9,22,Napoli,ITA,MF,Midfielder,1,1,False,1.25,1.25,2.5,1.375,0.25,1.375,5.0,5.0,11.25,True,False,,False,,False,,False
Gianluca Mancini,2022-2023,35,33,2858,31.8,1,2,3,1,0,0,7,0,2.5,2.5,1.6,4.1,17,93,19,26,Roma,ITA,DF,Defender,1,1,False,0.031446540880503145,0.06289308176100629,0.09433962264150943,0.07861635220125786,0.050314465408805034,0.07861635220125786,0.5345911949685535,2.9245283018867925,0.5974842767295597,False,False,,False,,False,,False
Gianluca Pegolo,2022-2023,2,2,180,2.0,0,0,0,0,0,0,0,0,0.0,0.0,0.0,0.0,0,0,0,41,Sassuolo,ITA,GK,Goalkeeper,1,1,False,0.0,0.0,0.0,0.0,0.0,0.0,0.0,0.0,0.0,True,False,,False,,False,,False
Giorgio Scalvini,2022-2023,32,29,2335,25.9,2,2,4,2,0,0,7,0,2.0,2.0,0.4,2.4,22,158,34,18,Atalanta,ITA,DF,Defender,1,1,False,0.07722007722007722,0.07722007722007722,0.15444015444015444,0.07722007722007722,0.015444015444015446,0.07722007722007722,0.8494208494208495,6.100386100386101,1.3127413127413128,False,False,,False,,False,,False
Giorgos Kyriakopoulos,2022-2023,24,17,1470,16.3,1,3,4,1,0,0,5,0,1.3,1.3,2.2,3.5,38,55,96,26,MULTI:Bologna|Sassuolo,GRE,"DF,FW",Forward,2,2,True,0.06134969325153374,0.18404907975460122,0.24539877300613497,0.07975460122699386,0.13496932515337423,0.07975460122699386,2.331288343558282,3.374233128834356,5.889570552147239,False,False,,False,,False,,False
Giovanni Di Lorenzo,2022-2023,37,36,3257,36.2,3,4,7,3,0,0,2,0,2.7,2.7,4.7,7.4,73,256,182,28,Napoli,ITA,DF,Defender,1,1,False,0.08287292817679558,0.11049723756906077,0.19337016574585633,0.07458563535911603,0.1298342541436464,0.07458563535911603,2.0165745856353587,7.071823204419889,5.027624309392265,False,False,,False,,False,,False
Giovanni Simeone,2022-2023,25,1,406,4.5,4,1,5,4,0,0,1,0,1.4,1.4,1.2,2.5,11,9,34,27,Napoli,ARG,FW,Forward,1,1,False,0.8888888888888888,0.2222222222222222,1.1111111111111112,0.3111111111111111,0.26666666666666666,0.3111111111111111,2.4444444444444446,2.0,7.555555555555555,True,False,,False,,False,,False
Giulio Donati,2022-2023,8,4,422,4.7,1,0,1,1,0,0,4,2,0.4,0.4,0.1,0.5,4,21,8,32,Monza,ITA,DF,Defender,1,1,False,0.2127659574468085,0.0,0.2127659574468085,0.0851063829787234,0.02127659574468085,0.0851063829787234,0.851063829787234,4.468085106382978,1.702127659574468,True,False,,False,,False,,False
Giulio Maggiore,2022-2023,16,11,894,9.9,0,0,0,0,0,0,2,0,0.5,0.5,0.5,0.9,7,53,13,24,Salernitana,ITA,MF,Midfielder,1,1,False,0.0,0.0,0.0,0.050505050505050504,0.050505050505050504,0.050505050505050504,0.7070707070707071,5.353535353535353,1.3131313131313131,False,False,,False,,False,,False
Giuseppe Pezzella,2022-2023,16,10,918,10.2,0,1,1,0,0,0,2,0,0.1,0.1,0.6,0.7,28,65,48,24,Lecce,ITA,DF,Defender,1,1,False,0.0,0.09803921568627452,0.09803921568627452,0.009803921568627453,0.058823529411764705,0.009803921568627453,2.7450980392156863,6.372549019607844,4.705882352941177,False,False,,False,,False,,False
Gleison Bremer,2022-2023,30,30,2634,29.3,4,1,5,4,0,0,6,0,4.9,4.9,1.7,6.6,8,54,4,25,Juventus,BRA,DF,Defender,1,1,False,0.13651877133105803,0.034129692832764506,0.1706484641638225,0.1672354948805461,0.058020477815699655,0.1672354948805461,0.27303754266211605,1.8430034129692832,0.13651877133105803,False,False,,False,,False,,False
Gonzalo Escalante,2022-2023,9,7,555,6.2,0,1,1,0,0,0,0,1,0.2,0.2,0.2,0.4,3,30,8,29,Cremonese,ARG,MF,Midfielder,1,1,False,0.0,0.16129032258064516,0.16129032258064516,0.03225806451612903,0.03225806451612903,0.03225806451612903,0.48387096774193544,4.838709677419355,1.2903225806451613,False,False,,False,,False,,False
Gonzalo Villar,2022-2023,15,8,696,7.7,0,0,0,0,0,0,2,0,0.0,0.0,0.0,0.0,9,26,2,24,Sampdoria,ESP,MF,Midfielder,1,1,False,0.0,0.0,0.0,0.0,0.0,0.0,1.1688311688311688,3.3766233766233764,0.2597402597402597,False,False,,False,,False,,False
Grigoris Kastanos,2022-2023,28,13,1286,14.3,2,1,3,2,0,0,4,0,1.9,1.9,0.6,2.5,27,57,59,24,Salernitana,CYP,"MF,DF",Midfielder,2,1,False,0.13986013986013984,0.06993006993006992,0.2097902097902098,0.13286713286713286,0.04195804195804195,0.13286713286713286,1.8881118881118881,3.986013986013986,4.125874125874126,False,False,,False,,False,,False
Grégoire Defrel,2022-2023,27,13,1167,13.0,2,1,3,2,0,0,3,0,3.5,3.5,0.5,4.0,11,10,75,31,Sassuolo,MTQ,FW,Forward,1,1,False,0.15384615384615385,0.07692307692307693,0.23076923076923078,0.2692307692307692,0.038461538461538464,0.2692307692307692,0.8461538461538461,0.7692307692307693,5.769230769230769,False,False,,False,,False,,False
Guglielmo Vicario,2022-2023,31,31,2783,30.9,0,0,0,0,0,0,3,0,0.0,0.0,0.0,0.0,0,0,0,25,Empoli,ITA,GK,Goalkeeper,1,1,False,0.0,0.0,0.0,0.0,0.0,0.0,0.0,0.0,0.0,False,False,,False,,False,,False
Guillermo Ochoa,2022-2023,20,20,1800,20.0,0,0,0,0,0,0,1,0,0.0,0.0,0.0,0.0,0,0,0,37,Salernitana,MEX,GK,Goalkeeper,1,1,False,0.0,0.0,0.0,0.0,0.0,0.0,0.0,0.0,0.0,False,False,,False,,False,,False
Gvidas Gineitis,2022-2023,3,2,136,1.5,0,0,0,0,0,0,2,0,0.0,0.0,0.0,0.0,3,6,7,18,Torino,LTU,MF,Midfielder,1,1,False,0.0,0.0,0.0,0.0,0.0,0.0,2.0,4.0,4.666666666666667,True,False,,False,,False,,False
Hakan Çalhanoğlu,2022-2023,33,28,2363,26.3,3,6,9,2,1,1,3,0,3.1,2.3,5.0,7.3,46,172,68,28,Inter,TUR,MF,Midfielder,1,1,False,0.11406844106463879,0.22813688212927757,0.34220532319391633,0.11787072243346007,0.19011406844106463,0.08745247148288972,1.7490494296577945,6.5399239543726235,2.585551330798479,False,True,1.0,False,1.0,True,0,True
Hamed Junior Traorè,2022-2023,11,6,591,6.6,0,3,3,0,0,0,1,0,1.0,1.0,1.8,2.7,14,26,36,22,Sassuolo,CIV,"MF,FW",Midfielder,2,1,False,0.0,0.4545454545454546,0.4545454545454546,0.15151515151515152,0.27272727272727276,0.15151515151515152,2.121212121212121,3.9393939393939394,5.454545454545455,False,False,,False,,False,,False
Hans Hateboer,2022-2023,17,17,1397,15.5,1,1,2,1,0,0,7,0,1.3,1.3,1.5,2.8,16,55,73,28,Atalanta,NED,DF,Defender,1,1,False,0.06451612903225806,0.06451612903225806,0.12903225806451613,0.08387096774193549,0.0967741935483871,0.08387096774193549,1.032258064516129,3.5483870967741935,4.709677419354839,False,False,,False,,False,,False
Hans Nicolussi Caviglia,2022-2023,12,6,586,6.5,1,0,1,1,0,0,2,0,0.4,0.4,0.0,0.5,4,19,2,22,Salernitana,ITA,MF,Midfielder,1,1,False,0.15384615384615385,0.0,0.15384615384615385,0.06153846153846154,0.0,0.06153846153846154,0.6153846153846154,2.923076923076923,0.3076923076923077,False,False,,False,,False,,False
Harry Winks,2022-2023,20,19,1716,19.1,0,0,0,0,0,0,2,0,0.6,0.6,1.3,1.8,19,117,17,26,Sampdoria,ENG,MF,Midfielder,1,1,False,0.0,0.0,0.0,0.031413612565445025,0.06806282722513089,0.031413612565445025,0.9947643979057591,6.12565445026178,0.8900523560209423,False,False,,False,,False,,False
Henrikh Mkhitaryan,2022-2023,31,24,1986,22.1,3,2,5,3,0,0,4,0,2.8,2.8,2.1,4.9,48,133,74,33,Inter,ARM,MF,Midfielder,1,1,False,0.13574660633484162,0.09049773755656108,0.2262443438914027,0.12669683257918551,0.09502262443438914,0.12669683257918551,2.171945701357466,6.018099547511312,3.34841628959276,False,True,1.0,False,1.0,True,0,True
Herculano Nabian,2022-2023,1,0,1,0.0,0,0,0,0,0,0,0,0,0.0,0.0,0.0,0.0,0,0,0,18,Empoli,POR,MF,Midfielder,1,1,False,,,,,,,,,,True,False,,False,,False,,False
Hirving Lozano,2022-2023,32,20,1605,17.8,3,3,6,2,1,1,3,0,5.4,4.6,3.3,7.9,86,49,190,27,Napoli,MEX,FW,Forward,1,1,False,0.16853932584269662,0.16853932584269662,0.33707865168539325,0.30337078651685395,0.18539325842696627,0.2584269662921348,4.831460674157303,2.752808988764045,10.674157303370785,False,False,,False,,False,,False
Ibrahim Sulemana,2022-2023,16,6,651,7.2,0,0,0,0,0,0,4,0,0.3,0.3,0.2,0.6,4,18,5,19,Hellas Verona,GHA,MF,Midfielder,1,1,False,0.0,0.0,0.0,0.041666666666666664,0.02777777777777778,0.041666666666666664,0.5555555555555556,2.5,0.6944444444444444,False,False,,False,,False,,False
Ignacio Pussetto,2022-2023,5,1,152,1.7,0,0,0,0,0,0,1,0,0.2,0.2,0.2,0.3,2,1,17,26,Sampdoria,ARG,"MF,DF",Midfielder,2,1,False,0.0,0.0,0.0,0.11764705882352942,0.11764705882352942,0.11764705882352942,1.1764705882352942,0.5882352941176471,10.0,True,False,,False,,False,,False
Igor,2022-2023,27,23,2057,22.9,0,0,0,0,0,0,10,1,0.5,0.5,0.2,0.8,19,76,2,24,Fiorentina,BRA,DF,Defender,1,1,False,0.0,0.0,0.0,0.02183406113537118,0.008733624454148473,0.02183406113537118,0.8296943231441049,3.3187772925764194,0.08733624454148473,False,False,,False,,False,,False
Ilija Nestorovski,2022-2023,21,5,638,7.1,2,1,3,2,0,0,3,0,1.6,1.6,0.5,2.1,1,19,29,32,Udinese,MKD,"FW,MF",Forward,2,1,False,0.28169014084507044,0.14084507042253522,0.4225352112676057,0.22535211267605637,0.07042253521126761,0.22535211267605637,0.14084507042253522,2.676056338028169,4.084507042253521,False,False,,False,,False,,False
Ionuț Radu,2022-2023,9,9,810,9.0,0,0,0,0,0,0,0,0,0.0,0.0,0.4,0.4,0,0,0,25,Cremonese,ROU,GK,Goalkeeper,1,1,False,0.0,0.0,0.0,0.0,0.044444444444444446,0.0,0.0,0.0,0.0,False,False,,False,,False,,False
Isaac Success,2022-2023,30,21,1815,20.2,1,6,7,1,0,0,4,0,3.3,3.3,4.0,7.3,37,53,200,26,Udinese,NGA,FW,Forward,1,1,False,0.04950495049504951,0.297029702970297,0.34653465346534656,0.16336633663366337,0.19801980198019803,0.16336633663366337,1.8316831683168318,2.623762376237624,9.900990099009901,False,False,,False,,False,,False
Isak Hien,2022-2023,32,28,2607,29.0,0,0,0,0,0,0,9,0,0.3,0.3,0.1,0.4,17,54,2,23,Hellas Verona,SWE,DF,Defender,1,1,False,0.0,0.0,0.0,0.010344827586206896,0.003448275862068966,0.010344827586206896,0.5862068965517241,1.8620689655172413,0.06896551724137931,False,False,,False,,False,,False
Ismaël Bennacer,2022-2023,28,24,2007,22.3,2,2,4,2,0,0,5,0,1.0,1.0,3.3,4.3,30,132,52,24,Milan,ALG,MF,Midfielder,1,1,False,0.08968609865470852,0.08968609865470852,0.17937219730941703,0.04484304932735426,0.14798206278026904,0.04484304932735426,1.3452914798206277,5.9192825112107625,2.3318385650224216,False,False,,False,,False,,False
Ivan Ilić,2022-2023,25,23,2028,22.6,2,3,5,2,0,0,4,0,0.6000000000000001,0.6000000000000001,2.1,2.7,47,105,48,21,MULTI:Hellas Verona|Torino,SRB,MF,Midfielder,1,2,True,0.08849557522123894,0.1327433628318584,0.22123893805309733,0.026548672566371685,0.09292035398230088,0.026548672566371685,2.079646017699115,4.646017699115044,2.1238938053097343,False,False,,False,,False,,False
Ivan Provedel,2022-2023,38,37,3413,37.9,0,0,0,0,0,0,1,0,0.0,0.0,0.0,0.0,0,0,0,28,Lazio,ITA,GK,Goalkeeper,1,1,False,0.0,0.0,0.0,0.0,0.0,0.0,0.0,0.0,0.0,False,False,,False,,False,,False
Ivan Radovanović,2022-2023,10,7,671,7.5,0,0,0,0,0,0,1,1,0.2,0.2,0.0,0.2,2,16,2,33,Salernitana,SRB,"MF,DF",Midfielder,2,1,False,0.0,0.0,0.0,0.02666666666666667,0.0,0.02666666666666667,0.26666666666666666,2.1333333333333333,0.26666666666666666,False,False,,False,,False,,False
Jack Hendry,2022-2023,4,2,220,2.4,0,0,0,0,0,0,1,0,0.0,0.0,0.0,0.0,1,9,0,27,Cremonese,SCO,DF,Defender,1,1,False,0.0,0.0,0.0,0.0,0.0,0.0,0.4166666666666667,3.75,0.0,True,False,,False,,False,,False
Jacopo Fazzini,2022-2023,21,8,825,9.2,0,0,0,0,0,0,4,0,1.0,1.0,0.9,1.9,11,21,40,19,Empoli,ITA,MF,Midfielder,1,1,False,0.0,0.0,0.0,0.10869565217391305,0.09782608695652174,0.10869565217391305,1.1956521739130437,2.2826086956521743,4.347826086956522,False,False,,False,,False,,False
Jacopo Sala,2022-2023,6,1,112,1.2,0,0,0,0,0,0,1,0,0.0,0.0,0.0,0.0,2,6,3,30,Spezia,ITA,MF,Midfielder,1,1,False,0.0,0.0,0.0,0.0,0.0,0.0,1.6666666666666667,5.0,2.5,True,False,,False,,False,,False
Jacopo Segre,2022-2023,1,0,21,0.2,0,0,0,0,0,0,0,0,0.0,0.0,0.0,0.0,0,0,0,25,Torino,ITA,DF,Defender,1,1,False,0.0,0.0,0.0,0.0,0.0,0.0,0.0,0.0,0.0,True,False,,False,,False,,False
Jaime Báez,2022-2023,2,1,96,1.1,0,0,0,0,0,0,0,0,0.1,0.1,0.1,0.3,5,4,8,27,Cremonese,URU,DF,Defender,1,1,False,0.0,0.0,0.0,0.09090909090909091,0.09090909090909091,0.09090909090909091,4.545454545454545,3.6363636363636362,7.2727272727272725,True,False,,False,,False,,False
Jaka Bijol,2022-2023,32,32,2728,30.3,3,2,5,3,0,0,10,0,2.2,2.2,1.6,3.9,3,66,7,23,Udinese,SVN,DF,Defender,1,1,False,0.099009900990099,0.066006600660066,0.16501650165016502,0.07260726072607261,0.052805280528052806,0.07260726072607261,0.099009900990099,2.1782178217821784,0.23102310231023102,False,False,,False,,False,,False
Jakub Kiwior,2022-2023,17,17,1443,16.0,0,0,0,0,0,0,3,0,0.6,0.6,0.2,0.8,13,37,6,22,Spezia,POL,DF,Defender,1,1,False,0.0,0.0,0.0,0.0375,0.0125,0.0375,0.8125,2.3125,0.375,False,False,,False,,False,,False
James Abankwah,2022-2023,2,1,63,0.7,0,0,0,0,0,0,0,0,0.0,0.0,0.0,0.0,0,0,0,18,Udinese,IRL,DF,Defender,1,1,False,0.0,0.0,0.0,0.0,0.0,0.0,0.0,0.0,0.0,True,False,,False,,False,,False
Janis Antiste,2022-2023,2,0,52,0.6,1,0,1,1,0,0,0,0,0.2,0.2,0.0,0.2,0,1,2,19,Sassuolo,FRA,FW,Forward,1,1,False,1.6666666666666667,0.0,1.6666666666666667,0.33333333333333337,0.0,0.33333333333333337,0.0,1.6666666666666667,3.3333333333333335,True,False,,False,,False,,False
Jayden Braaf,2022-2023,6,2,288,3.2,0,0,0,0,0,0,1,0,0.8,0.8,0.1,0.9,10,5,29,19,Hellas Verona,NED,"MF,FW",Midfielder,2,1,False,0.0,0.0,0.0,0.25,0.03125,0.25,3.125,1.5625,9.0625,True,False,,False,,False,,False
Jean-Daniel Akpa-Akpro,2022-2023,24,16,1356,15.1,1,1,2,1,0,0,9,2,1.5,1.5,1.0,2.4,19,39,37,29,Empoli,CIV,"MF,FW",Midfielder,2,1,False,0.06622516556291391,0.06622516556291391,0.13245033112582782,0.09933774834437087,0.06622516556291391,0.09933774834437087,1.2582781456953642,2.5827814569536423,2.4503311258278146,False,False,,False,,False,,False
Jean-Victor Makengo,2022-2023,16,11,805,8.9,0,1,1,0,0,0,2,0,0.4,0.4,0.5,0.8,18,36,31,24,Udinese,FRA,MF,Midfielder,1,1,False,0.0,0.11235955056179775,0.11235955056179775,0.0449438202247191,0.056179775280898875,0.0449438202247191,2.0224719101123596,4.044943820224719,3.4831460674157304,False,False,,False,,False,,False
Jeison Murillo,2022-2023,20,12,1057,11.7,0,0,0,0,0,0,6,1,0.2,0.2,0.0,0.2,8,35,3,30,Sampdoria,COL,DF,Defender,1,1,False,0.0,0.0,0.0,0.017094017094017096,0.0,0.017094017094017096,0.6837606837606838,2.9914529914529915,0.25641025641025644,False,False,,False,,False,,False
Jerdy Schouten,2022-2023,33,29,2509,27.9,0,2,2,0,0,0,3,0,0.4,0.4,1.5,1.9,15,139,29,25,Bologna,NED,MF,Midfielder,1,1,False,0.0,0.07168458781362008,0.07168458781362008,0.014336917562724016,0.053763440860215055,0.014336917562724016,0.5376344086021506,4.982078853046596,1.039426523297491,False,False,,False,,False,,False
Jeremie Boga,2022-2023,23,5,782,8.7,2,5,7,2,0,0,0,0,1.9,1.9,2.8,4.7,64,53,78,25,Atalanta,CIV,"MF,FW",Midfielder,2,1,False,0.2298850574712644,0.574712643678161,0.8045977011494253,0.21839080459770116,0.3218390804597701,0.21839080459770116,7.356321839080461,6.0919540229885065,8.965517241379311,False,False,,False,,False,,False
Jeremy Toljan,2022-2023,31,29,2672,29.7,0,1,1,0,0,0,3,0,0.5,0.5,2.4,3.0,56,142,99,27,Sassuolo,GER,DF,Defender,1,1,False,0.0,0.03367003367003367,0.03367003367003367,0.016835016835016835,0.0808080808080808,0.016835016835016835,1.8855218855218856,4.781144781144781,3.3333333333333335,False,False,,False,,False,,False
Jeroen Zoet,2022-2023,5,4,334,3.7,0,0,0,0,0,0,1,0,0.0,0.0,0.0,0.0,0,0,0,31,Spezia,NED,GK,Goalkeeper,1,1,False,0.0,0.0,0.0,0.0,0.0,0.0,0.0,0.0,0.0,True,False,,False,,False,,False
Jesé,2022-2023,11,1,210,2.3,1,1,2,1,0,0,0,0,0.3,0.3,0.5,0.8,1,1,15,29,Sampdoria,ESP,FW,Forward,1,1,False,0.4347826086956522,0.4347826086956522,0.8695652173913044,0.13043478260869565,0.2173913043478261,0.13043478260869565,0.4347826086956522,0.4347826086956522,6.521739130434783,True,False,,False,,False,,False
Jhon Lucumí,2022-2023,33,33,2900,32.2,0,1,1,0,0,0,8,0,0.7,0.7,0.4,1.0,37,84,6,24,Bologna,COL,DF,Defender,1,1,False,0.0,0.03105590062111801,0.03105590062111801,0.021739130434782605,0.012422360248447204,0.021739130434782605,1.1490683229813663,2.6086956521739126,0.18633540372670807,False,False,,False,,False,,False
Joakim Mæhle,2022-2023,34,25,2209,24.5,3,3,6,3,0,0,5,1,3.0,3.0,2.9,5.9,81,137,186,25,Atalanta,DEN,"DF,MF",Defender,2,1,False,0.12244897959183673,0.12244897959183673,0.24489795918367346,0.12244897959183673,0.1183673469387755,0.12244897959183673,3.306122448979592,5.591836734693878,7.591836734693878,False,False,,False,,False,,False
Joan Gonzàlez,2022-2023,35,26,2197,24.4,1,3,4,1,0,0,8,0,1.5,1.5,1.3,2.8,18,71,67,20,Lecce,ESP,MF,Midfielder,1,1,False,0.04098360655737705,0.12295081967213116,0.1639344262295082,0.06147540983606558,0.05327868852459017,0.06147540983606558,0.7377049180327869,2.9098360655737707,2.7459016393442623,False,False,,False,,False,,False
Joaquin Sosa,2022-2023,10,7,688,7.6,0,0,0,0,0,0,2,0,0.1,0.1,0.0,0.1,6,13,1,20,Bologna,URU,DF,Defender,1,1,False,0.0,0.0,0.0,0.013157894736842106,0.0,0.013157894736842106,0.7894736842105263,1.7105263157894737,0.13157894736842105,False,False,,False,,False,,False
Joaquín Correa,2022-2023,26,12,950,10.6,3,1,4,3,0,0,1,0,3.4,3.4,1.3,4.7,19,29,61,27,Inter,ARG,FW,Forward,1,1,False,0.2830188679245283,0.09433962264150944,0.37735849056603776,0.32075471698113206,0.12264150943396228,0.32075471698113206,1.7924528301886793,2.7358490566037736,5.754716981132075,False,True,2.0,False,2.0,True,1,True
Joel Voelkerling Persson,2022-2023,9,0,99,1.1,0,0,0,0,0,0,0,0,0.0,0.0,0.0,0.1,1,3,10,19,Lecce,SWE,"FW,MF",Forward,2,1,False,0.0,0.0,0.0,0.0,0.0,0.0,0.9090909090909091,2.727272727272727,9.09090909090909,True,False,,False,,False,,False
Johan Vásquez,2022-2023,25,19,1813,20.1,1,0,1,1,0,0,7,0,0.7,0.7,0.3,1.0,18,48,12,23,Cremonese,MEX,DF,Defender,1,1,False,0.04975124378109452,0.0,0.04975124378109452,0.03482587064676616,0.014925373134328356,0.03482587064676616,0.8955223880597014,2.388059701492537,0.5970149253731343,False,False,,False,,False,,False
Jonathan Ikone,2022-2023,33,24,2007,22.3,4,4,8,4,0,0,4,0,4.1,4.1,3.7,7.8,83,67,178,24,Fiorentina,FRA,FW,Forward,1,1,False,0.17937219730941703,0.17937219730941703,0.35874439461883406,0.18385650224215244,0.16591928251121077,0.18385650224215244,3.7219730941704037,3.004484304932735,7.982062780269058,False,False,,False,,False,,False
Jordan Majchrzak,2022-2023,1,0,14,0.2,0,0,0,0,0,0,0,0,0.0,0.0,0.0,0.0,0,0,1,17,Roma,POL,FW,Forward,1,1,False,0.0,0.0,0.0,0.0,0.0,0.0,0.0,0.0,5.0,True,False,,False,,False,,False
Josh Doig,2022-2023,22,15,1354,15.0,2,3,5,2,0,0,1,0,1.8,1.8,1.2,3.0,41,27,61,20,Hellas Verona,SCO,DF,Defender,1,1,False,0.13333333333333333,0.2,0.3333333333333333,0.12000000000000001,0.08,0.12000000000000001,2.7333333333333334,1.8,4.066666666666666,False,False,,False,,False,,False
Joshua Zirkzee,2022-2023,19,5,822,9.1,2,2,4,2,0,0,1,0,3.1,3.1,1.4,4.5,10,17,74,21,Bologna,NED,FW,Forward,1,1,False,0.21978021978021978,0.21978021978021978,0.43956043956043955,0.34065934065934067,0.15384615384615385,0.34065934065934067,1.098901098901099,1.8681318681318682,8.131868131868131,False,False,,False,,False,,False
Josip Brekalo,2022-2023,6,1,229,2.5,0,0,0,0,0,0,1,0,0.7,0.7,0.5,1.2,11,18,31,24,Fiorentina,CRO,"FW,MF",Forward,2,1,False,0.0,0.0,0.0,0.27999999999999997,0.2,0.27999999999999997,4.4,7.2,12.4,True,False,,False,,False,,False
José Luis Palomino,2022-2023,15,8,759,8.4,1,0,1,1,0,0,4,0,0.5,0.5,0.3,0.8,3,29,3,32,Atalanta,ARG,DF,Defender,1,1,False,0.11904761904761904,0.0,0.11904761904761904,0.05952380952380952,0.03571428571428571,0.05952380952380952,0.35714285714285715,3.452380952380952,0.35714285714285715,False,False,,False,,False,,False
João Moutinho,2022-2023,4,0,58,0.6,0,0,0,0,0,0,0,0,0.0,0.0,0.0,0.0,0,1,2,24,Spezia,POR,"DF,FW",Defender,2,1,False,0.0,0.0,0.0,0.0,0.0,0.0,0.0,1.6666666666666667,3.3333333333333335,True,False,,False,,False,,False
Juan Cuadrado,2022-2023,31,24,2078,23.1,1,3,4,1,0,0,6,1,1.4,1.4,2.7,4.2,48,92,125,34,Juventus,COL,"DF,FW",Defender,2,1,False,0.04329004329004329,0.12987012987012986,0.17316017316017315,0.0606060606060606,0.11688311688311688,0.0606060606060606,2.0779220779220777,3.9826839826839824,5.411255411255411,False,False,,False,,False,,False
Juan David Cabal,2022-2023,11,3,444,4.9,0,0,0,0,0,0,3,0,0.0,0.0,0.3,0.3,4,17,8,21,Hellas Verona,COL,DF,Defender,1,1,False,0.0,0.0,0.0,0.0,0.06122448979591836,0.0,0.8163265306122448,3.4693877551020407,1.6326530612244896,True,False,,False,,False,,False
Juan Jesus,2022-2023,15,10,933,10.4,1,0,1,1,0,0,2,0,0.2,0.2,0.1,0.3,14,55,3,31,Napoli,BRA,DF,Defender,1,1,False,0.09615384615384615,0.0,0.09615384615384615,0.019230769230769232,0.009615384615384616,0.019230769230769232,1.346153846153846,5.288461538461538,0.28846153846153844,False,False,,False,,False,,False
Juan Musso,2022-2023,24,24,2077,23.1,0,0,0,0,0,0,1,0,0.0,0.0,0.1,0.1,0,0,0,28,Atalanta,ARG,GK,Goalkeeper,1,1,False,0.0,0.0,0.0,0.0,0.004329004329004329,0.0,0.0,0.0,0.0,False,False,,False,,False,,False
Julian Kristoffersen,2022-2023,1,0,18,0.2,0,0,0,0,0,0,0,0,0.0,0.0,0.0,0.0,0,0,2,25,Salernitana,NOR,FW,Forward,1,1,False,0.0,0.0,0.0,0.0,0.0,0.0,0.0,0.0,10.0,True,False,,False,,False,,False
Julius Beck,2022-2023,1,0,10,0.1,0,0,0,0,0,0,0,0,0.0,0.0,0.0,0.0,0,2,0,17,Spezia,DEN,MF,Midfielder,1,1,False,0.0,0.0,0.0,0.0,0.0,0.0,0.0,20.0,0.0,True,False,,False,,False,,False
Junior Messias,2022-2023,25,19,1498,16.6,5,2,7,5,0,0,3,0,2.3,2.3,0.8,3.0,45,54,137,31,Milan,BRA,"FW,DF",Forward,2,1,False,0.3012048192771084,0.12048192771084336,0.4216867469879518,0.13855421686746985,0.048192771084337345,0.13855421686746985,2.710843373493976,3.2530120481927707,8.25301204819277,False,False,,False,,False,,False
Junior Sambia,2022-2023,22,7,697,7.7,0,1,1,0,0,0,3,0,0.6,0.6,1.6,2.2,23,27,38,25,Salernitana,FRA,DF,Defender,1,1,False,0.0,0.12987012987012986,0.12987012987012986,0.07792207792207792,0.2077922077922078,0.07792207792207792,2.987012987012987,3.5064935064935066,4.935064935064935,False,False,,False,,False,,False
Kaan Ayhan,2022-2023,10,5,545,6.1,0,0,0,0,0,0,1,0,0.0,0.0,0.0,0.0,8,15,0,27,Sassuolo,TUR,DF,Defender,1,1,False,0.0,0.0,0.0,0.0,0.0,0.0,1.3114754098360657,2.459016393442623,0.0,False,False,,False,,False,,False
Karim Zedadka,2022-2023,3,0,20,0.2,0,0,0,0,0,0,0,0,0.0,0.0,0.0,0.0,1,0,4,22,Napoli,FRA,FW,Forward,1,1,False,0.0,0.0,0.0,0.0,0.0,0.0,5.0,0.0,20.0,True,False,,False,,False,,False
Karol Linetty,2022-2023,32,22,1886,21.0,1,0,1,1,0,0,8,0,1.0,1.0,0.9,1.9,27,73,32,27,Torino,POL,MF,Midfielder,1,1,False,0.047619047619047616,0.0,0.047619047619047616,0.047619047619047616,0.04285714285714286,0.047619047619047616,1.2857142857142858,3.4761904761904763,1.5238095238095237,False,False,,False,,False,,False
Kastriot Dermaku,2022-2023,1,0,34,0.4,0,0,0,0,0,0,0,0,0.0,0.0,0.0,0.0,0,0,0,30,Lecce,ALB,DF,Defender,1,1,False,0.0,0.0,0.0,0.0,0.0,0.0,0.0,0.0,0.0,True,False,,False,,False,,False
Kelvin Amian,2022-2023,30,26,2372,26.4,0,1,1,0,0,0,7,1,2.7,2.7,2.3,5.0,53,102,72,24,Spezia,FRA,DF,Defender,1,1,False,0.0,0.03787878787878788,0.03787878787878788,0.10227272727272728,0.08712121212121211,0.10227272727272728,2.007575757575758,3.8636363636363638,2.7272727272727275,False,False,,False,,False,,False
Kevin Agudelo,2022-2023,34,23,2131,23.7,0,1,1,0,0,0,5,0,1.5,1.5,3.0,4.5,81,110,100,23,Spezia,COL,"MF,FW",Midfielder,2,1,False,0.0,0.04219409282700422,0.04219409282700422,0.06329113924050633,0.12658227848101267,0.06329113924050633,3.4177215189873418,4.641350210970464,4.219409282700422,False,False,,False,,False,,False
Kevin Bonifazi,2022-2023,13,9,902,10.0,0,0,0,0,0,0,2,0,0.2,0.2,0.0,0.2,4,33,0,26,Bologna,ITA,DF,Defender,1,1,False,0.0,0.0,0.0,0.02,0.0,0.02,0.4,3.3,0.0,False,False,,False,,False,,False
Kevin Lasagna,2022-2023,26,17,1572,17.5,1,2,3,1,0,0,2,0,6.0,6.0,1.7,7.7,36,19,105,29,Hellas Verona,ITA,"FW,MF",Forward,2,1,False,0.05714285714285714,0.11428571428571428,0.17142857142857143,0.34285714285714286,0.09714285714285714,0.34285714285714286,2.057142857142857,1.0857142857142856,6.0,False,False,,False,,False,,False
Khvicha Kvaratskhelia,2022-2023,34,30,2518,28.0,12,10,22,10,2,2,1,0,8.2,6.6,7.7,14.2,139,91,291,21,Napoli,GEO,FW,Forward,1,1,False,0.42857142857142855,0.35714285714285715,0.7857142857142857,0.2928571428571428,0.275,0.2357142857142857,4.964285714285714,3.25,10.392857142857142,False,False,,False,,False,,False
Kim Min-jae,2022-2023,35,35,3050,33.9,2,2,4,2,0,0,5,0,1.0,1.0,1.9,2.9,42,169,8,25,Napoli,KOR,DF,Defender,1,1,False,0.058997050147492625,0.058997050147492625,0.11799410029498525,0.029498525073746312,0.05604719764011799,0.029498525073746312,1.2389380530973453,4.985250737463127,0.2359882005899705,False,False,,False,,False,,False
Kingsley Ehizibue,2022-2023,27,16,1535,17.1,2,0,2,2,0,0,7,0,2.0,2.0,0.9,3.0,29,40,69,27,Udinese,NED,DF,Defender,1,1,False,0.11695906432748537,0.0,0.11695906432748537,0.11695906432748537,0.05263157894736842,0.11695906432748537,1.6959064327485378,2.3391812865497075,4.035087719298245,False,False,,False,,False,,False
Koffi Djidji,2022-2023,34,26,2424,26.9,1,0,1,1,0,0,3,0,0.9,0.9,0.1,1.1,11,83,13,29,Torino,CIV,DF,Defender,1,1,False,0.03717472118959108,0.0,0.03717472118959108,0.033457249070631974,0.003717472118959108,0.033457249070631974,0.4089219330855019,3.0855018587360594,0.483271375464684,False,False,,False,,False,,False
Koni De Winter,2022-2023,14,12,1024,11.4,0,0,0,0,0,0,3,0,0.0,0.0,0.2,0.2,2,22,0,20,Empoli,BEL,DF,Defender,1,1,False,0.0,0.0,0.0,0.0,0.017543859649122806,0.0,0.17543859649122806,1.9298245614035088,0.0,False,False,,False,,False,,False
Koray Günter,2022-2023,23,19,1779,19.7,1,0,1,1,0,0,5,0,1.0,1.0,1.1,2.1999999999999997,11,57,5,27,MULTI:Hellas Verona|Sampdoria,GER,DF,Defender,1,2,True,0.050761421319796954,0.0,0.050761421319796954,0.050761421319796954,0.05583756345177666,0.050761421319796954,0.5583756345177665,2.8934010152284264,0.25380710659898476,False,False,,False,,False,,False
Kristian Thorstvedt,2022-2023,31,13,1136,12.6,2,1,3,2,0,0,5,0,2.1,2.1,1.1,3.2,31,60,54,23,Sassuolo,NOR,MF,Midfielder,1,1,False,0.15873015873015872,0.07936507936507936,0.2380952380952381,0.16666666666666669,0.08730158730158731,0.16666666666666669,2.4603174603174605,4.761904761904762,4.285714285714286,False,False,,False,,False,,False
Kristijan Bistrović,2022-2023,11,5,461,5.1,0,0,0,0,0,0,0,0,0.3,0.3,0.4,0.7,4,16,8,24,Lecce,CRO,MF,Midfielder,1,1,False,0.0,0.0,0.0,0.058823529411764705,0.07843137254901962,0.058823529411764705,0.7843137254901962,3.1372549019607847,1.5686274509803924,False,False,,False,,False,,False
Kristjan Asllani,2022-2023,20,5,592,6.6,0,0,0,0,0,0,2,0,0.5,0.5,0.9,1.5,6,29,6,20,Inter,ALB,MF,Midfielder,1,1,False,0.0,0.0,0.0,0.07575757575757576,0.13636363636363638,0.07575757575757576,0.9090909090909092,4.3939393939393945,0.9090909090909092,False,True,,True,-1.0,True,0,True
Kristoffer Askildsen,2022-2023,21,7,728,8.1,0,0,0,0,0,0,3,0,0.5,0.5,0.4,1.0,10,24,17,21,Lecce,NOR,MF,Midfielder,1,1,False,0.0,0.0,0.0,0.0617283950617284,0.04938271604938272,0.0617283950617284,1.234567901234568,2.9629629629629632,2.0987654320987654,False,False,,False,,False,,False
Krzysztof Piątek,2022-2023,33,23,2140,23.8,4,5,9,3,1,1,5,0,8.3,7.6,2.1,9.7,27,33,121,27,Salernitana,POL,FW,Forward,1,1,False,0.1680672268907563,0.21008403361344538,0.37815126050420167,0.34873949579831937,0.08823529411764706,0.31932773109243695,1.134453781512605,1.3865546218487395,5.084033613445378,False,False,,False,,False,,False
Lameck Banda,2022-2023,36,19,1636,18.2,2,1,3,2,0,0,6,0,3.3,3.3,1.3,4.7,86,28,160,21,Lecce,ZAM,"FW,MF",Forward,2,1,False,0.10989010989010989,0.054945054945054944,0.16483516483516483,0.1813186813186813,0.07142857142857144,0.1813186813186813,4.725274725274725,1.5384615384615385,8.791208791208792,False,False,,False,,False,,False
Lassana Coulibaly,2022-2023,35,34,2892,32.1,3,3,6,3,0,0,12,0,0.8,0.8,1.8,2.6,52,120,59,26,Salernitana,MLI,MF,Midfielder,1,1,False,0.09345794392523364,0.09345794392523364,0.18691588785046728,0.024922118380062305,0.056074766355140186,0.024922118380062305,1.6199376947040498,3.7383177570093458,1.838006230529595,False,False,,False,,False,,False
Lautaro Martínez,2022-2023,38,27,2576,28.6,21,6,27,20,1,2,3,0,18.1,16.5,5.4,21.9,49,83,172,24,Inter,ARG,FW,Forward,1,1,False,0.7342657342657343,0.2097902097902098,0.9440559440559441,0.6328671328671329,0.1888111888111888,0.5769230769230769,1.7132867132867131,2.902097902097902,6.013986013986013,False,True,3.0,False,3.0,True,0,True
Lazar Samardzic,2022-2023,37,19,1848,20.5,5,4,9,5,0,0,1,0,2.4,2.4,3.7,6.1,34,100,65,20,Udinese,SRB,MF,Midfielder,1,1,False,0.24390243902439024,0.1951219512195122,0.43902439024390244,0.11707317073170731,0.1804878048780488,0.11707317073170731,1.6585365853658536,4.878048780487805,3.1707317073170733,False,False,,False,,False,,False
Leandro Paredes,2022-2023,25,8,977,10.9,1,0,1,1,0,0,7,1,0.6,0.6,1.9,2.5,11,72,11,28,Juventus,ARG,MF,Midfielder,1,1,False,0.09174311926605504,0.0,0.09174311926605504,0.055045871559633024,0.17431192660550457,0.055045871559633024,1.0091743119266054,6.605504587155963,1.0091743119266054,False,False,,False,,False,,False
Leandro Sanca,2022-2023,4,0,32,0.4,0,0,0,0,0,0,0,0,0.0,0.0,0.0,0.0,1,0,3,22,Spezia,GNB,"FW,MF",Forward,2,1,False,0.0,0.0,0.0,0.0,0.0,0.0,2.5,0.0,7.5,True,False,,False,,False,,False
Leo Skiri Østigård,2022-2023,7,4,419,4.7,0,0,0,0,0,0,1,0,0.1,0.1,0.0,0.1,5,23,1,22,Napoli,NOR,DF,Defender,1,1,False,0.0,0.0,0.0,0.02127659574468085,0.0,0.02127659574468085,1.0638297872340425,4.8936170212765955,0.2127659574468085,True,False,,False,,False,,False
Leonardo Bonucci,2022-2023,16,9,879,9.8,1,0,1,1,0,1,2,0,1.1,0.3,0.2,0.5,2,28,1,35,Juventus,ITA,DF,Defender,1,1,False,0.1020408163265306,0.0,0.1020408163265306,0.11224489795918367,0.02040816326530612,0.03061224489795918,0.2040816326530612,2.8571428571428568,0.1020408163265306,False,False,,False,,False,,False
Leonardo Buta,2022-2023,2,0,16,0.2,0,0,0,0,0,0,0,0,0.0,0.0,0.0,0.0,1,1,1,20,Udinese,POR,DF,Defender,1,1,False,0.0,0.0,0.0,0.0,0.0,0.0,5.0,5.0,5.0,True,False,,False,,False,,False
Leonardo Sernicola,2022-2023,32,27,2317,25.7,2,2,4,2,0,0,11,0,1.3,1.3,2.3,3.7,60,62,95,25,Cremonese,ITA,DF,Defender,1,1,False,0.07782101167315175,0.07782101167315175,0.1556420233463035,0.05058365758754864,0.08949416342412451,0.05058365758754864,2.3346303501945527,2.412451361867704,3.6964980544747084,False,False,,False,,False,,False
Leonardo Spinazzola,2022-2023,26,18,1654,18.4,1,4,5,1,0,0,3,0,1.0,1.0,2.0,3.0,107,63,87,29,Roma,ITA,DF,Defender,1,1,False,0.05434782608695653,0.2173913043478261,0.27173913043478265,0.05434782608695653,0.10869565217391305,0.05434782608695653,5.815217391304349,3.423913043478261,4.728260869565218,False,False,,False,,False,,False
Lewis Ferguson,2022-2023,32,27,2314,25.7,7,0,7,7,0,0,4,0,4.7,4.7,1.0,5.7,31,88,114,22,Bologna,SCO,"MF,FW",Midfielder,2,1,False,0.27237354085603116,0.0,0.27237354085603116,0.18287937743190663,0.038910505836575876,0.18287937743190663,1.206225680933852,3.4241245136186773,4.43579766536965,False,False,,False,,False,,False
Liam Henderson,2022-2023,25,11,1007,11.2,0,1,1,0,0,0,9,0,0.5,0.5,1.4,1.9,11,38,38,26,Empoli,SCO,MF,Midfielder,1,1,False,0.0,0.08928571428571429,0.08928571428571429,0.044642857142857144,0.125,0.044642857142857144,0.9821428571428572,3.3928571428571432,3.3928571428571432,False,False,,False,,False,,False
Liberato Cacace,2022-2023,12,5,587,6.5,0,0,0,0,0,0,1,0,0.6,0.6,0.6,1.2,21,41,31,21,Empoli,NZL,DF,Defender,1,1,False,0.0,0.0,0.0,0.0923076923076923,0.0923076923076923,0.0923076923076923,3.230769230769231,6.3076923076923075,4.769230769230769,False,False,,False,,False,,False
Lorenzo Colombo,2022-2023,33,18,1515,16.8,5,2,7,4,1,2,4,0,6.2,4.6,1.4,6.1,14,21,119,20,Lecce,ITA,FW,Forward,1,1,False,0.2976190476190476,0.11904761904761904,0.41666666666666663,0.36904761904761907,0.08333333333333333,0.2738095238095238,0.8333333333333333,1.25,7.083333333333333,False,False,,False,,False,,False
Lorenzo De Silvestri,2022-2023,15,6,672,7.5,1,0,1,1,0,0,1,0,0.6,0.6,0.2,0.9,18,31,17,34,Bologna,ITA,DF,Defender,1,1,False,0.13333333333333333,0.0,0.13333333333333333,0.08,0.02666666666666667,0.08,2.4,4.133333333333334,2.2666666666666666,False,False,,False,,False,,False
Lorenzo Malagrida,2022-2023,6,0,109,1.2,0,0,0,0,0,0,2,0,0.2,0.2,0.1,0.3,1,4,10,18,Sampdoria,ITA,"MF,DF",Midfielder,2,1,False,0.0,0.0,0.0,0.16666666666666669,0.08333333333333334,0.16666666666666669,0.8333333333333334,3.3333333333333335,8.333333333333334,True,False,,False,,False,,False
Lorenzo Montipò,2022-2023,37,37,3330,37.0,0,0,0,0,0,0,1,0,0.0,0.0,0.0,0.0,0,0,0,26,Hellas Verona,ITA,GK,Goalkeeper,1,1,False,0.0,0.0,0.0,0.0,0.0,0.0,0.0,0.0,0.0,False,False,,False,,False,,False
Lorenzo Pellegrini,2022-2023,32,29,2545,28.3,4,5,9,2,2,3,5,0,8.0,5.6,7.1,12.7,58,106,113,26,Roma,ITA,MF,Midfielder,1,1,False,0.1413427561837456,0.17667844522968199,0.31802120141342755,0.2826855123674912,0.2508833922261484,0.1978798586572438,2.049469964664311,3.745583038869258,3.9929328621908127,False,False,,False,,False,,False
Lorenzo Pirola,2022-2023,26,23,1941,21.6,2,0,2,2,0,0,4,0,1.5,1.5,0.4,1.9,13,43,4,20,Salernitana,ITA,DF,Defender,1,1,False,0.09259259259259259,0.0,0.09259259259259259,0.06944444444444443,0.018518518518518517,0.06944444444444443,0.6018518518518519,1.9907407407407407,0.18518518518518517,False,False,,False,,False,,False
Lorenzo Tonelli,2022-2023,1,0,19,0.2,0,0,0,0,0,0,0,1,0.0,0.0,0.0,0.0,0,0,0,32,Empoli,ITA,DF,Defender,1,1,False,0.0,0.0,0.0,0.0,0.0,0.0,0.0,0.0,0.0,True,False,,False,,False,,False
Lorenzo Venuti,2022-2023,17,9,924,10.3,0,1,1,0,0,0,2,0,0.4,0.4,0.5,0.9,24,44,43,27,Fiorentina,ITA,DF,Defender,1,1,False,0.0,0.0970873786407767,0.0970873786407767,0.038834951456310676,0.04854368932038835,0.038834951456310676,2.3300970873786406,4.271844660194175,4.174757281553398,False,False,,False,,False,,False
Luca Caldirola,2022-2023,31,27,2353,26.1,2,0,2,2,0,0,6,0,1.1,1.1,0.5,1.6,12,63,13,31,Monza,ITA,DF,Defender,1,1,False,0.07662835249042145,0.0,0.07662835249042145,0.0421455938697318,0.019157088122605363,0.0421455938697318,0.45977011494252873,2.413793103448276,0.49808429118773945,False,False,,False,,False,,False
Luca D'Andrea,2022-2023,5,5,316,3.5,0,1,1,0,0,0,0,0,0.3,0.3,0.8,1.1,11,9,29,17,Sassuolo,ITA,FW,Forward,1,1,False,0.0,0.2857142857142857,0.2857142857142857,0.08571428571428572,0.2285714285714286,0.08571428571428572,3.142857142857143,2.5714285714285716,8.285714285714286,True,False,,False,,False,,False
Luca Marrone,2022-2023,2,2,135,1.5,0,0,0,0,0,0,0,0,0.1,0.1,0.0,0.1,0,4,0,32,Monza,ITA,DF,Defender,1,1,False,0.0,0.0,0.0,0.06666666666666667,0.0,0.06666666666666667,0.0,2.6666666666666665,0.0,True,False,,False,,False,,False
Luca Pellegrini,2022-2023,7,1,180,2.0,0,0,0,0,0,0,3,0,0.1,0.1,0.2,0.3,7,9,11,23,Lazio,ITA,DF,Defender,1,1,False,0.0,0.0,0.0,0.05,0.1,0.05,3.5,4.5,5.5,True,False,,False,,False,,False
Luca Ranieri,2022-2023,9,5,508,5.6,0,0,0,0,0,0,1,0,0.1,0.1,0.1,0.2,4,11,0,23,Fiorentina,ITA,DF,Defender,1,1,False,0.0,0.0,0.0,0.01785714285714286,0.01785714285714286,0.01785714285714286,0.7142857142857143,1.9642857142857144,0.0,False,False,,False,,False,,False
Luca Zanimacchia,2022-2023,15,9,746,8.3,0,0,0,0,0,0,2,0,1.2,1.2,0.9,2.0,22,26,70,24,Cremonese,ITA,"MF,FW",Midfielder,2,1,False,0.0,0.0,0.0,0.14457831325301204,0.10843373493975902,0.14457831325301204,2.650602409638554,3.1325301204819276,8.433734939759036,False,False,,False,,False,,False
Lucas Martínez Quarta,2022-2023,27,25,2171,24.1,1,1,2,1,0,0,6,0,2.5,2.5,0.6,3.1,19,119,6,26,Fiorentina,ARG,DF,Defender,1,1,False,0.04149377593360996,0.04149377593360996,0.08298755186721991,0.10373443983402489,0.024896265560165973,0.10373443983402489,0.7883817427385892,4.937759336099584,0.24896265560165973,False,False,,False,,False,,False
Luigi Sepe,2022-2023,17,17,1530,17.0,0,0,0,0,0,0,3,0,0.0,0.0,0.0,0.0,0,0,0,31,Salernitana,ITA,GK,Goalkeeper,1,1,False,0.0,0.0,0.0,0.0,0.0,0.0,0.0,0.0,0.0,False,False,,False,,False,,False
Luis Alberto,2022-2023,35,27,2442,27.1,6,7,13,5,1,2,4,0,4.4,2.7,7.0,9.7,73,248,94,29,Lazio,ESP,MF,Midfielder,1,1,False,0.22140221402214022,0.25830258302583026,0.4797047970479705,0.16236162361623616,0.25830258302583026,0.0996309963099631,2.6937269372693726,9.15129151291513,3.468634686346863,False,False,,False,,False,,False
Luis Muriel,2022-2023,29,10,1073,11.9,3,3,6,2,1,1,2,2,2.8,2.0,3.5,5.6,53,71,124,31,Atalanta,COL,"FW,MF",Forward,2,1,False,0.25210084033613445,0.25210084033613445,0.5042016806722689,0.2352941176470588,0.29411764705882354,0.1680672268907563,4.453781512605042,5.966386554621849,10.420168067226891,False,False,,False,,False,,False
Luka Jović,2022-2023,31,16,1534,17.0,6,3,9,6,0,1,3,0,7.9,7.1,1.5,8.6,8,28,75,24,Fiorentina,SRB,"FW,MF",Forward,2,1,False,0.35294117647058826,0.17647058823529413,0.5294117647058824,0.4647058823529412,0.08823529411764706,0.41764705882352937,0.47058823529411764,1.6470588235294117,4.411764705882353,False,False,,False,,False,,False
Luka Lochoshvili,2022-2023,25,22,1839,20.4,1,2,3,1,0,0,4,0,0.6,0.6,1.1,1.7,17,70,5,24,Cremonese,GEO,DF,Defender,1,1,False,0.04901960784313726,0.09803921568627452,0.14705882352941177,0.029411764705882353,0.05392156862745099,0.029411764705882353,0.8333333333333334,3.431372549019608,0.2450980392156863,False,False,,False,,False,,False
Luka Romero,2022-2023,6,1,151,1.7,1,0,1,1,0,0,0,0,0.9,0.9,0.1,0.9,4,4,21,17,Lazio,ARG,FW,Forward,1,1,False,0.5882352941176471,0.0,0.5882352941176471,0.5294117647058824,0.05882352941176471,0.5294117647058824,2.3529411764705883,2.3529411764705883,12.352941176470589,True,False,,False,,False,,False
Lukáš Vorlický,2022-2023,3,0,24,0.3,0,0,0,0,0,0,0,0,0.0,0.0,0.0,0.0,2,3,3,20,Atalanta,CZE,"MF,FW",Midfielder,2,1,False,0.0,0.0,0.0,0.0,0.0,0.0,6.666666666666667,10.0,10.0,True,False,,False,,False,,False
Luís Maximiano,2022-2023,1,1,5,0.1,0,0,0,0,0,0,0,1,0.0,0.0,0.0,0.0,0,0,0,23,Lazio,POR,GK,Goalkeeper,1,1,False,0.0,0.0,0.0,0.0,0.0,0.0,0.0,0.0,0.0,True,False,,False,,False,,False
M'Bala Nzola,2022-2023,31,29,2653,29.5,13,2,15,10,3,3,8,0,11.0,8.6,2.5,11.1,50,50,215,25,Spezia,ANG,FW,Forward,1,1,False,0.4406779661016949,0.06779661016949153,0.5084745762711864,0.3728813559322034,0.0847457627118644,0.29152542372881357,1.694915254237288,1.694915254237288,7.288135593220339,False,False,,False,,False,,False
Malick Thiaw,2022-2023,20,15,1362,15.1,0,0,0,0,0,0,5,0,0.8,0.8,0.2,1.0,6,67,2,20,Milan,GER,DF,Defender,1,1,False,0.0,0.0,0.0,0.05298013245033113,0.013245033112582783,0.05298013245033113,0.3973509933774835,4.437086092715232,0.13245033112582782,False,False,,False,,False,,False
Manolo Gabbiadini,2022-2023,35,27,2354,26.2,7,2,9,7,0,0,6,0,7.4,7.4,4.5,11.9,32,55,111,30,Sampdoria,ITA,"FW,MF",Forward,2,1,False,0.26717557251908397,0.07633587786259542,0.3435114503816794,0.2824427480916031,0.1717557251908397,0.2824427480916031,1.2213740458015268,2.099236641221374,4.236641221374046,False,False,,False,,False,,False
Manuel De Luca,2022-2023,2,0,44,0.5,0,0,0,0,0,0,0,0,0.0,0.0,0.0,0.0,0,0,4,24,Sampdoria,ITA,"FW,MF",Forward,2,1,False,0.0,0.0,0.0,0.0,0.0,0.0,0.0,0.0,8.0,True,False,,False,,False,,False
Manuel Lazzari,2022-2023,28,22,1879,20.9,0,0,0,0,0,0,8,0,0.3,0.3,0.7,1.0,98,64,74,28,Lazio,ITA,DF,Defender,1,1,False,0.0,0.0,0.0,0.014354066985645933,0.03349282296650718,0.014354066985645933,4.688995215311005,3.062200956937799,3.5406698564593304,False,False,,False,,False,,False
Manuel Locatelli,2022-2023,32,29,2446,27.2,0,2,2,0,0,0,8,0,1.5,1.5,1.8,3.2,25,134,37,24,Juventus,ITA,MF,Midfielder,1,1,False,0.0,0.07352941176470588,0.07352941176470588,0.05514705882352941,0.0661764705882353,0.05514705882352941,0.9191176470588236,4.926470588235294,1.3602941176470589,False,False,,False,,False,,False
Marash Kumbulla,2022-2023,7,5,259,2.9,0,0,0,0,0,0,1,1,0.0,0.0,0.1,0.1,2,8,1,22,Roma,ALB,DF,Defender,1,1,False,0.0,0.0,0.0,0.0,0.034482758620689655,0.0,0.6896551724137931,2.7586206896551726,0.3448275862068966,True,False,,False,,False,,False
Marcelo Brozović,2022-2023,28,19,1770,19.7,3,5,8,3,0,0,8,0,2.5,2.5,2.8,5.3,29,114,35,29,Inter,CRO,MF,Midfielder,1,1,False,0.15228426395939088,0.25380710659898476,0.40609137055837563,0.12690355329949238,0.14213197969543148,0.12690355329949238,1.4720812182741116,5.786802030456853,1.7766497461928934,False,True,3.0,False,3.0,True,1,True
Marcin Listkowski,2022-2023,5,0,77,0.9,0,0,0,0,0,0,0,0,0.1,0.1,0.0,0.1,6,1,4,24,Lecce,POL,"MF,FW",Midfielder,2,1,False,0.0,0.0,0.0,0.11111111111111112,0.0,0.11111111111111112,6.666666666666666,1.1111111111111112,4.444444444444445,True,False,,False,,False,,False
Marco Benassi,2022-2023,17,12,1091,12.1,0,0,0,0,0,0,1,0,1.3,1.3,0.5,1.8,10,36,36,27,MULTI:Cremonese|Fiorentina,ITA,"MF,DF",Midfielder,2,2,True,0.0,0.0,0.0,0.10743801652892562,0.04132231404958678,0.10743801652892562,0.8264462809917356,2.9752066115702482,2.9752066115702482,False,False,,False,,False,,False
Marco Bertini,2022-2023,1,0,1,0.0,0,0,0,0,0,0,0,0,0.0,0.0,0.0,0.0,0,0,0,19,Lazio,ITA,MF,Midfielder,1,1,False,,,,,,,,,,True,False,,False,,False,,False
Marco Carnesecchi,2022-2023,27,27,2430,27.0,0,1,1,0,0,0,1,0,0.0,0.0,0.2,0.2,0,0,0,22,Cremonese,ITA,GK,Goalkeeper,1,1,False,0.0,0.037037037037037035,0.037037037037037035,0.0,0.007407407407407408,0.0,0.0,0.0,0.0,False,False,,False,,False,,False
Marco D'Alessandro,2022-2023,8,3,290,3.2,0,0,0,0,0,0,2,0,0.3,0.3,0.2,0.5,14,3,19,31,Monza,ITA,"DF,FW",Defender,2,1,False,0.0,0.0,0.0,0.09374999999999999,0.0625,0.09374999999999999,4.375,0.9375,5.9375,True,False,,False,,False,,False
Marco Silvestri,2022-2023,38,38,3420,38.0,0,0,0,0,0,0,0,0,0.0,0.0,0.0,0.0,0,0,0,31,Udinese,ITA,GK,Goalkeeper,1,1,False,0.0,0.0,0.0,0.0,0.0,0.0,0.0,0.0,0.0,False,False,,False,,False,,False
Marco Sportiello,2022-2023,15,14,1339,14.9,0,0,0,0,0,0,0,0,0.0,0.0,0.0,0.0,0,2,0,30,Atalanta,ITA,GK,Goalkeeper,1,1,False,0.0,0.0,0.0,0.0,0.0,0.0,0.0,0.1342281879194631,0.0,False,False,,False,,False,,False
Marcos Antônio,2022-2023,16,6,594,6.6,1,1,2,1,0,0,2,0,1.2,1.2,0.3,1.5,1,25,8,22,Lazio,BRA,MF,Midfielder,1,1,False,0.15151515151515152,0.15151515151515152,0.30303030303030304,0.18181818181818182,0.045454545454545456,0.18181818181818182,0.15151515151515152,3.787878787878788,1.2121212121212122,False,False,,False,,False,,False
Marin Pongračić,2022-2023,9,9,790,8.8,0,0,0,0,0,0,2,0,0.0,0.0,0.1,0.1,3,19,1,24,Lecce,CRO,DF,Defender,1,1,False,0.0,0.0,0.0,0.0,0.011363636363636364,0.0,0.3409090909090909,2.1590909090909087,0.11363636363636363,False,False,,False,,False,,False
Mario Gila,2022-2023,4,0,90,1.0,0,0,0,0,0,0,0,0,0.0,0.0,0.0,0.0,1,6,2,21,Lazio,ESP,DF,Defender,1,1,False,0.0,0.0,0.0,0.0,0.0,0.0,1.0,6.0,2.0,True,False,,False,,False,,False
Mario Pašalić,2022-2023,32,24,1769,19.7,5,2,7,5,0,0,3,0,5.7,5.7,2.2,7.9,24,82,83,27,Atalanta,CRO,"MF,FW",Midfielder,2,1,False,0.25380710659898476,0.10152284263959391,0.3553299492385787,0.2893401015228427,0.11167512690355332,0.2893401015228427,1.218274111675127,4.162436548223351,4.213197969543147,False,False,,False,,False,,False
Marios Oikonomou,2022-2023,6,3,220,2.4,0,0,0,0,0,0,3,0,0.3,0.3,0.0,0.3,0,2,0,29,Sampdoria,GRE,DF,Defender,1,1,False,0.0,0.0,0.0,0.125,0.0,0.125,0.0,0.8333333333333334,0.0,True,False,,False,,False,,False
Marko Arnautović,2022-2023,21,18,1530,17.0,10,0,10,7,3,3,5,0,7.2,4.8,1.9,6.7,13,36,116,33,Bologna,AUT,FW,Forward,1,1,False,0.5882352941176471,0.0,0.5882352941176471,0.4235294117647059,0.11176470588235293,0.2823529411764706,0.7647058823529411,2.1176470588235294,6.823529411764706,False,False,,False,,False,,False
Marko Lazetić,2022-2023,1,0,9,0.1,0,0,0,0,0,0,1,0,0.1,0.1,0.0,0.1,0,0,3,18,Milan,SRB,FW,Forward,1,1,False,0.0,0.0,0.0,1.0,0.0,1.0,0.0,0.0,30.0,True,False,,False,,False,,False
Marko Pjaca,2022-2023,17,5,525,5.8,0,0,0,0,0,0,1,0,0.7,0.7,0.4,1.1,22,18,33,27,Empoli,CRO,"MF,FW",Midfielder,2,1,False,0.0,0.0,0.0,0.12068965517241378,0.06896551724137931,0.12068965517241378,3.793103448275862,3.103448275862069,5.689655172413794,False,False,,False,,False,,False
Marlon,2022-2023,28,18,1592,17.7,0,0,0,0,0,0,7,1,0.3,0.2,0.3,0.6,19,63,12,26,Monza,BRA,DF,Defender,1,1,False,0.0,0.0,0.0,0.01694915254237288,0.01694915254237288,0.01129943502824859,1.073446327683616,3.5593220338983054,0.6779661016949153,False,False,,False,,False,,False
Marten de Roon,2022-2023,35,34,2964,32.9,3,1,4,3,0,0,7,0,1.1,1.1,1.8,2.9,18,171,23,31,Atalanta,NED,MF,Midfielder,1,1,False,0.0911854103343465,0.030395136778115502,0.12158054711246201,0.033434650455927056,0.0547112462006079,0.033434650455927056,0.5471124620060791,5.197568389057751,0.6990881458966566,False,False,,False,,False,,False
Martin Erlic,2022-2023,28,26,2330,25.9,0,0,0,0,0,0,2,0,0.5,0.5,0.2,0.7,7,65,1,24,Sassuolo,CRO,DF,Defender,1,1,False,0.0,0.0,0.0,0.019305019305019305,0.007722007722007723,0.019305019305019305,0.2702702702702703,2.50965250965251,0.03861003861003861,False,False,,False,,False,,False
Martin Hongla,2022-2023,9,6,523,5.8,0,0,0,0,0,0,4,0,0.2,0.2,0.3,0.5,6,24,10,24,Hellas Verona,CMR,MF,Midfielder,1,1,False,0.0,0.0,0.0,0.034482758620689655,0.05172413793103448,0.034482758620689655,1.0344827586206897,4.137931034482759,1.7241379310344829,False,False,,False,,False,,False
Martin Satriano,2022-2023,31,20,1705,18.9,2,1,3,2,0,0,4,0,3.9,3.9,1.2,5.1,29,22,127,21,Empoli,URU,FW,Forward,1,1,False,0.10582010582010583,0.052910052910052914,0.15873015873015875,0.20634920634920637,0.06349206349206349,0.20634920634920637,1.5343915343915344,1.1640211640211642,6.71957671957672,False,False,,False,,False,,False
Martin Turk,2022-2023,4,4,360,4.0,0,0,0,0,0,0,0,0,0.0,0.0,0.0,0.0,0,0,0,18,Sampdoria,SVN,GK,Goalkeeper,1,1,False,0.0,0.0,0.0,0.0,0.0,0.0,0.0,0.0,0.0,True,False,,False,,False,,False
Marvin Zeegelaar,2022-2023,7,4,353,3.9,1,0,1,1,0,0,3,1,0.2,0.2,0.2,0.4,6,9,11,31,Udinese,NED,DF,Defender,1,1,False,0.25641025641025644,0.0,0.25641025641025644,0.05128205128205129,0.05128205128205129,0.05128205128205129,1.5384615384615385,2.307692307692308,2.8205128205128207,True,False,,False,,False,,False
Matheus Henrique,2022-2023,30,21,1947,21.6,4,1,5,4,0,0,4,0,2.9,2.9,1.8,4.6,40,116,68,24,Sassuolo,BRA,MF,Midfielder,1,1,False,0.18518518518518517,0.046296296296296294,0.23148148148148145,0.13425925925925924,0.08333333333333333,0.13425925925925924,1.8518518518518516,5.37037037037037,3.148148148148148,False,False,,False,,False,,False
Mathías Olivera,2022-2023,30,17,1643,18.3,2,2,4,2,0,0,2,0,0.7,0.7,2.1,2.8,60,88,68,24,Napoli,URU,DF,Defender,1,1,False,0.1092896174863388,0.1092896174863388,0.2185792349726776,0.03825136612021857,0.11475409836065574,0.03825136612021857,3.278688524590164,4.808743169398907,3.715846994535519,False,False,,False,,False,,False
Mato Jajalo,2022-2023,3,0,63,0.7,0,0,0,0,0,0,0,0,0.0,0.0,0.0,0.1,0,4,1,34,Udinese,BIH,MF,Midfielder,1,1,False,0.0,0.0,0.0,0.0,0.0,0.0,0.0,5.714285714285714,1.4285714285714286,True,False,,False,,False,,False
Matteo Bianchetti,2022-2023,25,22,2132,23.7,1,0,1,1,0,0,5,0,0.8,0.8,0.5,1.2,6,47,4,29,Cremonese,ITA,DF,Defender,1,1,False,0.04219409282700422,0.0,0.04219409282700422,0.03375527426160338,0.02109704641350211,0.03375527426160338,0.25316455696202533,1.9831223628691983,0.16877637130801687,False,False,,False,,False,,False
Matteo Cancellieri,2022-2023,20,1,256,2.8,0,0,0,0,0,0,4,0,0.4,0.4,0.4,0.8,15,2,33,20,Lazio,ITA,FW,Forward,1,1,False,0.0,0.0,0.0,0.14285714285714288,0.14285714285714288,0.14285714285714288,5.357142857142858,0.7142857142857143,11.785714285714286,True,False,,False,,False,,False
Matteo Darmian,2022-2023,31,24,2025,22.5,1,2,3,1,0,0,3,0,1.0,1.0,1.9,2.9,22,88,96,32,Inter,ITA,DF,Defender,1,1,False,0.044444444444444446,0.08888888888888889,0.13333333333333333,0.044444444444444446,0.08444444444444445,0.044444444444444446,0.9777777777777777,3.911111111111111,4.266666666666667,False,True,1.0,False,1.0,True,0,True
Matteo Gabbia,2022-2023,12,6,613,6.8,0,0,0,0,0,0,2,0,0.0,0.0,0.0,0.0,1,15,1,22,Milan,ITA,DF,Defender,1,1,False,0.0,0.0,0.0,0.0,0.0,0.0,0.14705882352941177,2.2058823529411766,0.14705882352941177,False,False,,False,,False,,False
Matteo Lovato,2022-2023,17,8,814,9.0,0,0,0,0,0,0,2,0,0.0,0.0,0.0,0.0,1,8,1,22,Salernitana,ITA,DF,Defender,1,1,False,0.0,0.0,0.0,0.0,0.0,0.0,0.1111111111111111,0.8888888888888888,0.1111111111111111,False,False,,False,,False,,False
Matteo Pessina,2022-2023,35,34,2932,32.6,5,3,8,2,3,3,6,0,5.1,2.8,2.1,4.9,77,193,88,25,Monza,ITA,MF,Midfielder,1,1,False,0.15337423312883436,0.09202453987730061,0.24539877300613497,0.15644171779141103,0.06441717791411043,0.08588957055214723,2.3619631901840488,5.920245398773006,2.6993865030674846,False,False,,False,,False,,False
Matteo Politano,2022-2023,27,14,1166,13.0,3,3,6,1,2,3,1,0,4.1,1.7,3.6,5.4,81,72,138,28,Napoli,ITA,FW,Forward,1,1,False,0.23076923076923078,0.23076923076923078,0.46153846153846156,0.3153846153846154,0.27692307692307694,0.13076923076923078,6.230769230769231,5.538461538461538,10.615384615384615,False,False,,False,,False,,False
Matteo Ruggeri,2022-2023,15,8,829,9.2,0,1,1,0,0,0,3,0,0.6,0.6,0.9,1.5,22,55,65,20,Atalanta,ITA,"DF,MF",Defender,2,1,False,0.0,0.10869565217391305,0.10869565217391305,0.06521739130434782,0.09782608695652174,0.06521739130434782,2.3913043478260874,5.978260869565218,7.065217391304349,False,False,,False,,False,,False
Mattia Caldara,2022-2023,20,13,1253,13.9,0,0,0,0,0,0,6,0,0.8,0.8,0.0,0.8,5,35,4,28,Spezia,ITA,DF,Defender,1,1,False,0.0,0.0,0.0,0.05755395683453238,0.0,0.05755395683453238,0.3597122302158273,2.5179856115107913,0.28776978417266186,False,False,,False,,False,,False
Mattia De Sciglio,2022-2023,17,11,1042,11.6,0,0,0,0,0,0,0,0,0.1,0.1,0.5,0.6,16,50,40,29,Juventus,ITA,DF,Defender,1,1,False,0.0,0.0,0.0,0.008620689655172414,0.04310344827586207,0.008620689655172414,1.3793103448275863,4.310344827586207,3.4482758620689657,False,False,,False,,False,,False
Mattia Destro,2022-2023,17,6,572,6.4,1,0,1,1,0,0,3,0,1.4,1.4,0.4,1.8,4,4,20,31,Empoli,ITA,"FW,MF",Forward,2,1,False,0.15625,0.0,0.15625,0.21874999999999997,0.0625,0.21874999999999997,0.625,0.625,3.125,False,False,,False,,False,,False
Mattia Perin,2022-2023,11,10,948,10.5,0,0,0,0,0,0,0,0,0.0,0.0,0.0,0.0,0,1,0,29,Juventus,ITA,GK,Goalkeeper,1,1,False,0.0,0.0,0.0,0.0,0.0,0.0,0.0,0.09523809523809523,0.0,False,False,,False,,False,,False
Mattia Valoti,2022-2023,16,4,453,5.0,0,0,0,0,0,0,1,0,0.2,0.2,0.1,0.2,7,16,9,28,Monza,ITA,"MF,FW",Midfielder,2,1,False,0.0,0.0,0.0,0.04,0.02,0.04,1.4,3.2,1.8,False,False,,False,,False,,False
Mattia Zaccagni,2022-2023,35,33,2770,30.8,10,6,16,9,1,1,9,0,6.7,5.9,4.5,10.4,118,76,282,27,Lazio,ITA,FW,Forward,1,1,False,0.3246753246753247,0.19480519480519481,0.5194805194805194,0.21753246753246752,0.1461038961038961,0.19155844155844157,3.831168831168831,2.4675324675324677,9.155844155844155,False,False,,False,,False,,False
Mattia Zanotti,2022-2023,2,0,27,0.3,0,0,0,0,0,0,0,0,0.0,0.0,0.1,0.1,1,1,2,19,Inter,ITA,DF,Defender,1,1,False,0.0,0.0,0.0,0.0,0.33333333333333337,0.0,3.3333333333333335,3.3333333333333335,6.666666666666667,True,True,2.0,False,2.0,True,1,True
Matìas Soulé,2022-2023,13,4,420,4.7,1,0,1,1,0,0,0,0,1.5,1.5,0.8,2.3,12,15,33,19,Juventus,ARG,"MF,FW",Midfielder,2,1,False,0.2127659574468085,0.0,0.2127659574468085,0.3191489361702127,0.1702127659574468,0.3191489361702127,2.553191489361702,3.1914893617021276,7.0212765957446805,True,False,,False,,False,,False
Matías Vecino,2022-2023,32,17,1691,18.8,2,0,2,2,0,0,6,0,2.5,2.5,0.5,3.0,22,88,17,30,Lazio,URU,MF,Midfielder,1,1,False,0.10638297872340426,0.0,0.10638297872340426,0.13297872340425532,0.026595744680851064,0.13297872340425532,1.1702127659574468,4.680851063829787,0.9042553191489361,False,False,,False,,False,,False
Matías Viña,2022-2023,3,1,55,0.6,0,0,0,0,0,0,0,0,0.0,0.0,0.1,0.1,2,2,4,24,Roma,URU,DF,Defender,1,1,False,0.0,0.0,0.0,0.0,0.16666666666666669,0.0,3.3333333333333335,3.3333333333333335,6.666666666666667,True,False,,False,,False,,False
Maxime Lopez,2022-2023,30,25,2296,25.5,0,0,0,0,0,0,11,0,1.0,1.0,2.1,3.1,54,210,40,24,Sassuolo,FRA,MF,Midfielder,1,1,False,0.0,0.0,0.0,0.0392156862745098,0.08235294117647059,0.0392156862745098,2.1176470588235294,8.235294117647058,1.5686274509803921,False,False,,False,,False,,False
Mehdi Bourabia,2022-2023,37,36,2771,30.8,1,3,4,1,0,0,3,0,2.1,2.1,4.4,6.5,37,113,58,30,Spezia,MAR,MF,Midfielder,1,1,False,0.032467532467532464,0.09740259740259741,0.12987012987012986,0.06818181818181818,0.14285714285714288,0.06818181818181818,1.2012987012987013,3.6688311688311686,1.883116883116883,False,False,,False,,False,,False
Mehdi Léris,2022-2023,32,29,2460,27.3,1,1,2,1,0,0,13,0,3.4,3.4,1.8,5.2,56,62,165,24,Sampdoria,ALG,"MF,DF",Midfielder,2,1,False,0.03663003663003663,0.03663003663003663,0.07326007326007326,0.12454212454212453,0.06593406593406594,0.12454212454212453,2.051282051282051,2.271062271062271,6.043956043956044,False,False,,False,,False,,False
Merih Demiral,2022-2023,28,14,1536,17.1,1,0,1,1,0,0,5,0,0.7,0.7,0.5,1.2,3,26,4,24,Atalanta,TUR,DF,Defender,1,1,False,0.05847953216374269,0.0,0.05847953216374269,0.040935672514619874,0.029239766081871343,0.040935672514619874,0.17543859649122806,1.5204678362573099,0.23391812865497075,False,False,,False,,False,,False
Mert Müldür,2022-2023,2,1,13,0.1,0,0,0,0,0,0,0,0,0.0,0.0,0.0,0.0,0,0,0,23,Sassuolo,TUR,"FW,DF",Forward,2,1,False,0.0,0.0,0.0,0.0,0.0,0.0,0.0,0.0,0.0,True,False,,False,,False,,False
Michel Aebischer,2022-2023,32,18,1542,17.1,1,0,1,1,0,0,4,0,1.5,1.5,0.6,2.1,14,46,85,25,Bologna,SUI,"FW,MF",Forward,2,1,False,0.05847953216374269,0.0,0.05847953216374269,0.08771929824561403,0.03508771929824561,0.08771929824561403,0.8187134502923976,2.6900584795321634,4.970760233918128,False,False,,False,,False,,False
Michel Ndary Adopo,2022-2023,9,3,264,2.9,0,0,0,0,0,0,1,0,0.1,0.1,0.0,0.1,2,10,4,22,Torino,FRA,"MF,DF",Midfielder,2,1,False,0.0,0.0,0.0,0.034482758620689655,0.0,0.034482758620689655,0.6896551724137931,3.4482758620689657,1.3793103448275863,True,False,,False,,False,,False
Michele Castagnetti,2022-2023,27,14,1412,15.7,0,1,1,0,0,0,2,0,0.6,0.6,1.8,2.5,14,120,10,32,Cremonese,ITA,MF,Midfielder,1,1,False,0.0,0.06369426751592357,0.06369426751592357,0.03821656050955414,0.11464968152866242,0.03821656050955414,0.89171974522293,7.643312101910828,0.6369426751592357,False,False,,False,,False,,False
Michele Cerofolini,2022-2023,5,5,450,5.0,0,0,0,0,0,0,0,0,0.0,0.0,0.0,0.0,0,0,0,23,Fiorentina,ITA,GK,Goalkeeper,1,1,False,0.0,0.0,0.0,0.0,0.0,0.0,0.0,0.0,0.0,False,False,,False,,False,,False
Michele Di Gregorio,2022-2023,37,37,3330,37.0,0,1,1,0,0,0,0,0,0.0,0.0,0.0,0.0,0,0,0,25,Monza,ITA,GK,Goalkeeper,1,1,False,0.0,0.02702702702702703,0.02702702702702703,0.0,0.0,0.0,0.0,0.0,0.0,False,False,,False,,False,,False
Mickaël Cuisance,2022-2023,12,9,618,6.9,0,0,0,0,0,0,1,0,0.5,0.5,0.7,1.2,11,23,31,22,Sampdoria,FRA,MF,Midfielder,1,1,False,0.0,0.0,0.0,0.07246376811594203,0.10144927536231883,0.07246376811594203,1.5942028985507246,3.333333333333333,4.492753623188405,False,False,,False,,False,,False
Miguel Veloso,2022-2023,22,14,1163,12.9,0,0,0,0,0,0,6,0,0.5,0.5,2.1,2.6,17,84,22,36,Hellas Verona,POR,MF,Midfielder,1,1,False,0.0,0.0,0.0,0.03875968992248062,0.16279069767441862,0.03875968992248062,1.317829457364341,6.511627906976744,1.7054263565891472,False,False,,False,,False,,False
Mihailo Ivanović,2022-2023,1,0,4,0.0,0,0,0,0,0,0,0,0,0.0,0.0,0.0,0.0,0,0,0,17,Sampdoria,SRB,FW,Forward,1,1,False,,,,,,,,,,True,False,,False,,False,,False
Mikael Ellertsson,2022-2023,11,1,171,1.9,0,0,0,0,0,0,3,0,0.1,0.1,0.0,0.2,3,3,4,20,Spezia,ISL,"MF,DF",Midfielder,2,1,False,0.0,0.0,0.0,0.052631578947368425,0.0,0.052631578947368425,1.5789473684210527,1.5789473684210527,2.1052631578947367,True,False,,False,,False,,False
Mike Maignan,2022-2023,22,22,1978,22.0,0,1,1,0,0,0,0,0,0.0,0.0,0.0,0.0,0,1,0,27,Milan,FRA,GK,Goalkeeper,1,1,False,0.0,0.045454545454545456,0.045454545454545456,0.0,0.0,0.0,0.0,0.045454545454545456,0.0,False,False,,False,,False,,False
Milan Đurić,2022-2023,28,14,1366,15.2,1,1,2,1,0,0,3,0,1.4,1.4,1.3,2.7,2,29,72,32,Hellas Verona,BIH,FW,Forward,1,1,False,0.06578947368421052,0.06578947368421052,0.13157894736842105,0.09210526315789473,0.08552631578947369,0.09210526315789473,0.13157894736842105,1.9078947368421053,4.736842105263158,False,False,,False,,False,,False
Milan Škriniar,2022-2023,21,20,1769,19.7,0,0,0,0,0,0,5,1,0.8,0.8,0.3,1.1,16,81,10,27,Inter,SVK,DF,Defender,1,1,False,0.0,0.0,0.0,0.04060913705583757,0.015228426395939087,0.04060913705583757,0.8121827411167513,4.111675126903553,0.5076142131979695,False,True,0.0,False,0.0,True,1,True
Mile Svilar,2022-2023,3,3,270,3.0,0,0,0,0,0,0,1,0,0.0,0.0,0.0,0.0,0,0,0,22,Roma,SRB,GK,Goalkeeper,1,1,False,0.0,0.0,0.0,0.0,0.0,0.0,0.0,0.0,0.0,True,False,,False,,False,,False
Mohamed Camara,2022-2023,15,8,696,7.7,0,0,0,0,0,0,3,0,0.6,0.6,0.4,1.0,13,30,14,25,Roma,GUI,MF,Midfielder,1,1,False,0.0,0.0,0.0,0.07792207792207792,0.05194805194805195,0.07792207792207792,1.6883116883116882,3.896103896103896,1.8181818181818181,False,False,,False,,False,,False
Moise Kean,2022-2023,28,11,995,11.1,6,0,6,6,0,0,5,1,6.3,6.3,1.1,7.4,30,13,76,22,Juventus,ITA,FW,Forward,1,1,False,0.5405405405405406,0.0,0.5405405405405406,0.5675675675675675,0.09909909909909911,0.5675675675675675,2.7027027027027026,1.1711711711711712,6.846846846846847,False,False,,False,,False,,False
Morten Hjulmand,2022-2023,35,34,2962,32.9,0,4,4,0,0,0,9,1,0.6,0.6,2.1,2.7,9,159,16,23,Lecce,DEN,MF,Midfielder,1,1,False,0.0,0.12158054711246201,0.12158054711246201,0.0182370820668693,0.06382978723404256,0.0182370820668693,0.27355623100303955,4.832826747720365,0.48632218844984804,False,False,,False,,False,,False
Mouhamadou Sarr,2022-2023,2,2,180,2.0,0,0,0,0,0,0,0,0,0.0,0.0,0.0,0.0,0,0,0,25,Cremonese,SEN,GK,Goalkeeper,1,1,False,0.0,0.0,0.0,0.0,0.0,0.0,0.0,0.0,0.0,True,False,,False,,False,,False
Musa Barrow,2022-2023,32,26,1960,21.8,3,8,11,3,0,0,3,0,3.0,3.0,4.7,7.7,68,58,141,23,Bologna,GAM,"FW,MF",Forward,2,1,False,0.13761467889908258,0.36697247706422015,0.5045871559633027,0.13761467889908258,0.21559633027522937,0.13761467889908258,3.1192660550458715,2.6605504587155964,6.467889908256881,False,False,,False,,False,,False
Mário Rui,2022-2023,22,21,1749,19.4,0,6,6,0,0,0,2,1,0.6,0.6,4.0,4.6,52,153,97,31,Napoli,POR,DF,Defender,1,1,False,0.0,0.30927835051546393,0.30927835051546393,0.030927835051546393,0.2061855670103093,0.030927835051546393,2.680412371134021,7.88659793814433,5.0,False,False,,False,,False,,False
Mërgim Vojvoda,2022-2023,29,18,1719,19.1,0,5,5,0,0,0,3,0,1.5,1.5,3.7,5.3,30,125,81,27,Torino,KVX,DF,Defender,1,1,False,0.0,0.2617801047120419,0.2617801047120419,0.07853403141361257,0.19371727748691098,0.07853403141361257,1.5706806282722512,6.544502617801046,4.2408376963350785,False,False,,False,,False,,False
Nadir Zortea,2022-2023,19,8,879,9.8,1,1,2,1,0,0,5,0,0.30000000000000004,0.30000000000000004,1.2999999999999998,1.5,35,47,38,23,MULTI:Atalanta|Sassuolo,ITA,"DF,MF",Defender,2,2,True,0.1020408163265306,0.1020408163265306,0.2040816326530612,0.030612244897959186,0.13265306122448978,0.030612244897959186,3.571428571428571,4.795918367346938,3.877551020408163,False,False,,False,,False,,False
Nedim Bajrami,2022-2023,37,15,1759,19.5,2,1,3,2,0,0,1,0,3.0999999999999996,3.0999999999999996,2.7,5.8,45,73,143,23,MULTI:Empoli|Sassuolo,ALB,"MF,FW",Midfielder,2,2,True,0.10256410256410256,0.05128205128205128,0.15384615384615385,0.15897435897435896,0.13846153846153847,0.15897435897435896,2.3076923076923075,3.7435897435897436,7.333333333333333,False,False,,False,,False,,False
Nehuén Pérez,2022-2023,34,33,2818,31.3,2,0,2,2,0,0,7,1,1.0,1.0,0.5,1.5,23,101,26,22,Udinese,ARG,DF,Defender,1,1,False,0.06389776357827476,0.0,0.06389776357827476,0.03194888178913738,0.01597444089456869,0.03194888178913738,0.7348242811501597,3.2268370607028753,0.8306709265175719,False,False,,False,,False,,False
Nemanja Matić,2022-2023,35,16,1852,20.6,2,2,4,2,0,0,5,0,1.0,1.0,2.6,3.6,50,134,17,33,Roma,SRB,MF,Midfielder,1,1,False,0.0970873786407767,0.0970873786407767,0.1941747572815534,0.04854368932038835,0.1262135922330097,0.04854368932038835,2.4271844660194173,6.504854368932039,0.8252427184466019,False,False,,False,,False,,False
Nemanja Radonjić,2022-2023,28,16,1461,16.2,2,2,4,2,0,0,1,0,5.0,5.0,1.7,6.6,86,42,163,26,Torino,SRB,"MF,FW",Midfielder,2,1,False,0.1234567901234568,0.1234567901234568,0.2469135802469136,0.308641975308642,0.10493827160493828,0.308641975308642,5.3086419753086425,2.5925925925925926,10.06172839506173,False,False,,False,,False,,False
Niccolò Pisilli,2022-2023,1,0,1,0.0,0,0,0,0,0,0,0,0,0.0,0.0,0.0,0.0,0,0,0,17,Roma,ITA,MF,Midfielder,1,1,False,,,,,,,,,,True,False,,False,,False,,False
Nicola Murru,2022-2023,20,5,784,8.7,0,0,0,0,0,0,3,0,0.0,0.0,0.1,0.1,7,27,13,27,Sampdoria,ITA,DF,Defender,1,1,False,0.0,0.0,0.0,0.0,0.01149425287356322,0.0,0.8045977011494253,3.1034482758620694,1.4942528735632186,False,False,,False,,False,,False
Nicola Ravaglia,2022-2023,9,9,810,9.0,0,0,0,0,0,0,0,0,0.0,0.0,0.0,0.0,0,0,0,33,Sampdoria,ITA,GK,Goalkeeper,1,1,False,0.0,0.0,0.0,0.0,0.0,0.0,0.0,0.0,0.0,False,False,,False,,False,,False
Nicola Sansone,2022-2023,18,8,740,8.2,4,2,6,4,0,0,2,0,2.8,2.8,1.0,3.7,17,13,72,30,Bologna,ITA,FW,Forward,1,1,False,0.48780487804878053,0.24390243902439027,0.7317073170731708,0.34146341463414637,0.12195121951219513,0.34146341463414637,2.073170731707317,1.5853658536585367,8.78048780487805,False,False,,False,,False,,False
Nicola Zalewski,2022-2023,33,26,2197,24.4,2,1,3,2,0,0,3,0,1.3,1.3,1.2,2.5,92,85,99,20,Roma,POL,DF,Defender,1,1,False,0.0819672131147541,0.04098360655737705,0.12295081967213116,0.05327868852459017,0.04918032786885246,0.05327868852459017,3.7704918032786887,3.4836065573770494,4.057377049180328,False,False,,False,,False,,False
Nicolas Haas,2022-2023,24,12,1156,12.8,1,1,2,1,0,0,2,0,1.2,1.2,0.9,2.1,10,36,23,26,Empoli,SUI,MF,Midfielder,1,1,False,0.078125,0.078125,0.15625,0.09374999999999999,0.0703125,0.09374999999999999,0.78125,2.8125,1.796875,False,False,,False,,False,,False
Nicolás Domínguez,2022-2023,31,26,2300,25.6,3,2,5,3,0,0,10,0,2.6,2.6,2.9,5.4,39,147,84,24,Bologna,ARG,MF,Midfielder,1,1,False,0.1171875,0.078125,0.1953125,0.1015625,0.11328124999999999,0.1015625,1.5234375,5.7421875,3.28125,False,False,,False,,False,,False
Nicolás González,2022-2023,24,13,1354,15.0,6,1,7,4,2,2,3,0,6.7,5.4,1.3,6.7,37,70,112,24,Fiorentina,ARG,"FW,MF",Forward,2,1,False,0.4,0.06666666666666667,0.4666666666666667,0.44666666666666666,0.08666666666666667,0.36000000000000004,2.466666666666667,4.666666666666667,7.466666666666667,False,False,,False,,False,,False
Nicolò Barella,2022-2023,35,31,2613,29.0,6,6,12,6,0,0,6,0,3.2,3.2,5.6,8.8,76,214,162,25,Inter,ITA,MF,Midfielder,1,1,False,0.20689655172413793,0.20689655172413793,0.41379310344827586,0.11034482758620691,0.19310344827586207,0.11034482758620691,2.6206896551724137,7.379310344827586,5.586206896551724,False,True,3.0,False,3.0,True,0,True
Nicolò Cambiaghi,2022-2023,28,12,1285,14.3,6,1,7,6,0,0,5,1,3.4,3.4,1.1,4.5,73,42,99,21,Empoli,ITA,"FW,MF",Forward,2,1,False,0.4195804195804196,0.06993006993006992,0.4895104895104895,0.23776223776223773,0.07692307692307693,0.23776223776223773,5.104895104895105,2.937062937062937,6.9230769230769225,False,False,,False,,False,,False
Nicolò Casale,2022-2023,29,27,2437,27.1,1,1,2,1,0,0,6,0,0.6,0.6,0.3,0.9,11,70,3,24,Lazio,ITA,DF,Defender,1,1,False,0.03690036900369004,0.03690036900369004,0.07380073800738007,0.02214022140221402,0.01107011070110701,0.02214022140221402,0.4059040590405904,2.5830258302583022,0.11070110701107011,False,False,,False,,False,,False
Nicolò Cocetta,2022-2023,1,0,32,0.4,0,0,0,0,0,0,0,0,0.0,0.0,0.0,0.0,0,0,0,18,Udinese,ITA,DF,Defender,1,1,False,0.0,0.0,0.0,0.0,0.0,0.0,0.0,0.0,0.0,True,False,,False,,False,,False
Nicolò Fagioli,2022-2023,26,17,1520,16.9,3,3,6,3,0,0,3,0,1.5,1.5,1.3,2.8,27,56,56,21,Juventus,ITA,MF,Midfielder,1,1,False,0.1775147928994083,0.1775147928994083,0.3550295857988166,0.08875739644970415,0.07692307692307693,0.08875739644970415,1.5976331360946747,3.313609467455622,3.313609467455622,False,False,,False,,False,,False
Nicolò Rovella,2022-2023,28,21,1767,19.6,1,2,3,1,0,0,6,1,1.3,1.3,2.2,3.5,27,100,21,20,MULTI:Juventus|Monza,ITA,MF,Midfielder,1,2,True,0.0510204081632653,0.1020408163265306,0.1530612244897959,0.0663265306122449,0.11224489795918367,0.0663265306122449,1.3775510204081631,5.1020408163265305,1.0714285714285714,False,False,,False,,False,,False
Nicolò Zaniolo,2022-2023,13,12,890,9.9,1,0,1,1,0,0,4,0,2.9,2.9,0.9,3.8,34,19,69,23,Roma,ITA,"MF,FW",Midfielder,2,1,False,0.10101010101010101,0.0,0.10101010101010101,0.29292929292929293,0.09090909090909091,0.29292929292929293,3.4343434343434343,1.9191919191919191,6.96969696969697,False,False,,False,,False,,False
Niklas Pyyhtiä,2022-2023,6,0,110,1.2,0,1,1,0,0,0,0,0,0.2,0.2,0.1,0.3,2,1,5,18,Bologna,FIN,MF,Midfielder,1,1,False,0.0,0.8333333333333334,0.8333333333333334,0.16666666666666669,0.08333333333333334,0.16666666666666669,1.6666666666666667,0.8333333333333334,4.166666666666667,True,False,,False,,False,,False
Nikola Milenković,2022-2023,27,23,2137,23.7,2,1,3,2,0,0,4,0,1.9,1.9,0.5,2.4,9,78,3,24,Fiorentina,SRB,DF,Defender,1,1,False,0.08438818565400844,0.04219409282700422,0.12658227848101267,0.08016877637130801,0.02109704641350211,0.08016877637130801,0.379746835443038,3.2911392405063293,0.12658227848101267,False,False,,False,,False,,False
Nikola Moro,2022-2023,26,12,1226,13.6,1,5,6,1,0,0,1,0,0.8,0.8,2.2,3.0,24,102,35,24,Bologna,CRO,MF,Midfielder,1,1,False,0.07352941176470588,0.36764705882352944,0.4411764705882353,0.05882352941176471,0.16176470588235295,0.05882352941176471,1.7647058823529411,7.5,2.573529411764706,False,False,,False,,False,,False
Nikola Vlašić,2022-2023,34,29,2728,30.3,5,6,11,5,0,0,1,0,4.3,4.3,4.1,8.4,85,106,210,24,Torino,CRO,"MF,FW",Midfielder,2,1,False,0.16501650165016502,0.198019801980198,0.36303630363036304,0.1419141914191419,0.13531353135313529,0.1419141914191419,2.8052805280528053,3.498349834983498,6.930693069306931,False,False,,False,,False,,False
Norbert Gyömbér,2022-2023,27,23,1740,19.3,0,1,1,0,0,0,5,0,0.7,0.7,0.6,1.4,5,45,2,30,Salernitana,SVK,DF,Defender,1,1,False,0.0,0.05181347150259067,0.05181347150259067,0.03626943005181347,0.031088082901554404,0.03626943005181347,0.25906735751295334,2.33160621761658,0.10362694300518134,False,False,,False,,False,,False
Ola Aina,2022-2023,19,9,876,9.7,1,1,2,1,0,0,5,0,0.8,0.8,2.1,2.9,35,43,43,25,Torino,NGA,DF,Defender,1,1,False,0.10309278350515465,0.10309278350515465,0.2061855670103093,0.08247422680412372,0.21649484536082478,0.08247422680412372,3.6082474226804124,4.43298969072165,4.43298969072165,False,False,,False,,False,,False
Ola Solbakken,2022-2023,14,7,502,5.6,1,2,3,1,0,0,2,0,0.6,0.6,1.6,2.2,5,14,35,23,Roma,NOR,"MF,FW",Midfielder,2,1,False,0.17857142857142858,0.35714285714285715,0.5357142857142857,0.10714285714285715,0.28571428571428575,0.10714285714285715,0.8928571428571429,2.5,6.25,False,False,,False,,False,,False
Oliver Abildgaard,2022-2023,13,6,592,6.6,0,0,0,0,0,0,2,0,0.1,0.1,0.4,0.6,2,15,8,26,Hellas Verona,DEN,MF,Midfielder,1,1,False,0.0,0.0,0.0,0.015151515151515154,0.060606060606060615,0.015151515151515154,0.30303030303030304,2.272727272727273,1.2121212121212122,False,False,,False,,False,,False
Olivier Giroud,2022-2023,33,25,2139,23.8,13,5,18,10,3,3,8,1,12.7,10.4,4.0,14.4,12,36,152,35,Milan,FRA,FW,Forward,1,1,False,0.5462184873949579,0.21008403361344538,0.7563025210084033,0.5336134453781513,0.1680672268907563,0.4369747899159664,0.5042016806722689,1.5126050420168067,6.386554621848739,False,False,,False,,False,,False
Omar Colley,2022-2023,16,15,1384,15.4,1,0,1,1,0,0,5,0,1.2,1.2,0.0,1.2,3,33,2,29,Sampdoria,GAM,DF,Defender,1,1,False,0.06493506493506493,0.0,0.06493506493506493,0.07792207792207792,0.0,0.07792207792207792,0.19480519480519481,2.142857142857143,0.12987012987012986,False,False,,False,,False,,False
Ondrej Duda,2022-2023,15,11,1061,11.8,0,0,0,0,0,0,4,0,0.8,0.8,0.3,1.1,15,44,22,27,Hellas Verona,SVK,MF,Midfielder,1,1,False,0.0,0.0,0.0,0.06779661016949153,0.02542372881355932,0.06779661016949153,1.271186440677966,3.7288135593220337,1.8644067796610169,False,False,,False,,False,,False
Pablo Galdames Millán,2022-2023,13,10,734,8.2,1,2,3,1,0,0,2,0,0.3,0.3,1.1,1.4,5,33,17,25,Cremonese,CHI,MF,Midfielder,1,1,False,0.12195121951219513,0.24390243902439027,0.3658536585365854,0.03658536585365854,0.13414634146341467,0.03658536585365854,0.6097560975609757,4.024390243902439,2.073170731707317,False,False,,False,,False,,False
Pablo Marí,2022-2023,30,28,2487,27.6,1,0,1,1,0,0,4,0,0.6,0.6,0.3,1.0,6,57,3,28,Monza,ESP,DF,Defender,1,1,False,0.036231884057971016,0.0,0.036231884057971016,0.021739130434782608,0.010869565217391304,0.021739130434782608,0.21739130434782608,2.0652173913043477,0.10869565217391304,False,False,,False,,False,,False
Pablo Rodríguez,2022-2023,4,0,54,0.6,0,0,0,0,0,0,0,0,0.0,0.0,0.0,0.0,2,3,7,20,Lecce,ESP,"FW,MF",Forward,2,1,False,0.0,0.0,0.0,0.0,0.0,0.0,3.3333333333333335,5.0,11.666666666666668,True,False,,False,,False,,False
Panagiotis Retsos,2022-2023,2,1,122,1.4,0,0,0,0,0,0,0,0,0.1,0.1,0.0,0.1,2,2,0,23,Hellas Verona,GRE,DF,Defender,1,1,False,0.0,0.0,0.0,0.07142857142857144,0.0,0.07142857142857144,1.4285714285714286,1.4285714285714286,0.0,True,False,,False,,False,,False
Paolo Ghiglione,2022-2023,15,8,711,7.9,1,1,2,1,0,0,4,0,0.8,0.8,0.6,1.5,5,19,35,25,Cremonese,ITA,DF,Defender,1,1,False,0.12658227848101264,0.12658227848101264,0.2531645569620253,0.10126582278481013,0.07594936708860758,0.10126582278481013,0.6329113924050632,2.4050632911392404,4.430379746835443,False,False,,False,,False,,False
Pasquale Mazzocchi,2022-2023,27,23,1958,21.8,2,3,5,2,0,0,2,0,1.3,1.3,2.6,3.9,70,60,102,27,Salernitana,ITA,DF,Defender,1,1,False,0.09174311926605504,0.13761467889908258,0.2293577981651376,0.05963302752293578,0.11926605504587157,0.05963302752293578,3.2110091743119265,2.7522935779816513,4.678899082568807,False,False,,False,,False,,False
Patric,2022-2023,18,16,1413,15.7,0,0,0,0,0,0,1,0,0.1,0.1,0.0,0.2,0,27,3,29,Lazio,ESP,DF,Defender,1,1,False,0.0,0.0,0.0,0.006369426751592357,0.0,0.006369426751592357,0.0,1.7197452229299364,0.1910828025477707,False,False,,False,,False,,False
Patrick Ciurria,2022-2023,36,31,2753,30.6,6,5,11,6,0,0,4,0,4.8,4.8,5.5,10.2,67,91,168,27,Monza,ITA,"DF,MF",Defender,2,1,False,0.19607843137254902,0.16339869281045752,0.35947712418300654,0.1568627450980392,0.17973856209150327,0.1568627450980392,2.1895424836601305,2.9738562091503264,5.490196078431373,False,False,,False,,False,,False
Paul Pogba,2022-2023,6,1,111,1.2,0,0,0,0,0,0,0,0,0.3,0.3,0.2,0.6,5,4,15,29,Juventus,FRA,"MF,FW",Midfielder,2,1,False,0.0,0.0,0.0,0.25,0.16666666666666669,0.25,4.166666666666667,3.3333333333333335,12.5,True,False,,False,,False,,False
Paulo Dybala,2022-2023,25,21,1739,19.3,12,6,18,7,5,5,5,0,9.3,5.3,6.8,12.2,56,75,109,28,Roma,ARG,"MF,FW",Midfielder,2,1,False,0.6217616580310881,0.31088082901554404,0.9326424870466321,0.4818652849740933,0.35233160621761656,0.27461139896373055,2.901554404145078,3.8860103626943006,5.647668393782383,False,False,,False,,False,,False
Paweł Dawidowicz,2022-2023,23,20,1632,18.1,1,1,2,1,0,0,6,1,1.1,1.1,0.8,1.9,20,60,17,27,Hellas Verona,POL,DF,Defender,1,1,False,0.055248618784530384,0.055248618784530384,0.11049723756906077,0.06077348066298342,0.04419889502762431,0.06077348066298342,1.1049723756906076,3.3149171270718227,0.9392265193370165,False,False,,False,,False,,False
Pedro,2022-2023,36,17,1898,21.1,4,3,7,4,0,0,1,0,3.4,3.4,2.6,6.1,64,52,144,35,Lazio,ESP,FW,Forward,1,1,False,0.1895734597156398,0.14218009478672985,0.33175355450236965,0.16113744075829384,0.12322274881516587,0.16113744075829384,3.0331753554502368,2.4644549763033172,6.824644549763033,False,False,,False,,False,,False
Pedro Obiang,2022-2023,17,11,876,9.7,0,1,1,0,0,0,2,0,0.4,0.4,0.2,0.6,0,40,6,30,Sassuolo,EQG,MF,Midfielder,1,1,False,0.0,0.10309278350515465,0.10309278350515465,0.04123711340206186,0.02061855670103093,0.04123711340206186,0.0,4.123711340206186,0.6185567010309279,False,False,,False,,False,,False
Pepín,2022-2023,25,11,1123,12.5,0,2,2,0,0,0,4,0,0.5,0.5,1.5,2.0,19,74,28,25,Monza,EQG,MF,Midfielder,1,1,False,0.0,0.16,0.16,0.04,0.12,0.04,1.52,5.92,2.24,False,False,,False,,False,,False
Perr Schuurs,2022-2023,30,28,2326,25.8,0,2,2,0,0,0,5,0,0.9,0.9,0.9,1.8,14,56,2,22,Torino,NED,DF,Defender,1,1,False,0.0,0.07751937984496124,0.07751937984496124,0.03488372093023256,0.03488372093023256,0.03488372093023256,0.5426356589147286,2.1705426356589146,0.07751937984496124,False,False,,False,,False,,False
Petar Stojanović,2022-2023,27,16,1530,17.0,0,1,1,0,0,0,3,0,0.3,0.3,1.0,1.3,50,91,51,26,Empoli,SVN,DF,Defender,1,1,False,0.0,0.058823529411764705,0.058823529411764705,0.01764705882352941,0.058823529411764705,0.01764705882352941,2.9411764705882355,5.352941176470588,3.0,False,False,,False,,False,,False
Petar Zovko,2022-2023,1,0,74,0.8,0,0,0,0,0,0,0,0,0.0,0.0,0.0,0.0,0,0,0,20,Spezia,BIH,GK,Goalkeeper,1,1,False,0.0,0.0,0.0,0.0,0.0,0.0,0.0,0.0,0.0,True,False,,False,,False,,False
Petko Hristov,2022-2023,9,4,365,4.1,0,0,0,0,0,0,0,0,0.1,0.1,0.0,0.1,2,8,3,23,Spezia,BUL,DF,Defender,1,1,False,0.0,0.0,0.0,0.02439024390243903,0.0,0.02439024390243903,0.48780487804878053,1.9512195121951221,0.7317073170731708,True,False,,False,,False,,False
Pierluigi Gollini,2022-2023,7,7,630,7.0,0,0,0,0,0,0,0,0,0.0,0.0,0.0,0.0,0,0,0,27,MULTI:Fiorentina|Napoli,ITA,GK,Goalkeeper,1,2,True,0.0,0.0,0.0,0.0,0.0,0.0,0.0,0.0,0.0,False,False,,False,,False,,False
Pierre Kalulu,2022-2023,34,26,2548,28.3,1,0,1,1,0,0,4,0,1.5,1.5,1.2,2.8,52,138,43,22,Milan,FRA,DF,Defender,1,1,False,0.0353356890459364,0.0,0.0353356890459364,0.053003533568904596,0.04240282685512367,0.053003533568904596,1.8374558303886925,4.876325088339223,1.519434628975265,False,False,,False,,False,,False
Pietro Ceccaroni,2022-2023,2,0,43,0.5,0,0,0,0,0,0,0,0,0.1,0.1,0.2,0.3,0,0,1,26,Lecce,ITA,DF,Defender,1,1,False,0.0,0.0,0.0,0.2,0.4,0.2,0.0,0.0,2.0,True,False,,False,,False,,False
Pietro Pellegri,2022-2023,18,4,465,5.2,2,0,2,2,0,0,3,0,1.5,1.5,0.5,2.0,4,8,50,21,Torino,ITA,FW,Forward,1,1,False,0.3846153846153846,0.0,0.3846153846153846,0.28846153846153844,0.09615384615384615,0.28846153846153844,0.7692307692307692,1.5384615384615383,9.615384615384615,False,False,,False,,False,,False
Pietro Terracciano,2022-2023,29,29,2610,29.0,0,0,0,0,0,0,1,0,0.0,0.0,0.0,0.0,0,0,0,32,Fiorentina,ITA,GK,Goalkeeper,1,1,False,0.0,0.0,0.0,0.0,0.0,0.0,0.0,0.0,0.0,False,False,,False,,False,,False
Piotr Zieliński,2022-2023,37,27,2287,25.4,3,8,11,3,0,0,3,0,3.5,3.5,7.4,10.9,62,128,129,28,Napoli,POL,MF,Midfielder,1,1,False,0.11811023622047245,0.31496062992125984,0.4330708661417323,0.1377952755905512,0.2913385826771654,0.1377952755905512,2.440944881889764,5.039370078740157,5.078740157480315,False,False,,False,,False,,False
Przemysław Wiśniewski,2022-2023,14,11,1003,11.1,1,0,1,1,0,0,3,0,1.2,1.2,0.7,1.9,2,24,1,24,Spezia,POL,DF,Defender,1,1,False,0.0900900900900901,0.0,0.0900900900900901,0.10810810810810811,0.06306306306306306,0.10810810810810811,0.1801801801801802,2.1621621621621623,0.0900900900900901,False,False,,False,,False,,False
Rade Krunić,2022-2023,23,18,1657,18.4,0,1,1,0,0,0,8,0,1.1,1.1,1.1,2.2,31,73,21,28,Milan,BIH,MF,Midfielder,1,1,False,0.0,0.05434782608695653,0.05434782608695653,0.05978260869565218,0.05978260869565218,0.05978260869565218,1.6847826086956523,3.9673913043478266,1.1413043478260871,False,False,,False,,False,,False
Rafael Leão,2022-2023,35,28,2421,26.9,15,8,23,15,0,0,7,1,10.8,10.8,7.0,17.9,136,122,235,23,Milan,POR,"FW,MF",Forward,2,1,False,0.5576208178438662,0.29739776951672864,0.8550185873605949,0.4014869888475837,0.26022304832713755,0.4014869888475837,5.055762081784387,4.5353159851301115,8.736059479553903,False,False,,False,,False,,False
Rafael Tolói,2022-2023,32,32,2784,30.9,2,1,3,2,0,0,8,0,2.8,2.8,1.2,4.0,21,148,29,31,Atalanta,ITA,DF,Defender,1,1,False,0.06472491909385114,0.03236245954692557,0.0970873786407767,0.09061488673139158,0.03883495145631068,0.09061488673139158,0.6796116504854369,4.789644012944984,0.9385113268608415,False,False,,False,,False,,False
Raimonds Krollis,2022-2023,4,0,36,0.4,0,0,0,0,0,0,0,0,0.1,0.1,0.0,0.1,1,2,4,20,Spezia,LVA,"FW,DF",Forward,2,1,False,0.0,0.0,0.0,0.25,0.0,0.25,2.5,5.0,10.0,True,False,,False,,False,,False
Raoul Bellanova,2022-2023,18,3,496,5.5,0,0,0,0,0,0,0,0,0.6,0.6,0.4,1.0,25,12,37,22,Inter,ITA,DF,Defender,1,1,False,0.0,0.0,0.0,0.10909090909090909,0.07272727272727274,0.10909090909090909,4.545454545454546,2.1818181818181817,6.7272727272727275,False,True,,True,-1.0,True,1,True
Rasmus Højlund,2022-2023,32,20,1834,20.4,9,2,11,9,0,0,1,0,9.5,9.5,2.4,11.8,40,37,224,19,Atalanta,DEN,FW,Forward,1,1,False,0.44117647058823534,0.09803921568627452,0.5392156862745099,0.46568627450980393,0.11764705882352941,0.46568627450980393,1.9607843137254903,1.8137254901960786,10.980392156862745,False,False,,False,,False,,False
Remi Oudin,2022-2023,31,12,1321,14.7,3,0,3,3,0,0,3,0,2.0,2.0,2.3,4.3,24,63,54,25,Lecce,FRA,"FW,MF",Forward,2,1,False,0.20408163265306123,0.0,0.20408163265306123,0.1360544217687075,0.1564625850340136,0.1360544217687075,1.6326530612244898,4.285714285714286,3.673469387755102,False,False,,False,,False,,False
Ricardo Rodríguez,2022-2023,35,30,2670,29.7,0,0,0,0,0,0,3,0,0.4,0.4,1.9,2.4,49,133,51,29,Torino,SUI,DF,Defender,1,1,False,0.0,0.0,0.0,0.01346801346801347,0.06397306397306397,0.01346801346801347,1.6498316498316499,4.478114478114478,1.7171717171717171,False,False,,False,,False,,False
Riccardo Marchizza,2022-2023,10,3,283,3.1,0,1,1,0,0,0,1,0,0.0,0.0,0.3,0.3,3,15,15,24,Sassuolo,ITA,DF,Defender,1,1,False,0.0,0.3225806451612903,0.3225806451612903,0.0,0.0967741935483871,0.0,0.9677419354838709,4.838709677419355,4.838709677419355,True,False,,False,,False,,False
Riccardo Orsolini,2022-2023,32,22,2124,23.6,11,4,15,8,3,3,8,2,10.5,8.1,3.1,11.2,53,62,212,25,Bologna,ITA,FW,Forward,1,1,False,0.4661016949152542,0.1694915254237288,0.635593220338983,0.4449152542372881,0.1313559322033898,0.3432203389830508,2.2457627118644066,2.6271186440677963,8.983050847457626,False,False,,False,,False,,False
Riccardo Saponara,2022-2023,29,14,1208,13.4,4,3,7,4,0,0,4,0,2.8,2.8,3.4,6.2,56,56,125,30,Fiorentina,ITA,FW,Forward,1,1,False,0.29850746268656714,0.22388059701492538,0.5223880597014925,0.208955223880597,0.2537313432835821,0.208955223880597,4.17910447761194,4.17910447761194,9.328358208955224,False,False,,False,,False,,False
Riccardo Sottil,2022-2023,18,9,833,9.3,0,2,2,0,0,0,1,0,1.0,1.0,1.1,2.2,65,27,123,23,Fiorentina,ITA,FW,Forward,1,1,False,0.0,0.2150537634408602,0.2150537634408602,0.1075268817204301,0.11827956989247312,0.1075268817204301,6.989247311827956,2.9032258064516125,13.225806451612902,False,False,,False,,False,,False
Rick Karsdorp,2022-2023,13,8,711,7.9,0,0,0,0,0,0,0,0,0.3,0.3,1.2,1.5,16,24,33,27,Roma,NED,DF,Defender,1,1,False,0.0,0.0,0.0,0.03797468354430379,0.15189873417721517,0.03797468354430379,2.0253164556962022,3.0379746835443036,4.177215189873418,False,False,,False,,False,,False
Roberto Gagliardini,2022-2023,19,7,783,8.7,0,0,0,0,0,0,5,1,0.9,0.9,0.3,1.1,20,39,22,28,Inter,ITA,MF,Midfielder,1,1,False,0.0,0.0,0.0,0.10344827586206898,0.034482758620689655,0.10344827586206898,2.298850574712644,4.482758620689656,2.528735632183908,False,True,0.0,False,0.0,True,1,True
Roberto Pereyra,2022-2023,34,33,2820,31.3,5,7,12,5,0,1,7,0,4.7,3.9,5.5,9.5,66,143,186,31,Udinese,ARG,"DF,MF",Defender,2,1,False,0.1597444089456869,0.22364217252396165,0.38338658146964855,0.1501597444089457,0.1757188498402556,0.12460063897763578,2.108626198083067,4.568690095846645,5.942492012779552,False,False,,False,,False,,False
Roberto Piccoli,2022-2023,20,8,708,7.800000000000001,2,0,2,2,0,0,0,0,1.7000000000000002,1.7000000000000002,0.6000000000000001,2.3,10,4,33,21,MULTI:Empoli|Hellas Verona,ITA,FW,Forward,1,2,True,0.2564102564102564,0.0,0.2564102564102564,0.21794871794871795,0.07692307692307693,0.21794871794871795,1.282051282051282,0.5128205128205128,4.23076923076923,False,False,,False,,False,,False
Roberto Soriano,2022-2023,27,15,1326,14.7,1,3,4,1,0,0,1,0,0.6,0.6,2.5,3.1,30,56,66,31,Bologna,ITA,"FW,MF",Forward,2,1,False,0.06802721088435375,0.20408163265306123,0.272108843537415,0.04081632653061225,0.17006802721088435,0.04081632653061225,2.0408163265306123,3.8095238095238098,4.4897959183673475,False,False,,False,,False,,False
Robin Gosens,2022-2023,32,11,1184,13.2,3,0,3,3,0,0,2,0,3.0,3.0,2.4,5.3,29,41,102,28,Inter,GER,DF,Defender,1,1,False,0.2272727272727273,0.0,0.2272727272727273,0.2272727272727273,0.18181818181818182,0.2272727272727273,2.1969696969696972,3.1060606060606064,7.7272727272727275,False,True,1.0,False,1.0,True,0,True
Rodrigo Becão,2022-2023,28,28,2484,27.6,2,1,3,2,0,0,11,1,1.5,1.5,0.6,2.1,19,98,48,26,Udinese,BRA,DF,Defender,1,1,False,0.07246376811594203,0.036231884057971016,0.10869565217391304,0.05434782608695652,0.021739130434782608,0.05434782608695652,0.6884057971014492,3.550724637681159,1.7391304347826086,False,False,,False,,False,,False
Roger Ibanez,2022-2023,33,32,2796,31.1,3,0,3,3,0,0,11,1,3.0,3.0,0.6,3.5,24,77,9,23,Roma,BRA,DF,Defender,1,1,False,0.09646302250803858,0.0,0.09646302250803858,0.09646302250803858,0.019292604501607715,0.09646302250803858,0.7717041800643086,2.47588424437299,0.28938906752411575,False,False,,False,,False,,False
Rogério,2022-2023,36,34,2996,33.3,0,3,3,0,0,0,5,1,0.5,0.5,2.7,3.3,110,185,115,24,Sassuolo,BRA,DF,Defender,1,1,False,0.0,0.0900900900900901,0.0900900900900901,0.015015015015015017,0.0810810810810811,0.015015015015015017,3.3033033033033035,5.555555555555556,3.4534534534534536,False,False,,False,,False,,False
Rolando Mandragora,2022-2023,29,22,1950,21.7,2,4,6,2,0,0,8,0,1.5,1.5,4.9,6.4,18,142,59,25,Fiorentina,ITA,MF,Midfielder,1,1,False,0.09216589861751152,0.18433179723502305,0.2764976958525346,0.06912442396313365,0.22580645161290325,0.06912442396313365,0.8294930875576038,6.5437788018433185,2.71889400921659,False,False,,False,,False,,False
Romelu Lukaku,2022-2023,25,19,1660,18.4,10,6,16,8,2,2,1,0,9.0,7.4,4.1,11.5,34,41,159,29,Inter,BEL,FW,Forward,1,1,False,0.5434782608695653,0.32608695652173914,0.8695652173913044,0.48913043478260876,0.22282608695652173,0.4021739130434783,1.847826086956522,2.2282608695652177,8.641304347826088,False,True,,True,-1.0,True,1,True
Ronaldo Vieira,2022-2023,18,8,831,9.299999999999999,0,0,0,0,0,0,3,0,0.4,0.4,0.0,0.4,6,40,5,24,MULTI:Sampdoria|Torino,ENG,MF,Midfielder,1,2,True,0.0,0.0,0.0,0.04301075268817205,0.0,0.04301075268817205,0.6451612903225807,4.301075268817205,0.5376344086021506,False,False,,False,,False,,False
Ruan,2022-2023,23,21,1711,19.0,0,0,0,0,0,0,13,3,0.5,0.5,0.0,0.5,6,22,3,23,Sassuolo,BRA,DF,Defender,1,1,False,0.0,0.0,0.0,0.02631578947368421,0.0,0.02631578947368421,0.3157894736842105,1.1578947368421053,0.15789473684210525,False,False,,False,,False,,False
Rui Patrício,2022-2023,35,35,3150,35.0,0,0,0,0,0,0,1,0,0.0,0.0,0.0,0.0,0,0,0,34,Roma,POR,GK,Goalkeeper,1,1,False,0.0,0.0,0.0,0.0,0.0,0.0,0.0,0.0,0.0,False,False,,False,,False,,False
Ruslan Malinovskyi,2022-2023,15,5,553,6.1,1,2,3,1,0,0,2,0,0.6,0.6,2.0,2.6,19,50,36,29,Atalanta,UKR,"MF,FW",Midfielder,2,1,False,0.1639344262295082,0.3278688524590164,0.49180327868852464,0.09836065573770492,0.3278688524590164,0.09836065573770492,3.114754098360656,8.196721311475411,5.901639344262295,False,False,,False,,False,,False
Răzvan Marin,2022-2023,33,28,2538,28.2,2,4,6,2,0,0,7,0,1.4,1.4,4.2,5.5,35,118,27,26,Empoli,ROU,MF,Midfielder,1,1,False,0.07092198581560284,0.14184397163120568,0.2127659574468085,0.04964539007092198,0.14893617021276598,0.04964539007092198,1.2411347517730498,4.184397163120567,0.9574468085106383,False,False,,False,,False,,False
Salvador Ferrer,2022-2023,5,0,136,1.5,0,0,0,0,0,0,0,0,0.0,0.0,0.0,0.0,0,1,2,24,Spezia,ESP,DF,Defender,1,1,False,0.0,0.0,0.0,0.0,0.0,0.0,0.0,0.6666666666666666,1.3333333333333333,True,False,,False,,False,,False
Salvatore Esposito,2022-2023,15,10,971,10.8,1,0,1,1,0,0,5,1,0.7,0.7,1.5,2.2,4,51,11,21,Spezia,ITA,MF,Midfielder,1,1,False,0.09259259259259259,0.0,0.09259259259259259,0.06481481481481481,0.13888888888888887,0.06481481481481481,0.37037037037037035,4.722222222222222,1.0185185185185184,False,False,,False,,False,,False
Salvatore Molina,2022-2023,5,1,229,2.5,0,0,0,0,0,0,1,0,0.0,0.0,0.1,0.1,9,7,22,30,Monza,ITA,DF,Defender,1,1,False,0.0,0.0,0.0,0.0,0.04,0.0,3.6,2.8,8.8,True,False,,False,,False,,False
Salvatore Sirigu,2022-2023,1,1,90,1.0,0,0,0,0,0,0,0,0,0.0,0.0,0.0,0.0,0,0,0,35,Fiorentina,ITA,GK,Goalkeeper,1,1,False,0.0,0.0,0.0,0.0,0.0,0.0,0.0,0.0,0.0,True,False,,False,,False,,False
Sam Lammers,2022-2023,33,23,1983,22.0,2,2,4,2,0,0,1,0,4.8,4.8,1.9,6.6,26,38,132,25,MULTI:Empoli|Sampdoria,NED,FW,Forward,1,2,True,0.09090909090909091,0.09090909090909091,0.18181818181818182,0.21818181818181817,0.08636363636363636,0.21818181818181817,1.1818181818181819,1.7272727272727273,6.0,False,False,,False,,False,,False
Samir Handanović,2022-2023,14,14,1234,13.7,0,0,0,0,0,0,0,0,0.0,0.0,0.0,0.0,0,0,0,38,Inter,SVN,GK,Goalkeeper,1,1,False,0.0,0.0,0.0,0.0,0.0,0.0,0.0,0.0,0.0,False,True,0.0,False,0.0,True,1,True
Samir Ujkani,2022-2023,1,0,7,0.1,0,0,0,0,0,0,0,0,0.0,0.0,0.0,0.0,0,0,0,34,Empoli,KVX,GK,Goalkeeper,1,1,False,0.0,0.0,0.0,0.0,0.0,0.0,0.0,0.0,0.0,True,False,,False,,False,,False
Samuel Di Carmine,2022-2023,2,0,28,0.3,0,0,0,0,0,0,0,0,0.1,0.1,0.0,0.1,1,1,2,33,Cremonese,ITA,"FW,MF",Forward,2,1,False,0.0,0.0,0.0,0.33333333333333337,0.0,0.33333333333333337,3.3333333333333335,3.3333333333333335,6.666666666666667,True,False,,False,,False,,False
Samuel Iling-Junior,2022-2023,12,1,318,3.5,1,1,2,1,0,0,1,0,0.7,0.7,0.2,1.0,11,18,36,18,Juventus,ENG,"DF,FW",Defender,2,1,False,0.2857142857142857,0.2857142857142857,0.5714285714285714,0.19999999999999998,0.05714285714285715,0.19999999999999998,3.142857142857143,5.142857142857143,10.285714285714286,True,False,,False,,False,,False
Samuel Ntanda,2022-2023,1,0,4,0.0,0,0,0,0,0,0,0,0,0.1,0.1,0.0,0.1,0,0,1,17,Sampdoria,COD,MF,Midfielder,1,1,False,,,,,,,,,,True,False,,False,,False,,False
Samuel Umtiti,2022-2023,25,24,2113,23.5,0,0,0,0,0,0,8,0,0.8,0.8,0.1,0.9,12,56,2,28,Lecce,FRA,DF,Defender,1,1,False,0.0,0.0,0.0,0.03404255319148936,0.00425531914893617,0.03404255319148936,0.5106382978723404,2.382978723404255,0.0851063829787234,False,False,,False,,False,,False
Samuele Birindelli,2022-2023,31,14,1400,15.6,0,1,1,0,0,0,8,0,1.1,1.1,2.2,3.3,55,43,121,23,Monza,ITA,DF,Defender,1,1,False,0.0,0.06410256410256411,0.06410256410256411,0.07051282051282053,0.14102564102564105,0.07051282051282053,3.5256410256410255,2.7564102564102564,7.756410256410256,False,False,,False,,False,,False
Samuele Perisan,2022-2023,7,7,630,7.0,0,0,0,0,0,0,0,0,0.0,0.0,0.0,0.0,0,0,0,24,Empoli,ITA,GK,Goalkeeper,1,1,False,0.0,0.0,0.0,0.0,0.0,0.0,0.0,0.0,0.0,False,False,,False,,False,,False
Samuele Ricci,2022-2023,28,23,2070,23.0,2,1,3,2,0,0,6,0,1.7,1.7,1.8,3.5,43,104,31,20,Torino,ITA,MF,Midfielder,1,1,False,0.08695652173913043,0.043478260869565216,0.13043478260869565,0.07391304347826087,0.0782608695652174,0.07391304347826087,1.8695652173913044,4.521739130434782,1.3478260869565217,False,False,,False,,False,,False
Samuele Vignato,2022-2023,5,0,62,0.7,0,1,1,0,0,0,0,0,0.1,0.1,0.3,0.4,4,1,6,18,Monza,ITA,"MF,FW",Midfielder,2,1,False,0.0,1.4285714285714286,1.4285714285714286,0.14285714285714288,0.4285714285714286,0.14285714285714288,5.714285714285714,1.4285714285714286,8.571428571428571,True,False,,False,,False,,False
Sandi Lovrić,2022-2023,37,28,2335,25.9,5,6,11,5,0,0,4,0,4.8,4.8,3.2,8.0,42,105,90,24,Udinese,SVN,MF,Midfielder,1,1,False,0.19305019305019305,0.23166023166023167,0.42471042471042475,0.18532818532818532,0.12355212355212357,0.18532818532818532,1.6216216216216217,4.054054054054054,3.474903474903475,False,False,,False,,False,,False
Sandro Tonali,2022-2023,34,30,2713,30.1,2,7,9,2,0,0,7,0,2.4,2.4,5.7,8.1,61,159,86,22,Milan,ITA,MF,Midfielder,1,1,False,0.06644518272425248,0.23255813953488372,0.2990033222591362,0.07973421926910298,0.1893687707641196,0.07973421926910298,2.0265780730897007,5.282392026578073,2.857142857142857,False,False,,False,,False,,False
Santiago Ascacíbar,2022-2023,13,7,727,8.1,0,0,0,0,0,0,1,0,0.4,0.4,0.4,0.8,1,41,6,25,Cremonese,ARG,MF,Midfielder,1,1,False,0.0,0.0,0.0,0.04938271604938272,0.04938271604938272,0.04938271604938272,0.1234567901234568,5.061728395061729,0.7407407407407408,False,False,,False,,False,,False
Saša Lukić,2022-2023,16,13,1195,13.3,2,0,2,1,1,1,4,0,1.7,0.9,1.4,2.3,26,44,33,25,Torino,SRB,MF,Midfielder,1,1,False,0.15037593984962405,0.0,0.15037593984962405,0.12781954887218044,0.10526315789473684,0.06766917293233082,1.9548872180451127,3.308270676691729,2.481203007518797,False,False,,False,,False,,False
Sebastian Walukiewicz,2022-2023,11,6,603,6.7,0,0,0,0,0,0,0,0,0.3,0.3,0.1,0.4,6,13,0,22,Empoli,POL,DF,Defender,1,1,False,0.0,0.0,0.0,0.04477611940298507,0.014925373134328358,0.04477611940298507,0.8955223880597015,1.9402985074626866,0.0,False,False,,False,,False,,False
Sebastiano Luperto,2022-2023,36,36,3135,34.8,2,0,2,2,0,0,4,2,1.2,1.2,0.6,1.9,13,72,3,25,Empoli,ITA,DF,Defender,1,1,False,0.0574712643678161,0.0,0.0574712643678161,0.034482758620689655,0.017241379310344827,0.034482758620689655,0.37356321839080464,2.0689655172413794,0.08620689655172414,False,False,,False,,False,,False
Sergej Milinković-Savić,2022-2023,36,34,3022,33.6,9,8,17,9,0,0,10,0,6.8,6.8,7.1,13.9,47,166,129,27,Lazio,SRB,MF,Midfielder,1,1,False,0.26785714285714285,0.23809523809523808,0.5059523809523809,0.20238095238095236,0.21130952380952378,0.20238095238095236,1.3988095238095237,4.940476190476191,3.839285714285714,False,False,,False,,False,,False
Sergiño Dest,2022-2023,8,2,329,3.7,0,0,0,0,0,0,0,0,0.3,0.3,0.3,0.6,11,14,12,21,Milan,USA,DF,Defender,1,1,False,0.0,0.0,0.0,0.08108108108108107,0.08108108108108107,0.08108108108108107,2.972972972972973,3.7837837837837838,3.243243243243243,True,False,,False,,False,,False
Simon Kjær,2022-2023,17,12,1007,11.2,0,0,0,0,0,0,4,0,0.0,0.0,0.0,0.0,3,45,1,33,Milan,DEN,DF,Defender,1,1,False,0.0,0.0,0.0,0.0,0.0,0.0,0.26785714285714285,4.017857142857143,0.08928571428571429,False,False,,False,,False,,False
Simone Bastoni,2022-2023,19,15,1189,13.2,2,4,6,2,0,0,7,0,1.1,1.1,1.7,2.8,20,32,65,25,Spezia,ITA,"MF,DF",Midfielder,2,1,False,0.15151515151515152,0.30303030303030304,0.4545454545454546,0.08333333333333334,0.12878787878787878,0.08333333333333334,1.5151515151515151,2.4242424242424243,4.924242424242425,False,False,,False,,False,,False
Simone Pafundi,2022-2023,8,0,85,0.9,0,0,0,0,0,0,0,0,0.1,0.1,0.1,0.2,3,6,9,16,Udinese,ITA,"MF,FW",Midfielder,2,1,False,0.0,0.0,0.0,0.11111111111111112,0.11111111111111112,0.11111111111111112,3.333333333333333,6.666666666666666,10.0,True,False,,False,,False,,False
Simone Perilli,2022-2023,1,1,90,1.0,0,0,0,0,0,0,0,0,0.0,0.0,0.0,0.0,0,0,0,27,Hellas Verona,ITA,GK,Goalkeeper,1,1,False,0.0,0.0,0.0,0.0,0.0,0.0,0.0,0.0,0.0,True,False,,False,,False,,False
Simone Romagnoli,2022-2023,7,1,167,1.9,0,0,0,0,0,0,0,0,0.0,0.0,0.0,0.0,0,5,0,32,Lecce,ITA,DF,Defender,1,1,False,0.0,0.0,0.0,0.0,0.0,0.0,0.0,2.6315789473684212,0.0,True,False,,False,,False,,False
Simone Verdi,2022-2023,24,12,1096,12.2,5,0,5,4,1,1,3,0,2.6,1.8,2.1,3.9,34,46,57,30,Hellas Verona,ITA,"MF,FW",Midfielder,2,1,False,0.4098360655737705,0.0,0.4098360655737705,0.21311475409836067,0.17213114754098363,0.1475409836065574,2.7868852459016393,3.7704918032786887,4.672131147540984,False,False,,False,,False,,False
Sofyan Amrabat,2022-2023,29,24,1998,22.2,0,1,1,0,0,0,11,0,0.5,0.5,1.1,1.6,36,176,24,25,Fiorentina,MAR,MF,Midfielder,1,1,False,0.0,0.04504504504504505,0.04504504504504505,0.022522522522522525,0.04954954954954956,0.022522522522522525,1.6216216216216217,7.927927927927928,1.0810810810810811,False,False,,False,,False,,False
Soualiho Meïté,2022-2023,31,28,2366,26.3,0,2,2,0,0,0,5,0,0.5,0.5,0.7,1.2,26,82,22,28,Cremonese,FRA,MF,Midfielder,1,1,False,0.0,0.07604562737642585,0.07604562737642585,0.019011406844106463,0.026615969581749048,0.019011406844106463,0.9885931558935361,3.11787072243346,0.8365019011406843,False,False,,False,,False,,False
Stanislav Lobotka,2022-2023,38,34,3101,34.5,1,1,2,1,0,0,2,0,0.6,0.6,1.0,1.6,51,172,39,27,Napoli,SVK,MF,Midfielder,1,1,False,0.028985507246376812,0.028985507246376812,0.057971014492753624,0.017391304347826087,0.028985507246376812,0.017391304347826087,1.4782608695652173,4.9855072463768115,1.1304347826086956,False,False,,False,,False,,False
Stefan Posch,2022-2023,30,30,2532,28.1,6,2,8,6,0,0,6,0,3.3,3.3,2.0,5.3,45,148,65,25,Bologna,AUT,DF,Defender,1,1,False,0.21352313167259784,0.07117437722419928,0.2846975088967971,0.11743772241992881,0.07117437722419928,0.11743772241992881,1.601423487544484,5.266903914590747,2.3131672597864767,False,False,,False,,False,,False
Stefan de Vrij,2022-2023,27,22,1945,21.6,1,0,1,1,0,0,4,0,2.2,2.2,0.2,2.4,13,55,0,30,Inter,NED,DF,Defender,1,1,False,0.046296296296296294,0.0,0.046296296296296294,0.10185185185185186,0.009259259259259259,0.10185185185185186,0.6018518518518519,2.5462962962962963,0.0,False,True,0.0,False,0.0,True,0,True
Stefano Sensi,2022-2023,28,21,1618,18.0,3,1,4,3,0,0,8,0,1.4,1.4,2.1,3.5,27,143,37,26,Monza,ITA,MF,Midfielder,1,1,False,0.16666666666666666,0.05555555555555555,0.2222222222222222,0.07777777777777778,0.11666666666666667,0.07777777777777778,1.5,7.944444444444445,2.0555555555555554,False,False,,False,,False,,False
Stephan El Shaarawy,2022-2023,29,14,1523,16.9,7,2,9,7,0,0,3,0,5.6,5.6,1.4,7.0,58,66,136,29,Roma,ITA,"DF,MF",Defender,2,1,False,0.4142011834319527,0.1183431952662722,0.5325443786982249,0.33136094674556216,0.08284023668639054,0.33136094674556216,3.4319526627218937,3.9053254437869827,8.04733727810651,False,False,,False,,False,,False
Szymon Żurkowski,2022-2023,12,3,459,5.1000000000000005,0,1,1,0,0,0,1,0,0.7,0.7,0.0,0.7,12,11,14,24,MULTI:Fiorentina|Spezia,POL,MF,Midfielder,1,2,True,0.0,0.196078431372549,0.196078431372549,0.1372549019607843,0.0,0.1372549019607843,2.352941176470588,2.156862745098039,2.745098039215686,False,False,,False,,False,,False
Tammy Abraham,2022-2023,38,24,2189,24.3,8,3,11,8,0,0,2,0,10.8,10.8,3.7,14.5,35,54,141,24,Roma,ENG,FW,Forward,1,1,False,0.3292181069958848,0.12345679012345678,0.45267489711934156,0.4444444444444445,0.1522633744855967,0.4444444444444445,1.4403292181069958,2.2222222222222223,5.802469135802469,False,False,,False,,False,,False
Tanguy Ndombele,2022-2023,30,8,807,9.0,1,0,1,1,0,0,5,0,1.0,1.0,0.5,1.4,27,52,33,25,Napoli,FRA,MF,Midfielder,1,1,False,0.1111111111111111,0.0,0.1111111111111111,0.1111111111111111,0.05555555555555555,0.1111111111111111,3.0,5.777777777777778,3.6666666666666665,False,False,,False,,False,,False
Telasco Segovia,2022-2023,1,0,4,0.0,0,0,0,0,0,0,0,0,0.0,0.0,0.0,0.0,0,0,0,19,Sampdoria,VEN,MF,Midfielder,1,1,False,,,,,,,,,,True,False,,False,,False,,False
Teun Koopmeiners,2022-2023,33,32,2858,31.8,10,4,14,8,2,4,7,0,7.6,4.3,6.4,10.7,60,186,106,24,Atalanta,NED,MF,Midfielder,1,1,False,0.31446540880503143,0.12578616352201258,0.44025157232704404,0.23899371069182387,0.20125786163522014,0.13522012578616352,1.8867924528301887,5.849056603773585,3.333333333333333,False,False,,False,,False,,False
Theo Hernández,2022-2023,32,32,2771,30.8,4,3,7,3,1,1,7,0,4.1,3.3,3.3,6.6,108,128,146,24,Milan,FRA,DF,Defender,1,1,False,0.12987012987012986,0.09740259740259741,0.22727272727272727,0.1331168831168831,0.10714285714285714,0.10714285714285714,3.5064935064935066,4.1558441558441555,4.74025974025974,False,False,,False,,False,,False
Thomas Henry,2022-2023,16,13,1030,11.4,2,0,2,2,0,0,4,0,1.7,1.7,1.1,2.8,3,18,58,27,Hellas Verona,FRA,FW,Forward,1,1,False,0.17543859649122806,0.0,0.17543859649122806,0.14912280701754385,0.09649122807017545,0.14912280701754385,0.2631578947368421,1.5789473684210527,5.087719298245614,False,False,,False,,False,,False
Tiemoué Bakayoko,2022-2023,3,0,41,0.5,0,0,0,0,0,0,0,0,0.0,0.0,0.0,0.0,0,2,1,27,Milan,FRA,MF,Midfielder,1,1,False,0.0,0.0,0.0,0.0,0.0,0.0,0.0,4.0,2.0,True,False,,False,,False,,False
Tio Cipot,2022-2023,8,0,139,1.5,0,0,0,0,0,0,0,0,0.0,0.0,0.1,0.2,5,5,17,19,Spezia,SVN,"FW,MF",Forward,2,1,False,0.0,0.0,0.0,0.0,0.06666666666666667,0.0,3.3333333333333335,3.3333333333333335,11.333333333333334,True,False,,False,,False,,False
Tolgay Arslan,2022-2023,36,12,1211,13.5,1,0,1,1,0,0,3,0,2.2,2.2,1.6,3.8,45,77,37,31,Udinese,GER,MF,Midfielder,1,1,False,0.07407407407407407,0.0,0.07407407407407407,0.16296296296296298,0.11851851851851852,0.16296296296296298,3.3333333333333335,5.703703703703703,2.740740740740741,False,False,,False,,False,,False
Toma Bašić,2022-2023,25,4,513,5.7,1,0,1,1,0,0,2,0,1.8,1.8,0.4,2.2,14,22,29,25,Lazio,CRO,MF,Midfielder,1,1,False,0.17543859649122806,0.0,0.17543859649122806,0.3157894736842105,0.07017543859649122,0.3157894736842105,2.456140350877193,3.8596491228070176,5.087719298245614,False,False,,False,,False,,False
Tommaso Augello,2022-2023,37,35,3061,34.0,2,5,7,2,0,0,3,0,1.0,1.0,3.9,4.8,84,119,153,27,Sampdoria,ITA,DF,Defender,1,1,False,0.058823529411764705,0.14705882352941177,0.20588235294117646,0.029411764705882353,0.11470588235294117,0.029411764705882353,2.4705882352941178,3.5,4.5,False,False,,False,,False,,False
Tommaso Baldanzi,2022-2023,26,24,1772,19.7,4,0,4,4,0,0,2,0,2.4,2.4,1.8,4.2,57,69,94,19,Empoli,ITA,MF,Midfielder,1,1,False,0.20304568527918782,0.0,0.20304568527918782,0.1218274111675127,0.09137055837563453,0.1218274111675127,2.8934010152284264,3.50253807106599,4.771573604060914,False,False,,False,,False,,False
Tommaso Barbieri,2022-2023,3,2,109,1.2,0,0,0,0,0,0,0,0,0.0,0.0,0.0,0.0,5,0,4,19,Juventus,ITA,DF,Defender,1,1,False,0.0,0.0,0.0,0.0,0.0,0.0,4.166666666666667,0.0,3.3333333333333335,True,False,,False,,False,,False
Tommaso Cassandro,2022-2023,1,0,13,0.1,0,0,0,0,0,0,0,0,0.0,0.0,0.0,0.0,0,0,0,22,Lecce,ITA,DF,Defender,1,1,False,0.0,0.0,0.0,0.0,0.0,0.0,0.0,0.0,0.0,True,False,,False,,False,,False
Tommaso De Nipoti,2022-2023,1,0,4,0.0,0,0,0,0,0,0,0,0,0.0,0.0,0.0,0.0,1,1,0,19,Atalanta,ITA,MF,Midfielder,1,1,False,,,,,,,,,,True,False,,False,,False,,False
Tommaso Milanese,2022-2023,2,0,27,0.3,0,0,0,0,0,0,0,0,0.0,0.0,0.2,0.2,2,2,1,20,Cremonese,ITA,MF,Midfielder,1,1,False,0.0,0.0,0.0,0.0,0.6666666666666667,0.0,6.666666666666667,6.666666666666667,3.3333333333333335,True,False,,False,,False,,False
Tommaso Pobega,2022-2023,19,9,883,9.8,2,0,2,2,0,0,4,0,1.4,1.4,0.3,1.7,8,36,22,23,Milan,ITA,MF,Midfielder,1,1,False,0.2040816326530612,0.0,0.2040816326530612,0.14285714285714285,0.03061224489795918,0.14285714285714285,0.8163265306122448,3.6734693877551017,2.2448979591836733,False,False,,False,,False,,False
Tomás Rincón,2022-2023,34,30,2555,28.4,0,2,2,0,0,0,7,1,0.6,0.6,1.2,1.8,27,122,35,34,Sampdoria,VEN,MF,Midfielder,1,1,False,0.0,0.07042253521126761,0.07042253521126761,0.02112676056338028,0.04225352112676056,0.02112676056338028,0.9507042253521127,4.295774647887324,1.2323943661971832,False,False,,False,,False,,False
Tonny Vilhena,2022-2023,33,27,2265,25.2,4,1,5,4,0,0,5,0,2.4,2.4,1.7,4.1,30,80,59,27,Salernitana,NED,MF,Midfielder,1,1,False,0.15873015873015872,0.03968253968253968,0.19841269841269843,0.09523809523809523,0.06746031746031746,0.09523809523809523,1.1904761904761905,3.174603174603175,2.3412698412698414,False,False,,False,,False,,False
Tyronne Ebuehi,2022-2023,26,22,1923,21.4,2,4,6,2,0,0,0,0,3.1,3.1,1.9,5.0,31,41,42,26,Empoli,NGA,DF,Defender,1,1,False,0.09345794392523366,0.1869158878504673,0.28037383177570097,0.14485981308411217,0.08878504672897196,0.14485981308411217,1.4485981308411215,1.9158878504672898,1.9626168224299068,False,False,,False,,False,,False
Valentin Antov,2022-2023,9,2,306,3.4,0,0,0,0,0,0,2,0,0.0,0.0,0.0,0.0,2,14,3,21,Monza,BUL,DF,Defender,1,1,False,0.0,0.0,0.0,0.0,0.0,0.0,0.5882352941176471,4.11764705882353,0.8823529411764706,True,False,,False,,False,,False
Valentin Carboni,2022-2023,5,0,25,0.3,0,0,0,0,0,0,0,0,0.0,0.0,0.0,0.0,2,1,3,17,Inter,ARG,"MF,DF",Midfielder,2,1,False,0.0,0.0,0.0,0.0,0.0,0.0,6.666666666666667,3.3333333333333335,10.0,True,True,4.0,False,4.0,True,1,True
Valentin Gendrey,2022-2023,37,35,3101,34.5,0,2,2,0,0,0,4,0,0.6,0.6,2.9,3.5,47,112,107,22,Lecce,FRA,DF,Defender,1,1,False,0.0,0.057971014492753624,0.057971014492753624,0.017391304347826087,0.08405797101449275,0.017391304347826087,1.3623188405797102,3.246376811594203,3.101449275362319,False,False,,False,,False,,False
Valentino Lazaro,2022-2023,23,15,1373,15.3,0,3,3,0,0,0,4,0,0.4,0.4,2.7,3.1,44,74,84,26,Torino,AUT,DF,Defender,1,1,False,0.0,0.19607843137254902,0.19607843137254902,0.026143790849673203,0.17647058823529413,0.026143790849673203,2.8758169934640523,4.836601307189542,5.490196078431373,False,False,,False,,False,,False
Valerio Verre,2022-2023,18,6,677,7.5,0,0,0,0,0,0,5,0,0.6,0.6,1.1,1.7,16,45,27,28,Sampdoria,ITA,MF,Midfielder,1,1,False,0.0,0.0,0.0,0.08,0.14666666666666667,0.08,2.1333333333333333,6.0,3.6,False,False,,False,,False,,False
Vanja Milinković-Savić,2022-2023,38,38,3420,38.0,0,0,0,0,0,0,4,0,0.0,0.0,0.5,0.5,0,0,0,25,Torino,SRB,GK,Goalkeeper,1,1,False,0.0,0.0,0.0,0.0,0.013157894736842105,0.0,0.0,0.0,0.0,False,False,,False,,False,,False
Victor Osimhen,2022-2023,32,30,2566,28.5,26,4,30,24,2,3,4,0,21.3,18.9,2.8,21.8,43,28,196,23,Napoli,NGA,FW,Forward,1,1,False,0.9122807017543859,0.14035087719298245,1.0526315789473684,0.7473684210526316,0.09824561403508772,0.6631578947368421,1.5087719298245614,0.9824561403508771,6.87719298245614,False,False,,False,,False,,False
Viktor Kovalenko,2022-2023,18,7,548,6.1,0,0,0,0,0,0,1,0,1.6,1.6,0.6,2.2,4,22,28,26,Spezia,UKR,MF,Midfielder,1,1,False,0.0,0.0,0.0,0.26229508196721313,0.09836065573770492,0.26229508196721313,0.6557377049180328,3.6065573770491803,4.59016393442623,False,False,,False,,False,,False
Vincenzo Fiorillo,2022-2023,1,1,90,1.0,0,0,0,0,0,0,0,0,0.0,0.0,0.0,0.0,0,0,0,32,Salernitana,ITA,GK,Goalkeeper,1,1,False,0.0,0.0,0.0,0.0,0.0,0.0,0.0,0.0,0.0,True,False,,False,,False,,False
Vivaldo Semedo,2022-2023,5,0,36,0.4,0,0,0,0,0,0,0,0,0.1,0.1,0.0,0.1,0,1,3,17,Udinese,POR,"FW,MF",Forward,2,1,False,0.0,0.0,0.0,0.25,0.0,0.25,0.0,2.5,7.5,True,False,,False,,False,,False
Vlad Chiricheș,2022-2023,16,14,983,10.9,0,0,0,0,0,0,2,0,0.0,0.0,0.0,0.0,2,18,1,32,Cremonese,ROU,DF,Defender,1,1,False,0.0,0.0,0.0,0.0,0.0,0.0,0.18348623853211007,1.6513761467889907,0.09174311926605504,False,False,,False,,False,,False
Walace,2022-2023,37,37,3190,35.4,0,1,1,0,0,0,6,0,1.1,1.1,1.7,2.8,47,170,36,27,Udinese,BRA,MF,Midfielder,1,1,False,0.0,0.02824858757062147,0.02824858757062147,0.03107344632768362,0.0480225988700565,0.03107344632768362,1.3276836158192091,4.80225988700565,1.0169491525423728,False,False,,False,,False,,False
Warren Bondo,2022-2023,4,0,60,0.7,0,0,0,0,0,0,1,0,0.1,0.1,0.0,0.1,3,5,2,18,Monza,FRA,MF,Midfielder,1,1,False,0.0,0.0,0.0,0.14285714285714288,0.0,0.14285714285714288,4.285714285714286,7.142857142857143,2.857142857142857,True,False,,False,,False,,False
Weston McKennie,2022-2023,15,13,1052,11.7,1,1,2,1,0,0,0,0,0.9,0.9,0.7,1.6,19,39,54,23,Juventus,USA,"MF,DF",Midfielder,2,1,False,0.08547008547008547,0.08547008547008547,0.17094017094017094,0.07692307692307693,0.05982905982905983,0.07692307692307693,1.623931623931624,3.3333333333333335,4.615384615384616,False,False,,False,,False,,False
Wilfried Singo,2022-2023,31,24,2046,22.7,2,1,3,2,0,0,8,0,2.7,2.7,1.9,4.6,54,67,93,21,Torino,CIV,DF,Defender,1,1,False,0.0881057268722467,0.04405286343612335,0.13215859030837004,0.11894273127753305,0.08370044052863436,0.11894273127753305,2.378854625550661,2.9515418502202646,4.096916299559472,False,False,,False,,False,,False
William Troost-Ekong,2022-2023,9,4,444,4.9,1,0,1,1,0,0,1,0,0.7,0.7,0.0,0.7,1,6,0,28,Salernitana,NGA,DF,Defender,1,1,False,0.2040816326530612,0.0,0.2040816326530612,0.14285714285714285,0.0,0.14285714285714285,0.2040816326530612,1.2244897959183672,0.0,True,False,,False,,False,,False
Wladimiro Falcone,2022-2023,38,38,3420,38.0,0,0,0,0,0,0,2,0,0.0,0.0,0.2,0.2,0,0,0,27,Lecce,ITA,GK,Goalkeeper,1,1,False,0.0,0.0,0.0,0.0,0.005263157894736842,0.0,0.0,0.0,0.0,False,False,,False,,False,,False
Wojciech Szczęsny,2022-2023,28,28,2472,27.5,0,0,0,0,0,0,0,0,0.0,0.0,0.0,0.0,0,0,0,32,Juventus,POL,GK,Goalkeeper,1,1,False,0.0,0.0,0.0,0.0,0.0,0.0,0.0,0.0,0.0,False,False,,False,,False,,False
Yacine Adli,2022-2023,6,1,144,1.6,0,0,0,0,0,0,1,0,0.1,0.1,0.3,0.3,7,10,8,22,Milan,FRA,"MF,FW",Midfielder,2,1,False,0.0,0.0,0.0,0.0625,0.18749999999999997,0.0625,4.375,6.25,5.0,True,False,,False,,False,,False
Yann Karamoh,2022-2023,21,7,716,8.0,4,0,4,4,0,0,2,0,3.3,3.3,0.7,4.0,27,12,74,24,Torino,FRA,"MF,FW",Midfielder,2,1,False,0.5,0.0,0.5,0.4125,0.0875,0.4125,3.375,1.5,9.25,False,False,,False,,False,,False
Yayah Kallon,2022-2023,22,8,860,9.6,1,1,2,1,0,0,1,0,1.7,1.7,1.5,3.2,33,22,64,21,Hellas Verona,SLE,"MF,FW",Midfielder,2,1,False,0.10416666666666667,0.10416666666666667,0.20833333333333334,0.17708333333333334,0.15625,0.17708333333333334,3.4375,2.291666666666667,6.666666666666667,False,False,,False,,False,,False
Youssef Maleh,2022-2023,24,11,971,10.8,0,1,1,0,0,0,5,0,0.8999999999999999,0.8999999999999999,0.8999999999999999,1.7999999999999998,12,30,36,23,MULTI:Fiorentina|Lecce,MAR,MF,Midfielder,1,2,True,0.0,0.09259259259259259,0.09259259259259259,0.08333333333333331,0.08333333333333331,0.08333333333333331,1.111111111111111,2.7777777777777777,3.333333333333333,False,False,,False,,False,,False
Yıldırım Mert Çetin,2022-2023,1,1,20,0.2,0,0,0,0,0,0,0,0,0.0,0.0,0.0,0.0,0,0,0,25,Lecce,TUR,DF,Defender,1,1,False,0.0,0.0,0.0,0.0,0.0,0.0,0.0,0.0,0.0,True,False,,False,,False,,False
Zeki Çelik,2022-2023,24,16,1504,16.7,0,1,1,0,0,0,7,1,0.3,0.3,1.6,1.9,34,67,76,25,Roma,TUR,DF,Defender,1,1,False,0.0,0.059880239520958084,0.059880239520958084,0.017964071856287425,0.09580838323353294,0.017964071856287425,2.035928143712575,4.0119760479041915,4.550898203592815,False,False,,False,,False,,False
Zlatan Ibrahimović,2022-2023,4,1,146,1.6,1,0,1,0,1,1,0,0,1.2,0.4,0.2,0.6,0,4,10,40,Milan,SWE,FW,Forward,1,1,False,0.625,0.0,0.625,0.7499999999999999,0.125,0.25,0.0,2.5,6.25,True,False,,False,,False,,False
Ángel Di María,2022-2023,26,15,1363,15.1,4,4,8,3,1,1,1,1,3.1,2.3,4.5,6.7,56,96,95,34,Juventus,ARG,"FW,MF",Forward,2,1,False,0.26490066225165565,0.26490066225165565,0.5298013245033113,0.20529801324503313,0.2980132450331126,0.152317880794702,3.708609271523179,6.357615894039736,6.291390728476821,False,False,,False,,False,,False
Éderson,2022-2023,35,25,2215,24.6,1,1,2,1,0,0,4,0,2.0,2.0,2.3,4.2,37,93,62,23,Atalanta,BRA,MF,Midfielder,1,1,False,0.04065040650406504,0.04065040650406504,0.08130081300813008,0.08130081300813008,0.09349593495934957,0.08130081300813008,1.5040650406504064,3.7804878048780486,2.5203252032520322,False,False,,False,,False,,False
Þórir Jóhann Helgason,2022-2023,12,2,222,2.5,0,0,0,0,0,0,0,0,0.1,0.1,0.4,0.4,2,2,5,21,Lecce,ISL,MF,Midfielder,1,1,False,0.0,0.0,0.0,0.04,0.16,0.04,0.8,0.8,2.0,True,False,,False,,False,,False
Łukasz Skorupski,2022-2023,37,37,3330,37.0,0,0,0,0,0,0,4,0,0.0,0.0,0.0,0.0,0,0,0,31,Bologna,POL,GK,Goalkeeper,1,1,False,0.0,0.0,0.0,0.0,0.0,0.0,0.0,0.0,0.0,False,False,,False,,False,,False
Ștefan Radu,2022-2023,1,0,1,0.0,0,0,0,0,0,0,1,0,0.0,0.0,0.0,0.0,0,1,0,35,Lazio,ROU,FW,Forward,1,1,False,,,,,,,,,,True,False,,False,,False,,False
Aarón Martín,2023-2024,22,17,1376,15.3,0,1,1,0,0,0,4,1,0.2,0.2,1.7,1.9,28,35,72,26,Genoa,ESP,DF,Defender,1,1,False,0.0,0.06535947712418301,0.06535947712418301,0.013071895424836602,0.1111111111111111,0.013071895424836602,1.8300653594771241,2.287581699346405,4.705882352941177,False,False,,False,,False,,False
Abdou Harroui,2023-2024,18,13,1019,11.3,3,3,6,2,1,1,2,0,3.1,2.3,1.2,3.5,43,38,56,25,Frosinone,NED,"MF,FW",Midfielder,2,1,False,0.2654867256637168,0.2654867256637168,0.5309734513274336,0.2743362831858407,0.10619469026548671,0.20353982300884954,3.805309734513274,3.3628318584070795,4.95575221238938,False,False,,False,,False,,False
Adam Marušić,2023-2024,37,37,3100,34.4,1,0,1,1,0,0,3,1,0.4,0.4,0.8,1.2,35,118,108,30,Lazio,MNE,DF,Defender,1,1,False,0.029069767441860465,0.0,0.029069767441860465,0.011627906976744188,0.023255813953488375,0.011627906976744188,1.0174418604651163,3.430232558139535,3.1395348837209305,False,False,,False,,False,,False
Adam Masina,2023-2024,20,11,1088,12.1,0,0,0,0,0,0,2,0,0.30000000000000004,0.30000000000000004,0.2,0.5,3,43,9,29,MULTI:Torino|Udinese,MAR,DF,Defender,1,2,True,0.0,0.0,0.0,0.02479338842975207,0.01652892561983471,0.02479338842975207,0.24793388429752067,3.553719008264463,0.7438016528925621,False,False,,False,,False,,False
Adam Obert,2023-2024,17,10,941,10.5,0,0,0,0,0,0,1,0,0.1,0.1,0.9,1.1,14,37,5,20,Cagliari,SVK,DF,Defender,1,1,False,0.0,0.0,0.0,0.009523809523809525,0.08571428571428572,0.009523809523809525,1.3333333333333333,3.5238095238095237,0.47619047619047616,False,False,,False,,False,,False
Ademola Lookman,2023-2024,31,22,1894,21.0,11,7,18,11,0,0,4,0,9.1,9.1,5.2,14.3,72,97,222,25,Atalanta,NGA,"FW,MF",Forward,2,1,False,0.5238095238095238,0.3333333333333333,0.8571428571428571,0.4333333333333333,0.24761904761904763,0.4333333333333333,3.4285714285714284,4.619047619047619,10.571428571428571,False,False,,False,,False,,False
Adrien Rabiot,2023-2024,31,30,2651,29.5,5,3,8,5,0,0,8,0,3.5,3.4,4.1,7.4,72,120,106,28,Juventus,FRA,MF,Midfielder,1,1,False,0.1694915254237288,0.1016949152542373,0.2711864406779661,0.11864406779661017,0.13898305084745763,0.1152542372881356,2.440677966101695,4.067796610169491,3.593220338983051,False,False,,False,,False,,False
Adrien Tameze,2023-2024,29,25,2146,23.8,0,2,2,0,0,0,6,1,0.7,0.7,2.2,2.9,22,90,39,29,Torino,CMR,"DF,MF",Defender,2,1,False,0.0,0.08403361344537814,0.08403361344537814,0.02941176470588235,0.09243697478991597,0.02941176470588235,0.9243697478991596,3.7815126050420167,1.638655462184874,False,False,,False,,False,,False
Agustín Martegani,2023-2024,18,6,731,8.1,1,0,1,1,0,0,1,0,0.6,0.6,0.5,1.1,14,28,22,23,Salernitana,ARG,MF,Midfielder,1,1,False,0.1234567901234568,0.0,0.1234567901234568,0.07407407407407407,0.0617283950617284,0.07407407407407407,1.7283950617283952,3.4567901234567904,2.7160493827160495,False,False,,False,,False,,False
Ahmed Touba,2023-2024,6,3,277,3.1,0,0,0,0,0,0,1,0,0.0,0.0,0.0,0.0,0,2,1,25,Lecce,ALG,DF,Defender,1,1,False,0.0,0.0,0.0,0.0,0.0,0.0,0.0,0.6451612903225806,0.3225806451612903,True,False,,False,,False,,False
Alan Matturro,2023-2024,6,1,106,1.2,0,0,0,0,0,0,0,0,0.1,0.1,0.0,0.1,0,4,1,18,Genoa,URU,DF,Defender,1,1,False,0.0,0.0,0.0,0.08333333333333334,0.0,0.08333333333333334,0.0,3.3333333333333335,0.8333333333333334,True,False,,False,,False,,False
Albert Guðmundsson,2023-2024,35,34,3016,33.5,14,4,18,10,4,5,4,0,9.9,5.8,5.2,11.0,82,120,168,26,Genoa,ISL,"FW,MF",Forward,2,1,False,0.417910447761194,0.11940298507462686,0.5373134328358209,0.2955223880597015,0.15522388059701492,0.17313432835820894,2.4477611940298507,3.582089552238806,5.014925373134329,False,False,,False,,False,,False
Alberto Cerri,2023-2024,12,10,545,6.1,1,0,1,1,0,0,2,0,1.2,1.2,0.2,1.4,3,9,23,27,Empoli,ITA,FW,Forward,1,1,False,0.1639344262295082,0.0,0.1639344262295082,0.19672131147540983,0.03278688524590164,0.19672131147540983,0.49180327868852464,1.4754098360655739,3.7704918032786887,False,False,,False,,False,,False
Alberto Dossena,2023-2024,35,33,2977,33.1,2,4,6,2,0,0,5,0,2.2,2.2,2.1,4.3,9,89,2,24,Cagliari,ITA,DF,Defender,1,1,False,0.060422960725075525,0.12084592145015105,0.18126888217522658,0.06646525679758308,0.0634441087613293,0.06646525679758308,0.2719033232628399,2.688821752265861,0.060422960725075525,False,False,,False,,False,,False
Alberto Grassi,2023-2024,27,22,1807,20.1,0,1,1,0,0,0,6,1,1.1,1.1,0.6,1.7,13,75,13,28,Empoli,ITA,MF,Midfielder,1,1,False,0.0,0.04975124378109452,0.04975124378109452,0.05472636815920398,0.029850746268656712,0.05472636815920398,0.6467661691542288,3.731343283582089,0.6467661691542288,False,False,,False,,False,,False
Alejandro Jiménez,2023-2024,3,0,68,0.8,0,0,0,0,0,0,1,0,0.0,0.0,0.1,0.1,2,2,3,18,Milan,ESP,DF,Defender,1,1,False,0.0,0.0,0.0,0.0,0.125,0.0,2.5,2.5,3.75,True,False,,False,,False,,False
Aleksei Miranchuk,2023-2024,27,12,1176,13.1,3,5,8,3,0,0,1,0,5.4,5.4,4.1,9.5,41,75,122,27,Atalanta,RUS,"MF,FW",Midfielder,2,1,False,0.22900763358778625,0.3816793893129771,0.6106870229007634,0.4122137404580153,0.3129770992366412,0.4122137404580153,3.1297709923664123,5.7251908396946565,9.312977099236642,False,False,,False,,False,,False
Alessandro Bastoni,2023-2024,28,28,2268,25.2,1,3,4,1,0,0,5,0,1.2,1.2,3.4,4.6,63,142,77,24,Inter,ITA,DF,Defender,1,1,False,0.03968253968253968,0.11904761904761905,0.15873015873015872,0.047619047619047616,0.1349206349206349,0.047619047619047616,2.5,5.634920634920635,3.055555555555556,False,True,4.0,False,4.0,True,0,True
Alessandro Buongiorno,2023-2024,29,29,2527,28.1,3,0,3,3,0,0,7,0,1.6,1.6,0.1,1.7,14,62,10,24,Torino,ITA,DF,Defender,1,1,False,0.10676156583629892,0.0,0.10676156583629892,0.05693950177935943,0.0035587188612099642,0.05693950177935943,0.49822064056939497,2.206405693950178,0.3558718861209964,False,False,,False,,False,,False
Alessandro Deiola,2023-2024,27,19,1608,17.9,1,0,1,1,0,0,7,0,2.5,2.5,0.9,3.4,9,64,21,27,Cagliari,ITA,MF,Midfielder,1,1,False,0.0558659217877095,0.0,0.0558659217877095,0.13966480446927376,0.05027932960893855,0.13966480446927376,0.5027932960893855,3.575418994413408,1.1731843575418994,False,False,,False,,False,,False
Alessandro Dellavalle,2023-2024,1,0,15,0.2,0,0,0,0,0,0,0,0,0.0,0.0,0.0,0.0,0,1,0,19,Torino,ITA,DF,Defender,1,1,False,0.0,0.0,0.0,0.0,0.0,0.0,0.0,5.0,0.0,True,False,,False,,False,,False
Alessandro Di Pardo,2023-2024,15,2,359,4.0,0,0,0,0,0,0,0,0,0.1,0.1,0.2,0.3,6,11,19,24,Cagliari,ITA,"DF,MF",Defender,2,1,False,0.0,0.0,0.0,0.025,0.05,0.025,1.5,2.75,4.75,True,False,,False,,False,,False
Alessandro Florenzi,2023-2024,31,19,1732,19.2,1,4,5,1,0,0,5,0,1.7,1.7,3.4,5.1,29,106,50,32,Milan,ITA,DF,Defender,1,1,False,0.052083333333333336,0.20833333333333334,0.2604166666666667,0.08854166666666667,0.17708333333333334,0.08854166666666667,1.5104166666666667,5.520833333333334,2.604166666666667,False,False,,False,,False,,False
Alessandro Sorrentino,2023-2024,7,5,548,6.1,0,0,0,0,0,0,0,0,0.0,0.0,0.0,0.0,0,0,0,21,Monza,ITA,GK,Goalkeeper,1,1,False,0.0,0.0,0.0,0.0,0.0,0.0,0.0,0.0,0.0,False,False,,False,,False,,False
Alessandro Vogliacco,2023-2024,20,14,1169,13.0,0,1,1,0,0,0,4,0,0.4,0.4,0.5,0.9,8,49,12,24,Genoa,ITA,DF,Defender,1,1,False,0.0,0.07692307692307693,0.07692307692307693,0.03076923076923077,0.038461538461538464,0.03076923076923077,0.6153846153846154,3.769230769230769,0.9230769230769231,False,False,,False,,False,,False
Alessandro Zanoli,2023-2024,21,10,973,10.799999999999999,0,2,2,0,0,0,4,0,0.2,0.2,1.8,1.9,29,32,48,22,MULTI:Napoli|Salernitana,ITA,"DF,FW",Defender,2,2,True,0.0,0.1851851851851852,0.1851851851851852,0.01851851851851852,0.16666666666666669,0.01851851851851852,2.6851851851851856,2.9629629629629632,4.444444444444445,False,False,,False,,False,,False
Alessio Cragno,2023-2024,3,3,270,3.0,0,0,0,0,0,0,0,0,0.0,0.0,0.0,0.0,0,0,0,29,Sassuolo,ITA,GK,Goalkeeper,1,1,False,0.0,0.0,0.0,0.0,0.0,0.0,0.0,0.0,0.0,True,False,,False,,False,,False
Alessio Romagnoli,2023-2024,29,26,2411,26.8,0,0,0,0,0,0,9,0,0.6,0.6,0.6,1.1,7,87,2,28,Lazio,ITA,DF,Defender,1,1,False,0.0,0.0,0.0,0.022388059701492536,0.022388059701492536,0.022388059701492536,0.26119402985074625,3.246268656716418,0.07462686567164178,False,False,,False,,False,,False
Alessio Zerbin,2023-2024,20,8,834,9.299999999999999,0,1,1,0,0,0,2,1,0.6000000000000001,0.6000000000000001,1.4,2.1,23,23,64,24,MULTI:Monza|Napoli,ITA,"DF,FW",Defender,2,2,True,0.0,0.10752688172043012,0.10752688172043012,0.06451612903225808,0.15053763440860216,0.06451612903225808,2.473118279569893,2.473118279569893,6.881720430107528,False,False,,False,,False,,False
Alex Meret,2023-2024,31,31,2773,30.8,0,0,0,0,0,0,0,0,0.0,0.0,0.1,0.1,0,0,0,26,Napoli,ITA,GK,Goalkeeper,1,1,False,0.0,0.0,0.0,0.0,0.003246753246753247,0.0,0.0,0.0,0.0,False,False,,False,,False,,False
Alex Sandro,2023-2024,16,8,721,8.0,1,0,1,1,0,0,1,0,0.4,0.4,0.9,1.3,16,43,9,32,Juventus,BRA,DF,Defender,1,1,False,0.125,0.0,0.125,0.05,0.1125,0.05,2.0,5.375,1.125,False,False,,False,,False,,False
Alexis Blin,2023-2024,31,16,1642,18.2,0,2,2,0,0,0,4,0,1.1,1.1,0.7,1.8,7,60,11,26,Lecce,FRA,MF,Midfielder,1,1,False,0.0,0.10989010989010989,0.10989010989010989,0.06043956043956045,0.038461538461538464,0.06043956043956045,0.38461538461538464,3.296703296703297,0.6043956043956045,False,False,,False,,False,,False
Alexis Saelemaekers,2023-2024,30,21,1887,21.0,4,2,6,4,0,0,7,1,2.6,2.6,2.8,5.5,65,77,180,24,Bologna,BEL,"FW,MF",Forward,2,1,False,0.19047619047619047,0.09523809523809523,0.2857142857142857,0.12380952380952381,0.13333333333333333,0.12380952380952381,3.0952380952380953,3.6666666666666665,8.571428571428571,False,False,,False,,False,,False
Alexis Sánchez,2023-2024,23,6,763,8.5,2,5,7,1,1,1,0,0,3.2,2.5,3.1,5.6,16,53,58,34,Inter,CHI,"FW,MF",Forward,2,1,False,0.23529411764705882,0.5882352941176471,0.8235294117647058,0.3764705882352941,0.3647058823529412,0.29411764705882354,1.8823529411764706,6.235294117647059,6.823529411764706,False,True,0.0,False,0.0,True,1,True
Alfred Duncan,2023-2024,30,24,1888,21.0,2,5,7,2,0,0,2,0,1.5,1.5,2.0,3.5,23,133,47,30,Fiorentina,GHA,MF,Midfielder,1,1,False,0.09523809523809523,0.23809523809523808,0.3333333333333333,0.07142857142857142,0.09523809523809523,0.07142857142857142,1.0952380952380953,6.333333333333333,2.238095238095238,False,False,,False,,False,,False
Alphadjo Cissè,2023-2024,1,0,8,0.1,0,0,0,0,0,0,0,0,0.0,0.0,0.0,0.0,0,0,0,16,Hellas Verona,ITA,FW,Forward,1,1,False,0.0,0.0,0.0,0.0,0.0,0.0,0.0,0.0,0.0,True,False,,False,,False,,False
Amir Rrahmani,2023-2024,30,30,2600,28.9,3,0,3,3,0,0,5,0,2.2,2.2,0.9,3.1,19,113,4,29,Napoli,KVX,DF,Defender,1,1,False,0.10380622837370243,0.0,0.10380622837370243,0.07612456747404846,0.03114186851211073,0.07612456747404846,0.6574394463667821,3.910034602076125,0.1384083044982699,False,False,,False,,False,,False
Andre-Frank Zambo Anguissa,2023-2024,34,32,2786,31.0,0,2,2,0,0,0,2,0,3.4,3.3,3.0,6.3,43,163,139,27,Napoli,CMR,MF,Midfielder,1,1,False,0.0,0.06451612903225806,0.06451612903225806,0.10967741935483871,0.0967741935483871,0.1064516129032258,1.3870967741935485,5.258064516129032,4.483870967741935,False,False,,False,,False,,False
Andrea Belotti,2023-2024,29,17,1628,18.0,6,2,8,6,0,0,1,0,6.1,6.1,1.9,8.0,25,23,109,29,MULTI:Fiorentina|Roma,ITA,FW,Forward,1,2,True,0.3333333333333333,0.1111111111111111,0.4444444444444444,0.33888888888888885,0.10555555555555556,0.33888888888888885,1.3888888888888888,1.2777777777777777,6.055555555555555,False,False,,False,,False,,False
Andrea Cambiaso,2023-2024,34,28,2372,26.4,2,3,5,2,0,0,10,0,2.2,2.2,3.9,6.0,87,71,172,23,Juventus,ITA,"DF,FW",Defender,2,1,False,0.07575757575757576,0.11363636363636365,0.1893939393939394,0.08333333333333334,0.14772727272727273,0.08333333333333334,3.2954545454545454,2.6893939393939394,6.515151515151516,False,False,,False,,False,,False
Andrea Carboni,2023-2024,21,16,1487,16.5,1,0,1,1,0,0,1,0,1.2,1.2,0.5,1.7,13,46,22,22,Monza,ITA,DF,Defender,1,1,False,0.06060606060606061,0.0,0.06060606060606061,0.07272727272727272,0.030303030303030304,0.07272727272727272,0.7878787878787878,2.787878787878788,1.3333333333333333,False,False,,False,,False,,False
Andrea Colpani,2023-2024,38,36,2657,29.5,8,4,12,8,0,0,1,0,4.8,4.8,5.0,9.8,90,120,193,24,Monza,ITA,"MF,FW",Midfielder,2,1,False,0.2711864406779661,0.13559322033898305,0.4067796610169492,0.16271186440677965,0.1694915254237288,0.16271186440677965,3.0508474576271185,4.067796610169491,6.5423728813559325,False,False,,False,,False,,False
Andrea Consigli,2023-2024,35,35,3150,35.0,0,0,0,0,0,0,1,0,0.0,0.0,0.0,0.0,0,1,0,36,Sassuolo,ITA,GK,Goalkeeper,1,1,False,0.0,0.0,0.0,0.0,0.0,0.0,0.0,0.02857142857142857,0.0,False,False,,False,,False,,False
Andrea Ferraris,2023-2024,1,0,10,0.1,0,0,0,0,0,0,0,0,0.0,0.0,0.0,0.0,0,1,0,20,Monza,ITA,MF,Midfielder,1,1,False,0.0,0.0,0.0,0.0,0.0,0.0,0.0,10.0,0.0,True,False,,False,,False,,False
Andrea Petagna,2023-2024,18,13,995,11.1,1,1,2,1,0,0,2,0,1.6,1.6,1.0,2.6,11,14,56,28,Cagliari,ITA,FW,Forward,1,1,False,0.0900900900900901,0.0900900900900901,0.1801801801801802,0.14414414414414414,0.0900900900900901,0.14414414414414414,0.990990990990991,1.2612612612612613,5.045045045045045,False,False,,False,,False,,False
Andrea Pinamonti,2023-2024,38,37,3076,34.2,11,1,12,9,2,3,4,0,8.9,6.6,1.9,8.4,17,45,165,24,Sassuolo,ITA,FW,Forward,1,1,False,0.3216374269005848,0.029239766081871343,0.3508771929824561,0.260233918128655,0.055555555555555546,0.19298245614035084,0.49707602339181284,1.3157894736842104,4.824561403508771,False,False,,False,,False,,False
Andrea Sodero,2023-2024,1,0,5,0.1,0,0,0,0,0,0,0,0,0.0,0.0,0.0,0.0,0,0,1,18,Empoli,ITA,MF,Midfielder,1,1,False,0.0,0.0,0.0,0.0,0.0,0.0,0.0,0.0,10.0,True,False,,False,,False,,False
Andres Sfait,2023-2024,2,0,23,0.3,0,0,0,0,0,0,0,0,0.0,0.0,0.1,0.1,1,1,2,18,Salernitana,ROU,"DF,MF",Defender,2,1,False,0.0,0.0,0.0,0.0,0.33333333333333337,0.0,3.3333333333333335,3.3333333333333335,6.666666666666667,True,False,,False,,False,,False
Angeliño,2023-2024,16,14,1141,12.7,0,1,1,0,0,0,2,0,0.2,0.2,1.6,1.7,12,40,55,26,Roma,ESP,DF,Defender,1,1,False,0.0,0.07874015748031496,0.07874015748031496,0.015748031496062995,0.12598425196850396,0.015748031496062995,0.9448818897637796,3.1496062992125986,4.330708661417323,False,False,,False,,False,,False
Anthony Oyono,2023-2024,16,14,1198,13.3,0,1,1,0,0,0,4,0,0.1,0.1,0.9,1.0,35,33,39,22,Frosinone,GAB,DF,Defender,1,1,False,0.0,0.07518796992481203,0.07518796992481203,0.007518796992481203,0.06766917293233082,0.007518796992481203,2.631578947368421,2.481203007518797,2.932330827067669,False,False,,False,,False,,False
Antoine Makoumbou,2023-2024,32,32,2702,30.0,1,0,1,1,0,0,5,2,0.7,0.7,0.9,1.6,37,137,52,25,Cagliari,CGO,MF,Midfielder,1,1,False,0.03333333333333333,0.0,0.03333333333333333,0.02333333333333333,0.030000000000000002,0.02333333333333333,1.2333333333333334,4.566666666666666,1.7333333333333334,False,False,,False,,False,,False
Antonino Gallo,2023-2024,35,30,2490,27.7,0,3,3,0,0,0,2,0,0.5,0.5,4.5,5.0,69,125,101,23,Lecce,ITA,DF,Defender,1,1,False,0.0,0.10830324909747292,0.10830324909747292,0.018050541516245487,0.1624548736462094,0.018050541516245487,2.490974729241877,4.512635379061372,3.6462093862815887,False,False,,False,,False,,False
Antonio Candreva,2023-2024,34,32,2750,30.6,6,6,12,5,1,1,5,0,4.9,4.1,5.0,9.1,67,149,182,36,Salernitana,ITA,"MF,FW",Midfielder,2,1,False,0.19607843137254902,0.19607843137254902,0.39215686274509803,0.16013071895424838,0.16339869281045752,0.13398692810457516,2.1895424836601305,4.869281045751634,5.947712418300653,False,False,,False,,False,,False
Antonio Mirante,2023-2024,2,2,177,2.0,0,0,0,0,0,0,0,0,0.0,0.0,0.0,0.0,0,0,0,40,Milan,ITA,GK,Goalkeeper,1,1,False,0.0,0.0,0.0,0.0,0.0,0.0,0.0,0.0,0.0,True,False,,False,,False,,False
Antonio Sanabria,2023-2024,35,23,2133,23.7,5,0,5,3,2,2,2,0,9.3,7.7,1.4,9.1,19,57,109,27,Torino,PAR,"FW,MF",Forward,2,1,False,0.2109704641350211,0.0,0.2109704641350211,0.3924050632911393,0.05907172995780591,0.3248945147679325,0.8016877637130801,2.4050632911392404,4.59915611814346,False,False,,False,,False,,False
Antonio Tikvić,2023-2024,1,0,1,0.0,0,0,0,0,0,0,0,0,0.0,0.0,0.0,0.0,0,0,0,19,Udinese,CRO,DF,Defender,1,1,False,,,,,,,,,,True,False,,False,,False,,False
Antonín Barák,2023-2024,21,8,808,9.0,2,3,5,2,0,0,2,0,1.5,1.5,2.2,3.8,17,33,64,28,Fiorentina,CZE,"MF,FW",Midfielder,2,1,False,0.2222222222222222,0.3333333333333333,0.5555555555555556,0.16666666666666666,0.24444444444444446,0.16666666666666666,1.8888888888888888,3.6666666666666665,7.111111111111111,False,False,,False,,False,,False
Ardian Ismajli,2023-2024,26,23,2045,22.7,0,0,0,0,0,0,2,0,0.3,0.3,0.1,0.4,9,49,3,26,Empoli,ALB,DF,Defender,1,1,False,0.0,0.0,0.0,0.013215859030837005,0.004405286343612335,0.013215859030837005,0.39647577092511016,2.158590308370044,0.13215859030837004,False,False,,False,,False,,False
Arijon Ibrahimović,2023-2024,16,5,474,5.3,1,1,2,1,0,0,1,0,0.8,0.8,0.7,1.5,10,22,54,17,Frosinone,GER,"FW,DF",Forward,2,1,False,0.18867924528301888,0.18867924528301888,0.37735849056603776,0.15094339622641512,0.1320754716981132,0.15094339622641512,1.8867924528301887,4.150943396226415,10.18867924528302,False,False,,False,,False,,False
Arkadiusz Milik,2023-2024,32,7,919,10.2,4,1,5,4,0,0,2,1,5.1,5.1,2.6,7.7,12,22,49,29,Juventus,POL,FW,Forward,1,1,False,0.3921568627450981,0.09803921568627452,0.4901960784313726,0.5,0.25490196078431376,0.5,1.1764705882352942,2.1568627450980395,4.803921568627452,False,False,,False,,False,,False
Armand Lauriente,2023-2024,37,35,2908,32.3,5,4,9,5,0,0,5,0,5.7,5.7,4.0,9.7,125,99,268,24,Sassuolo,FRA,FW,Forward,1,1,False,0.15479876160990713,0.12383900928792571,0.2786377708978328,0.17647058823529413,0.12383900928792571,0.17647058823529413,3.8699690402476783,3.0650154798761613,8.297213622291022,False,False,,False,,False,,False
Armando Izzo,2023-2024,23,20,1650,18.3,0,0,0,0,0,0,9,0,0.7,0.7,0.5,1.1,15,59,7,31,Monza,ITA,DF,Defender,1,1,False,0.0,0.0,0.0,0.03825136612021857,0.0273224043715847,0.03825136612021857,0.819672131147541,3.2240437158469946,0.3825136612021858,False,False,,False,,False,,False
Arthur Melo,2023-2024,33,23,1986,22.1,2,3,5,1,1,1,2,0,1.0,0.3,1.7,2.0,21,133,27,26,Fiorentina,BRA,MF,Midfielder,1,1,False,0.09049773755656108,0.13574660633484162,0.2262443438914027,0.04524886877828054,0.07692307692307691,0.013574660633484162,0.9502262443438914,6.018099547511312,1.2217194570135745,False,False,,False,,False,,False
Axel Guessand,2023-2024,1,0,45,0.5,0,0,0,0,0,0,0,0,0.0,0.0,0.0,0.0,1,1,1,18,Udinese,FRA,DF,Defender,1,1,False,0.0,0.0,0.0,0.0,0.0,0.0,2.0,2.0,2.0,True,False,,False,,False,,False
Bartosz Bereszyński,2023-2024,24,22,1762,19.6,0,1,1,0,0,0,3,0,0.1,0.1,0.3,0.4,15,69,18,31,Empoli,POL,DF,Defender,1,1,False,0.0,0.0510204081632653,0.0510204081632653,0.00510204081632653,0.01530612244897959,0.00510204081632653,0.7653061224489796,3.520408163265306,0.9183673469387754,False,False,,False,,False,,False
Benjamin Pavard,2023-2024,23,21,1672,18.6,0,2,2,0,0,0,6,0,0.7,0.7,1.4,2.1,25,89,47,27,Inter,FRA,DF,Defender,1,1,False,0.0,0.1075268817204301,0.1075268817204301,0.03763440860215053,0.07526881720430106,0.03763440860215053,1.3440860215053763,4.784946236559139,2.5268817204301075,False,True,4.0,False,4.0,True,0,True
Benoît Costil,2023-2024,13,13,1170,13.0,0,0,0,0,0,0,0,0,0.0,0.0,0.0,0.0,0,0,0,36,Salernitana,FRA,GK,Goalkeeper,1,1,False,0.0,0.0,0.0,0.0,0.0,0.0,0.0,0.0,0.0,False,False,,False,,False,,False
Berat Djimsiti,2023-2024,37,32,2832,31.5,0,1,1,0,0,0,5,0,0.8,0.8,0.7,1.5,6,79,10,30,Atalanta,ALB,DF,Defender,1,1,False,0.0,0.031746031746031744,0.031746031746031744,0.025396825396825397,0.02222222222222222,0.025396825396825397,0.19047619047619047,2.507936507936508,0.31746031746031744,False,False,,False,,False,,False
Berkan Kutlu,2023-2024,6,0,199,2.2,0,0,0,0,0,0,0,0,0.2,0.2,0.3,0.4,4,5,9,25,Genoa,TUR,MF,Midfielder,1,1,False,0.0,0.0,0.0,0.09090909090909091,0.13636363636363635,0.09090909090909091,1.8181818181818181,2.2727272727272725,4.090909090909091,True,False,,False,,False,,False
Beto,2023-2024,1,1,74,0.8,0,0,0,0,0,0,0,0,0.0,0.0,0.3,0.3,0,2,5,25,Udinese,GNB,FW,Forward,1,1,False,0.0,0.0,0.0,0.0,0.37499999999999994,0.0,0.0,2.5,6.25,True,False,,False,,False,,False
Boris Radunović,2023-2024,7,7,630,7.0,0,0,0,0,0,0,0,0,0.0,0.0,0.0,0.0,0,0,0,27,Cagliari,SRB,GK,Goalkeeper,1,1,False,0.0,0.0,0.0,0.0,0.0,0.0,0.0,0.0,0.0,False,False,,False,,False,,False
Boulaye Dia,2023-2024,17,12,1143,12.7,4,0,4,3,1,1,1,0,3.9,3.1,0.5,3.6,18,22,57,26,Salernitana,SEN,"FW,MF",Forward,2,1,False,0.31496062992125984,0.0,0.31496062992125984,0.30708661417322836,0.03937007874015748,0.2440944881889764,1.4173228346456694,1.7322834645669292,4.488188976377953,False,False,,False,,False,,False
Brandon Soppy,2023-2024,5,2,178,2.0,0,0,0,0,0,0,0,0,0.0,0.0,0.1,0.1,9,6,3,21,Torino,FRA,DF,Defender,1,1,False,0.0,0.0,0.0,0.0,0.05,0.0,4.5,3.0,1.5,True,False,,False,,False,,False
Brenner,2023-2024,8,2,189,2.1,0,0,0,0,0,0,0,0,0.4,0.4,0.0,0.4,6,8,10,23,Udinese,BRA,"MF,FW",Midfielder,2,1,False,0.0,0.0,0.0,0.19047619047619047,0.0,0.19047619047619047,2.857142857142857,3.8095238095238093,4.761904761904762,True,False,,False,,False,,False
Bruno Amione,2023-2024,10,7,579,6.4,0,0,0,0,0,0,2,0,0.3,0.3,0.0,0.3,2,17,2,21,Hellas Verona,ARG,DF,Defender,1,1,False,0.0,0.0,0.0,0.04687499999999999,0.0,0.04687499999999999,0.3125,2.65625,0.3125,False,False,,False,,False,,False
Bryan Cristante,2023-2024,37,37,3289,36.5,3,4,7,3,0,0,8,0,4.0,4.0,2.9,6.9,47,234,80,28,Roma,ITA,"MF,DF",Midfielder,2,1,False,0.0821917808219178,0.1095890410958904,0.1917808219178082,0.1095890410958904,0.07945205479452054,0.1095890410958904,1.2876712328767124,6.410958904109589,2.191780821917808,False,False,,False,,False,,False
Caleb Ekuban,2023-2024,29,10,1131,12.6,4,1,5,4,0,0,0,0,2.9,2.9,1.4,4.2,14,15,93,29,Genoa,GHA,FW,Forward,1,1,False,0.31746031746031744,0.07936507936507936,0.39682539682539686,0.23015873015873015,0.1111111111111111,0.23015873015873015,1.1111111111111112,1.1904761904761905,7.380952380952381,False,False,,False,,False,,False
Caleb Okoli,2023-2024,34,32,2914,32.4,0,1,1,0,0,0,9,0,0.6,0.6,0.8,1.4,22,118,4,22,Frosinone,ITA,DF,Defender,1,1,False,0.0,0.0308641975308642,0.0308641975308642,0.018518518518518517,0.02469135802469136,0.018518518518518517,0.6790123456790124,3.6419753086419755,0.1234567901234568,False,False,,False,,False,,False
Carlo Pinsoglio,2023-2024,1,0,45,0.5,0,0,0,0,0,0,0,0,0.0,0.0,0.0,0.0,0,0,0,33,Juventus,ITA,GK,Goalkeeper,1,1,False,0.0,0.0,0.0,0.0,0.0,0.0,0.0,0.0,0.0,True,False,,False,,False,,False
Carlos Alcaraz,2023-2024,10,3,380,4.2,0,1,1,0,0,0,0,0,0.4,0.4,0.1,0.5,6,27,9,20,Juventus,ARG,MF,Midfielder,1,1,False,0.0,0.23809523809523808,0.23809523809523808,0.09523809523809523,0.023809523809523808,0.09523809523809523,1.4285714285714286,6.428571428571428,2.142857142857143,True,False,,False,,False,,False
Carlos Augusto,2023-2024,37,14,1725,19.2,0,3,3,0,0,0,1,0,1.0,1.0,2.8,3.9,42,54,88,24,Inter,BRA,DF,Defender,1,1,False,0.0,0.15625,0.15625,0.052083333333333336,0.14583333333333334,0.052083333333333336,2.1875,2.8125,4.583333333333334,False,True,,True,-1.0,True,0,True
Chaka Traorè,2023-2024,2,0,20,0.2,1,0,1,1,0,0,0,0,0.1,0.1,0.0,0.1,2,0,2,18,Milan,CIV,FW,Forward,1,1,False,5.0,0.0,5.0,0.5,0.0,0.5,10.0,0.0,10.0,True,False,,False,,False,,False
Charalampos Lykogiannis,2023-2024,22,10,904,10.0,2,1,3,2,0,0,2,0,1.3,1.3,1.6,2.9,36,35,41,29,Bologna,GRE,DF,Defender,1,1,False,0.2,0.1,0.3,0.13,0.16,0.13,3.6,3.5,4.1,False,False,,False,,False,,False
Charles De Ketelaere,2023-2024,35,25,2026,22.5,10,8,18,9,1,1,1,0,7.1,6.3,6.1,12.4,88,126,219,22,Atalanta,BEL,"FW,MF",Forward,2,1,False,0.4444444444444444,0.35555555555555557,0.8,0.31555555555555553,0.2711111111111111,0.27999999999999997,3.911111111111111,5.6,9.733333333333333,False,False,,False,,False,,False
Charlys,2023-2024,2,0,25,0.3,0,0,0,0,0,0,0,0,0.0,0.0,0.0,0.0,0,1,0,19,Hellas Verona,BRA,MF,Midfielder,1,1,False,0.0,0.0,0.0,0.0,0.0,0.0,0.0,3.3333333333333335,0.0,True,False,,False,,False,,False
Chris Smalling,2023-2024,8,4,390,4.3,0,0,0,0,0,0,0,0,0.0,0.0,0.4,0.4,1,13,2,33,Roma,ENG,DF,Defender,1,1,False,0.0,0.0,0.0,0.0,0.0930232558139535,0.0,0.23255813953488372,3.0232558139534884,0.46511627906976744,True,False,,False,,False,,False
Christian Kabasele,2023-2024,13,10,861,9.6,1,1,2,1,0,0,5,0,1.2,1.2,0.5,1.6,7,22,1,32,Udinese,BEL,DF,Defender,1,1,False,0.10416666666666667,0.10416666666666667,0.20833333333333334,0.125,0.052083333333333336,0.125,0.7291666666666667,2.291666666666667,0.10416666666666667,False,False,,False,,False,,False
Christian Kouamé,2023-2024,23,11,1089,12.1,2,1,3,2,0,0,0,0,1.9,1.9,1.8,3.7,12,41,110,25,Fiorentina,CIV,FW,Forward,1,1,False,0.1652892561983471,0.08264462809917356,0.24793388429752067,0.15702479338842976,0.1487603305785124,0.15702479338842976,0.9917355371900827,3.388429752066116,9.090909090909092,False,False,,False,,False,,False
Christian Pulisic,2023-2024,36,32,2602,28.9,12,8,20,12,0,0,2,0,8.0,8.0,4.8,12.8,131,87,293,24,Milan,USA,"FW,MF",Forward,2,1,False,0.4152249134948097,0.2768166089965398,0.6920415224913495,0.2768166089965398,0.16608996539792387,0.2768166089965398,4.53287197231834,3.01038062283737,10.13840830449827,False,False,,False,,False,,False
Christos Mandas,2023-2024,9,8,721,8.0,0,0,0,0,0,0,0,0,0.0,0.0,0.0,0.0,0,0,0,21,Lazio,GRE,GK,Goalkeeper,1,1,False,0.0,0.0,0.0,0.0,0.0,0.0,0.0,0.0,0.0,False,False,,False,,False,,False
Christos Papadopoulos,2023-2024,1,0,4,0.0,0,0,0,0,0,0,0,0,0.0,0.0,0.0,0.0,0,0,0,18,Genoa,GRE,FW,Forward,1,1,False,,,,,,,,,,True,False,,False,,False,,False
Chukwubuikem Ikwuemesi,2023-2024,25,11,1061,11.8,1,1,2,1,0,0,2,0,2.4,2.4,0.7,3.1,11,10,70,21,Salernitana,NGA,FW,Forward,1,1,False,0.0847457627118644,0.0847457627118644,0.1694915254237288,0.20338983050847456,0.05932203389830508,0.20338983050847456,0.9322033898305084,0.847457627118644,5.932203389830508,False,False,,False,,False,,False
Ciro Immobile,2023-2024,31,21,1652,18.4,7,1,8,3,4,4,8,0,9.7,6.6,2.1,8.6,19,39,123,33,Lazio,ITA,FW,Forward,1,1,False,0.3804347826086957,0.05434782608695653,0.4347826086956522,0.5271739130434783,0.1141304347826087,0.358695652173913,1.032608695652174,2.1195652173913047,6.684782608695652,False,False,,False,,False,,False
Cristian Volpato,2023-2024,22,5,645,7.2,1,0,1,1,0,0,1,0,0.5,0.5,1.4,1.9,34,53,49,19,Sassuolo,ITA,"MF,FW",Midfielder,2,1,False,0.1388888888888889,0.0,0.1388888888888889,0.06944444444444445,0.19444444444444442,0.06944444444444445,4.722222222222222,7.361111111111111,6.805555555555555,False,False,,False,,False,,False
Cristiano Biraghi,2023-2024,29,27,2356,26.2,2,5,7,2,0,1,8,0,1.6,0.8,3.6,4.4,55,129,109,30,Fiorentina,ITA,DF,Defender,1,1,False,0.07633587786259542,0.19083969465648856,0.26717557251908397,0.06106870229007634,0.13740458015267176,0.03053435114503817,2.099236641221374,4.923664122137405,4.1603053435114505,False,False,,False,,False,,False
Cyril Ngonge,2023-2024,32,18,1746,19.4,7,2,9,7,0,0,6,0,5.2,4.4,2.5,6.8999999999999995,71,55,160,23,MULTI:Hellas Verona|Napoli,BEL,"FW,MF",Forward,2,2,True,0.3608247422680413,0.10309278350515465,0.4639175257731959,0.2680412371134021,0.1288659793814433,0.22680412371134023,3.65979381443299,2.8350515463917527,8.247422680412372,False,False,,False,,False,,False
Daichi Kamada,2023-2024,29,17,1544,17.2,2,2,4,2,0,0,3,0,1.8,1.8,2.8,4.6,40,96,78,26,Lazio,JPN,MF,Midfielder,1,1,False,0.11627906976744186,0.11627906976744186,0.23255813953488372,0.10465116279069768,0.1627906976744186,0.10465116279069768,2.3255813953488373,5.5813953488372094,4.534883720930233,False,False,,False,,False,,False
Dan Ndoye,2023-2024,32,20,1771,19.7,1,1,2,1,0,0,4,0,4.9,4.9,1.8,6.6,88,36,173,22,Bologna,SUI,"FW,MF",Forward,2,1,False,0.050761421319796954,0.050761421319796954,0.10152284263959391,0.2487309644670051,0.09137055837563453,0.2487309644670051,4.467005076142132,1.8274111675126905,8.781725888324873,False,False,,False,,False,,False
Daniel Bandeira,2023-2024,14,3,446,5.0,0,0,0,0,0,0,2,0,0.1,0.1,0.2,0.3,9,34,8,23,Hellas Verona,POR,MF,Midfielder,1,1,False,0.0,0.0,0.0,0.02,0.04,0.02,1.8,6.8,1.6,True,False,,False,,False,,False
Daniel Boloca,2023-2024,30,23,2022,22.5,1,0,1,1,0,0,6,1,0.5,0.5,0.4,0.9,27,109,17,24,Sassuolo,ROU,MF,Midfielder,1,1,False,0.044444444444444446,0.0,0.044444444444444446,0.022222222222222223,0.017777777777777778,0.022222222222222223,1.2,4.844444444444444,0.7555555555555555,False,False,,False,,False,,False
Daniel Maldini,2023-2024,18,5,596,6.6,4,1,5,4,0,0,1,0,1.6,1.6,1.2,2.6999999999999997,22,20,32,21,MULTI:Empoli|Monza,ITA,"FW,MF",Midfielder,2,2,True,0.6060606060606061,0.15151515151515152,0.7575757575757576,0.24242424242424246,0.18181818181818182,0.24242424242424246,3.3333333333333335,3.0303030303030303,4.848484848484849,False,False,,False,,False,,False
Daniele Rugani,2023-2024,17,13,1187,13.2,2,0,2,2,0,0,2,0,1.6,1.6,0.4,2.0,2,46,2,29,Juventus,ITA,DF,Defender,1,1,False,0.15151515151515152,0.0,0.15151515151515152,0.12121212121212123,0.030303030303030307,0.12121212121212123,0.15151515151515152,3.484848484848485,0.15151515151515152,False,False,,False,,False,,False
Daniele Sommariva,2023-2024,1,0,5,0.1,0,0,0,0,0,0,0,0,0.0,0.0,0.0,0.0,0,0,0,26,Genoa,ITA,GK,Goalkeeper,1,1,False,0.0,0.0,0.0,0.0,0.0,0.0,0.0,0.0,0.0,True,False,,False,,False,,False
Danilo,2023-2024,29,27,2452,27.2,1,1,2,1,0,0,7,0,1.3,1.3,0.9,2.2,18,161,21,32,Juventus,BRA,DF,Defender,1,1,False,0.03676470588235294,0.03676470588235294,0.07352941176470588,0.04779411764705883,0.03308823529411765,0.04779411764705883,0.6617647058823529,5.919117647058823,0.7720588235294118,False,False,,False,,False,,False
Danilo Cataldi,2023-2024,28,15,1361,15.1,1,0,1,1,0,0,8,0,0.4,0.4,0.8,1.1,9,69,7,28,Lazio,ITA,MF,Midfielder,1,1,False,0.06622516556291391,0.0,0.06622516556291391,0.026490066225165566,0.05298013245033113,0.026490066225165566,0.5960264900662252,4.569536423841059,0.4635761589403974,False,False,,False,,False,,False
Danilo D'Ambrosio,2023-2024,24,16,1536,17.1,0,0,0,0,0,0,5,1,0.7,0.7,0.2,0.8,12,61,25,34,Monza,ITA,DF,Defender,1,1,False,0.0,0.0,0.0,0.040935672514619874,0.011695906432748537,0.040935672514619874,0.7017543859649122,3.567251461988304,1.461988304093567,False,False,,False,,False,,False
Dany Mota,2023-2024,34,24,2049,22.8,4,3,7,4,0,0,3,0,3.6,3.6,3.0,6.5,112,57,152,25,Monza,POR,"FW,MF",Forward,2,1,False,0.17543859649122806,0.13157894736842105,0.30701754385964913,0.15789473684210525,0.13157894736842105,0.15789473684210525,4.912280701754386,2.5,6.666666666666666,False,False,,False,,False,,False
Darko Lazović,2023-2024,32,22,1928,21.4,3,2,5,2,1,1,0,1,2.8,2.0,4.4,6.4,43,66,139,32,Hellas Verona,SRB,"FW,MF",Forward,2,1,False,0.14018691588785048,0.09345794392523366,0.23364485981308414,0.1308411214953271,0.20560747663551404,0.09345794392523366,2.0093457943925235,3.0841121495327104,6.4953271028037385,False,False,,False,,False,,False
David Akpan Ankeye,2023-2024,6,0,57,0.6,0,0,0,0,0,0,0,0,0.0,0.0,0.0,0.0,3,1,2,21,Genoa,NGA,FW,Forward,1,1,False,0.0,0.0,0.0,0.0,0.0,0.0,5.0,1.6666666666666667,3.3333333333333335,True,False,,False,,False,,False
David Okereke,2023-2024,9,3,252,2.8,0,0,0,0,0,0,0,0,0.2,0.2,0.1,0.4,8,7,23,25,Torino,NGA,"FW,MF",Forward,2,1,False,0.0,0.0,0.0,0.07142857142857144,0.03571428571428572,0.07142857142857144,2.857142857142857,2.5,8.214285714285715,True,False,,False,,False,,False
David Zima,2023-2024,5,0,91,1.0,0,0,0,0,0,0,0,0,0.0,0.0,0.0,0.0,1,1,0,22,Torino,CZE,DF,Defender,1,1,False,0.0,0.0,0.0,0.0,0.0,0.0,1.0,1.0,0.0,True,False,,False,,False,,False
Davide Bartesaghi,2023-2024,6,0,79,0.9,0,0,0,0,0,0,0,0,0.0,0.0,0.0,0.0,1,3,4,17,Milan,ITA,"DF,MF",Defender,2,1,False,0.0,0.0,0.0,0.0,0.0,0.0,1.1111111111111112,3.333333333333333,4.444444444444445,True,False,,False,,False,,False
Davide Bettella,2023-2024,1,0,3,0.0,0,0,0,0,0,0,0,0,0.0,0.0,0.0,0.0,0,0,0,23,Monza,ITA,MF,Midfielder,1,1,False,,,,,,,,,,True,False,,False,,False,,False
Davide Biraschi,2023-2024,1,1,90,1.0,1,0,1,1,0,0,0,0,0.1,0.1,0.0,0.1,0,5,4,29,Genoa,ITA,DF,Defender,1,1,False,1.0,0.0,1.0,0.1,0.0,0.1,0.0,5.0,4.0,True,False,,False,,False,,False
Davide Calabria,2023-2024,29,26,2185,24.3,1,3,4,1,0,0,5,2,1.3,1.3,1.2,2.5,31,140,66,26,Milan,ITA,DF,Defender,1,1,False,0.0411522633744856,0.12345679012345678,0.1646090534979424,0.053497942386831275,0.04938271604938271,0.053497942386831275,1.2757201646090535,5.761316872427983,2.7160493827160495,False,False,,False,,False,,False
Davide Faraoni,2023-2024,19,11,994,11.100000000000001,0,2,2,0,0,0,5,0,0.5,0.5,0.8,1.3,20,45,47,31,MULTI:Fiorentina|Hellas Verona,ITA,DF,Defender,1,2,True,0.0,0.18018018018018014,0.18018018018018014,0.045045045045045036,0.07207207207207207,0.045045045045045036,1.8018018018018016,4.0540540540540535,4.234234234234234,False,False,,False,,False,,False
Davide Frattesi,2023-2024,32,6,955,10.6,6,3,9,6,0,0,1,0,7.1,7.1,1.9,9.0,27,37,40,23,Inter,ITA,MF,Midfielder,1,1,False,0.5660377358490566,0.2830188679245283,0.8490566037735849,0.6698113207547169,0.1792452830188679,0.6698113207547169,2.547169811320755,3.4905660377358494,3.7735849056603774,False,True,,True,-1.0,True,0,True
Davide Zappacosta,2023-2024,31,23,1867,20.7,2,1,3,2,0,0,5,0,2.2,2.2,1.4,3.7,67,78,132,31,Atalanta,ITA,DF,Defender,1,1,False,0.0966183574879227,0.04830917874396135,0.14492753623188406,0.10628019323671499,0.06763285024154589,0.10628019323671499,3.236714975845411,3.768115942028986,6.3768115942028984,False,False,,False,,False,,False
Davy Klaassen,2023-2024,13,1,206,2.3,0,0,0,0,0,0,1,0,0.1,0.1,0.2,0.3,1,7,5,30,Inter,NED,MF,Midfielder,1,1,False,0.0,0.0,0.0,0.04347826086956522,0.08695652173913045,0.04347826086956522,0.4347826086956522,3.0434782608695654,2.173913043478261,True,True,0.0,False,0.0,True,1,True
Dean Huijsen,2023-2024,14,4,522,5.8,2,0,2,2,0,0,4,0,0.4,0.4,0.1,0.5,4,20,15,18,MULTI:Juventus|Roma,ESP,DF,Defender,1,2,True,0.3448275862068966,0.0,0.3448275862068966,0.06896551724137931,0.017241379310344827,0.06896551724137931,0.6896551724137931,3.4482758620689657,2.586206896551724,False,False,,False,,False,,False
Demba Seck,2023-2024,20,8,723,8.0,0,0,0,0,0,0,1,0,1.4000000000000001,1.4000000000000001,0.4,1.9,34,21,48,22,MULTI:Frosinone|Torino,SEN,"FW,MF",Midfielder,2,2,True,0.0,0.0,0.0,0.17500000000000002,0.05,0.17500000000000002,4.25,2.625,6.0,False,False,,False,,False,,False
Denzel Dumfries,2023-2024,31,19,1639,18.2,4,4,8,4,0,0,2,1,2.3,2.3,4.9,7.1,50,51,147,27,Inter,NED,DF,Defender,1,1,False,0.21978021978021978,0.21978021978021978,0.43956043956043955,0.12637362637362637,0.2692307692307693,0.12637362637362637,2.7472527472527473,2.8021978021978025,8.076923076923077,False,True,1.0,False,1.0,True,0,True
Diego Coppola,2023-2024,24,18,1634,18.2,2,0,2,2,0,0,9,0,1.2,1.2,0.2,1.4,1,40,0,19,Hellas Verona,ITA,DF,Defender,1,1,False,0.10989010989010989,0.0,0.10989010989010989,0.06593406593406594,0.01098901098901099,0.06593406593406594,0.054945054945054944,2.197802197802198,0.0,False,False,,False,,False,,False
Diego Demme,2023-2024,2,1,73,0.8,0,0,0,0,0,0,1,0,0.0,0.0,0.0,0.0,3,5,0,31,Napoli,GER,MF,Midfielder,1,1,False,0.0,0.0,0.0,0.0,0.0,0.0,3.75,6.25,0.0,True,False,,False,,False,,False
Diego Llorente,2023-2024,29,27,2170,24.1,1,1,2,1,0,0,5,0,0.3,0.3,0.6,0.9,20,75,5,29,Roma,ESP,DF,Defender,1,1,False,0.04149377593360996,0.04149377593360996,0.08298755186721991,0.012448132780082987,0.024896265560165973,0.012448132780082987,0.8298755186721991,3.1120331950207465,0.20746887966804978,False,False,,False,,False,,False
Djed Spence,2023-2024,16,8,859,9.5,0,0,0,0,0,0,1,0,0.2,0.2,0.3,0.4,17,25,31,22,Genoa,ENG,DF,Defender,1,1,False,0.0,0.0,0.0,0.021052631578947368,0.031578947368421054,0.021052631578947368,1.7894736842105263,2.6315789473684212,3.263157894736842,False,False,,False,,False,,False
Dodô,2023-2024,9,7,523,5.8,0,0,0,0,0,0,0,0,0.1,0.1,0.8,0.9,20,39,21,24,Fiorentina,BRA,DF,Defender,1,1,False,0.0,0.0,0.0,0.017241379310344827,0.13793103448275862,0.017241379310344827,3.4482758620689657,6.724137931034483,3.6206896551724137,False,False,,False,,False,,False
Domagoj Bradarić,2023-2024,34,30,2749,30.5,0,3,3,0,0,0,5,0,0.8,0.8,1.8,2.6,57,76,120,23,Salernitana,CRO,DF,Defender,1,1,False,0.0,0.09836065573770492,0.09836065573770492,0.02622950819672131,0.05901639344262295,0.02622950819672131,1.8688524590163935,2.4918032786885247,3.9344262295081966,False,False,,False,,False,,False
Domenico Berardi,2023-2024,17,17,1431,15.9,9,3,12,4,5,5,6,0,6.5,2.6,3.0,5.6,38,83,123,28,Sassuolo,ITA,FW,Forward,1,1,False,0.5660377358490566,0.18867924528301885,0.7547169811320754,0.40880503144654085,0.18867924528301885,0.16352201257861634,2.389937106918239,5.220125786163522,7.735849056603773,False,False,,False,,False,,False
Domingos Quina,2023-2024,2,0,13,0.1,0,0,0,0,0,0,0,0,0.0,0.0,0.0,0.0,0,1,0,23,Udinese,POR,MF,Midfielder,1,1,False,0.0,0.0,0.0,0.0,0.0,0.0,0.0,10.0,0.0,True,False,,False,,False,,False
Duván Zapata,2023-2024,37,36,2992,33.2,13,4,17,13,0,0,2,0,11.3,11.3,3.1,14.4,77,55,255,32,MULTI:Atalanta|Torino,COL,FW,Forward,1,2,True,0.39156626506024095,0.12048192771084336,0.5120481927710843,0.34036144578313254,0.09337349397590361,0.34036144578313254,2.319277108433735,1.6566265060240963,7.680722891566265,False,False,,False,,False,,False
Dušan Vlahović,2023-2024,33,27,2307,25.6,16,4,20,14,2,4,8,1,16.6,13.3,2.3,15.6,36,46,174,23,Juventus,SRB,FW,Forward,1,1,False,0.625,0.15625,0.78125,0.6484375,0.08984374999999999,0.51953125,1.40625,1.796875,6.796875,False,False,,False,,False,,False
Dylan Bronn,2023-2024,4,0,52,0.6,0,0,0,0,0,0,0,0,0.0,0.0,0.0,0.0,1,1,0,28,Salernitana,TUN,"DF,MF",Defender,2,1,False,0.0,0.0,0.0,0.0,0.0,0.0,1.6666666666666667,1.6666666666666667,0.0,True,False,,False,,False,,False
Ebenezer Akinsanmiro,2023-2024,1,0,15,0.2,0,0,0,0,0,0,0,0,0.0,0.0,0.0,0.0,0,2,0,18,Inter,NGA,MF,Midfielder,1,1,False,0.0,0.0,0.0,0.0,0.0,0.0,0.0,10.0,0.0,True,True,2.0,False,2.0,True,1,True
Edoardo Bove,2023-2024,31,18,1780,19.8,0,2,2,0,0,0,2,0,2.0,2.0,0.7,2.7,21,88,47,21,Roma,ITA,MF,Midfielder,1,1,False,0.0,0.10101010101010101,0.10101010101010101,0.10101010101010101,0.03535353535353535,0.10101010101010101,1.0606060606060606,4.444444444444445,2.3737373737373737,False,False,,False,,False,,False
Edoardo Goldaniga,2023-2024,13,12,1011,11.2,0,0,0,0,0,0,3,0,0.5,0.5,0.1,0.7,9,50,3,29,Cagliari,ITA,DF,Defender,1,1,False,0.0,0.0,0.0,0.044642857142857144,0.00892857142857143,0.044642857142857144,0.8035714285714286,4.464285714285714,0.26785714285714285,False,False,,False,,False,,False
El Bilal Touré,2023-2024,11,3,394,4.4,2,0,2,2,0,0,2,0,1.2,1.2,0.8,2.0,16,11,39,21,Atalanta,MLI,FW,Forward,1,1,False,0.45454545454545453,0.0,0.45454545454545453,0.2727272727272727,0.18181818181818182,0.2727272727272727,3.6363636363636362,2.5,8.863636363636363,True,False,,False,,False,,False
Elayis Tavsan,2023-2024,3,0,50,0.6,0,0,0,0,0,0,0,0,0.1,0.1,0.0,0.1,2,2,1,22,Hellas Verona,NED,"MF,FW",Midfielder,2,1,False,0.0,0.0,0.0,0.16666666666666669,0.0,0.16666666666666669,3.3333333333333335,3.3333333333333335,1.6666666666666667,True,False,,False,,False,,False
Eldor Shomurodov,2023-2024,22,10,936,10.4,3,3,6,3,0,0,1,0,3.5,3.5,1.7,5.2,12,18,52,28,Cagliari,UZB,"FW,MF",Forward,2,1,False,0.28846153846153844,0.28846153846153844,0.5769230769230769,0.3365384615384615,0.16346153846153846,0.3365384615384615,1.1538461538461537,1.7307692307692306,5.0,False,False,,False,,False,,False
Elia Caprile,2023-2024,23,23,2070,23.0,0,0,0,0,0,0,0,0,0.0,0.0,0.3,0.3,0,0,0,21,Empoli,ITA,GK,Goalkeeper,1,1,False,0.0,0.0,0.0,0.0,0.013043478260869565,0.0,0.0,0.0,0.0,False,False,,False,,False,,False
Elif Elmas,2023-2024,11,4,339,3.8,2,0,2,2,0,0,2,0,0.5,0.5,0.2,0.7,14,16,26,23,Napoli,MKD,"FW,MF",Forward,2,1,False,0.5263157894736842,0.0,0.5263157894736842,0.13157894736842105,0.052631578947368425,0.13157894736842105,3.68421052631579,4.2105263157894735,6.842105263157895,True,False,,False,,False,,False
Elseid Hysaj,2023-2024,22,11,1199,13.3,0,0,0,0,0,0,2,0,0.2,0.2,0.4,0.7,27,51,41,29,Lazio,ALB,DF,Defender,1,1,False,0.0,0.0,0.0,0.015037593984962405,0.03007518796992481,0.015037593984962405,2.0300751879699246,3.834586466165413,3.082706766917293,False,False,,False,,False,,False
Emanuel Vignato,2023-2024,9,3,311,3.5,0,1,1,0,0,0,1,0,0.0,0.0,0.3,0.4,5,11,15,22,Salernitana,ITA,"MF,FW",Midfielder,2,1,False,0.0,0.2857142857142857,0.2857142857142857,0.0,0.08571428571428572,0.0,1.4285714285714286,3.142857142857143,4.285714285714286,True,False,,False,,False,,False
Emanuele Valeri,2023-2024,16,14,1178,13.1,0,1,1,0,0,0,3,0,0.9,0.9,2.4,3.3,38,41,61,24,Frosinone,ITA,DF,Defender,1,1,False,0.0,0.07633587786259542,0.07633587786259542,0.06870229007633588,0.183206106870229,0.06870229007633588,2.900763358778626,3.1297709923664123,4.656488549618321,False,False,,False,,False,,False
Emil Audero,2023-2024,4,4,337,3.7,0,0,0,0,0,0,0,0,0.0,0.0,0.0,0.0,0,0,0,26,Inter,IDN,GK,Goalkeeper,1,1,False,0.0,0.0,0.0,0.0,0.0,0.0,0.0,0.0,0.0,True,True,,True,-1.0,True,1,True
Emil Bohinen,2023-2024,17,7,591,6.5,0,0,0,0,0,0,1,0,0.1,0.1,0.30000000000000004,0.4,8,29,11,24,MULTI:Genoa|Salernitana,NOR,MF,Midfielder,1,2,True,0.0,0.0,0.0,0.015384615384615385,0.04615384615384616,0.015384615384615385,1.2307692307692308,4.461538461538462,1.6923076923076923,False,False,,False,,False,,False
Emil Ceide,2023-2024,11,0,176,2.0,0,0,0,0,0,0,0,0,0.1,0.1,0.2,0.3,12,3,16,21,Sassuolo,NOR,"FW,MF",Forward,2,1,False,0.0,0.0,0.0,0.05,0.1,0.05,6.0,1.5,8.0,True,False,,False,,False,,False
Emil Holm,2023-2024,22,12,947,10.5,1,1,2,1,0,0,5,0,2.7,2.7,0.8,3.6,28,27,80,23,Atalanta,SWE,DF,Defender,1,1,False,0.09523809523809523,0.09523809523809523,0.19047619047619047,0.2571428571428572,0.0761904761904762,0.2571428571428572,2.6666666666666665,2.5714285714285716,7.619047619047619,False,False,,False,,False,,False
Emmanuel Ekong,2023-2024,1,0,5,0.1,0,0,0,0,0,0,0,0,0.0,0.0,0.0,0.0,0,0,1,21,Empoli,SWE,FW,Forward,1,1,False,0.0,0.0,0.0,0.0,0.0,0.0,0.0,0.0,10.0,True,False,,False,,False,,False
Emmanuel Gyasi,2023-2024,33,21,1879,20.9,1,2,3,1,0,0,8,0,3.5,3.5,1.5,5.0,15,41,60,29,Empoli,GHA,"DF,FW",Defender,2,1,False,0.04784688995215311,0.09569377990430622,0.14354066985645933,0.1674641148325359,0.07177033492822966,0.1674641148325359,0.7177033492822967,1.9617224880382778,2.870813397129187,False,False,,False,,False,,False
Enzo Barrenechea,2023-2024,36,32,2811,31.2,0,1,1,0,0,0,10,0,0.6,0.6,1.7,2.3,10,155,24,22,Frosinone,ARG,MF,Midfielder,1,1,False,0.0,0.032051282051282055,0.032051282051282055,0.019230769230769232,0.05448717948717949,0.019230769230769232,0.32051282051282054,4.967948717948718,0.7692307692307693,False,False,,False,,False,,False
Enzo Ebosse,2023-2024,1,0,8,0.1,0,0,0,0,0,0,0,0,0.0,0.0,0.0,0.0,0,1,0,24,Udinese,CMR,DF,Defender,1,1,False,0.0,0.0,0.0,0.0,0.0,0.0,0.0,10.0,0.0,True,False,,False,,False,,False
Erik Botheim,2023-2024,7,4,316,3.5,0,0,0,0,0,0,1,0,0.1,0.1,0.0,0.1,3,5,9,23,Salernitana,NOR,"FW,MF",Forward,2,1,False,0.0,0.0,0.0,0.028571428571428574,0.0,0.028571428571428574,0.8571428571428571,1.4285714285714286,2.5714285714285716,True,False,,False,,False,,False
Etrit Berisha,2023-2024,14,14,1260,14.0,0,0,0,0,0,0,0,0,0.0,0.0,0.0,0.0,0,0,0,34,Empoli,ALB,GK,Goalkeeper,1,1,False,0.0,0.0,0.0,0.0,0.0,0.0,0.0,0.0,0.0,False,False,,False,,False,,False
Fabiano Parisi,2023-2024,21,16,1454,16.2,0,1,1,0,0,0,4,0,0.9,0.9,2.4,3.3,50,78,64,22,Fiorentina,ITA,DF,Defender,1,1,False,0.0,0.0617283950617284,0.0617283950617284,0.05555555555555556,0.14814814814814814,0.05555555555555556,3.0864197530864197,4.814814814814815,3.9506172839506175,False,False,,False,,False,,False
Fabien Centonze,2023-2024,10,7,676,7.5,0,1,1,0,0,0,2,0,0.0,0.0,1.0,1.1,16,14,21,27,Hellas Verona,FRA,DF,Defender,1,1,False,0.0,0.13333333333333333,0.13333333333333333,0.0,0.13333333333333333,0.0,2.1333333333333333,1.8666666666666667,2.8,False,False,,False,,False,,False
Fabio Miretti,2023-2024,25,16,1103,12.3,1,1,2,1,0,0,3,0,1.2,1.2,1.1,2.3,22,43,62,19,Juventus,ITA,MF,Midfielder,1,1,False,0.08130081300813008,0.08130081300813008,0.16260162601626016,0.09756097560975609,0.08943089430894309,0.09756097560975609,1.7886178861788617,3.495934959349593,5.0406504065040645,False,False,,False,,False,,False
Farés Ghedjemis,2023-2024,6,1,182,2.0,0,0,0,0,0,0,1,0,0.1,0.1,0.1,0.3,7,2,19,20,Frosinone,FRA,"FW,MF",Forward,2,1,False,0.0,0.0,0.0,0.05,0.05,0.05,3.5,1.0,9.5,True,False,,False,,False,,False
Federico Baschirotto,2023-2024,37,37,3294,36.6,0,1,1,0,0,0,3,1,1.7,1.5,0.7,2.1,28,96,3,26,Lecce,ITA,DF,Defender,1,1,False,0.0,0.0273224043715847,0.0273224043715847,0.046448087431693985,0.019125683060109287,0.040983606557377046,0.7650273224043715,2.622950819672131,0.08196721311475409,False,False,,False,,False,,False
Federico Bonazzoli,2023-2024,24,10,1016,11.3,3,1,4,3,0,0,2,0,2.9,2.9,1.1,4.0,13,26,73,26,Hellas Verona,ITA,"FW,MF",Forward,2,1,False,0.2654867256637168,0.08849557522123894,0.35398230088495575,0.2566371681415929,0.09734513274336283,0.2566371681415929,1.1504424778761062,2.3008849557522124,6.460176991150442,False,False,,False,,False,,False
Federico Chiesa,2023-2024,33,25,2197,24.4,9,2,11,8,1,1,1,0,6.4,5.6,6.2,11.9,111,70,216,25,Juventus,ITA,FW,Forward,1,1,False,0.36885245901639346,0.0819672131147541,0.45081967213114754,0.26229508196721313,0.2540983606557377,0.22950819672131148,4.549180327868853,2.8688524590163937,8.852459016393443,False,False,,False,,False,,False
Federico Di Francesco,2023-2024,2,0,15,0.2,1,0,1,1,0,0,0,0,0.1,0.1,0.0,0.1,1,1,3,29,Lecce,ITA,"FW,MF",Forward,2,1,False,5.0,0.0,5.0,0.5,0.0,0.5,5.0,5.0,15.0,True,False,,False,,False,,False
Federico Dimarco,2023-2024,30,29,2077,23.1,5,6,11,5,0,0,0,0,2.9,2.7,8.5,11.1,51,100,198,25,Inter,ITA,DF,Defender,1,1,False,0.21645021645021645,0.2597402597402597,0.47619047619047616,0.12554112554112554,0.36796536796536794,0.11688311688311688,2.207792207792208,4.329004329004329,8.571428571428571,False,True,2.0,False,2.0,True,0,True
Federico Fazio,2023-2024,17,15,1355,15.1,1,0,1,1,0,0,3,1,0.4,0.4,0.1,0.5,2,27,2,36,Salernitana,ARG,DF,Defender,1,1,False,0.06622516556291391,0.0,0.06622516556291391,0.026490066225165566,0.006622516556291392,0.026490066225165566,0.13245033112582782,1.7880794701986755,0.13245033112582782,False,False,,False,,False,,False
Federico Gatti,2023-2024,32,30,2637,29.3,4,0,4,4,0,0,7,0,5.5,5.5,1.5,7.0,52,122,43,25,Juventus,ITA,DF,Defender,1,1,False,0.13651877133105803,0.0,0.13651877133105803,0.18771331058020477,0.051194539249146756,0.18771331058020477,1.7747440273037542,4.163822525597269,1.4675767918088738,False,False,,False,,False,,False
Federico Ravaglia,2023-2024,6,6,535,5.9,0,0,0,0,0,0,0,0,0.0,0.0,0.0,0.0,0,0,0,23,Bologna,ITA,GK,Goalkeeper,1,1,False,0.0,0.0,0.0,0.0,0.0,0.0,0.0,0.0,0.0,False,False,,False,,False,,False
Felipe Anderson,2023-2024,38,33,2770,30.8,5,6,11,5,0,0,3,0,4.4,4.4,6.3,10.7,108,126,226,30,Lazio,BRA,"FW,MF",Forward,2,1,False,0.16233766233766234,0.19480519480519481,0.35714285714285715,0.14285714285714288,0.20454545454545453,0.14285714285714288,3.5064935064935066,4.090909090909091,7.337662337662337,False,False,,False,,False,,False
Festy Ebosele,2023-2024,31,20,1700,18.9,0,0,0,0,0,0,6,1,0.8,0.8,1.8,2.6,67,35,98,20,Udinese,IRL,DF,Defender,1,1,False,0.0,0.0,0.0,0.04232804232804233,0.09523809523809525,0.04232804232804233,3.544973544973545,1.851851851851852,5.185185185185186,False,False,,False,,False,,False
Fikayo Tomori,2023-2024,26,24,2121,23.6,4,0,4,4,0,0,8,1,3.7,3.7,0.2,3.9,16,63,2,25,Milan,ENG,DF,Defender,1,1,False,0.1694915254237288,0.0,0.1694915254237288,0.15677966101694915,0.00847457627118644,0.15677966101694915,0.6779661016949152,2.669491525423729,0.0847457627118644,False,False,,False,,False,,False
Filip Jagiełło,2023-2024,2,0,33,0.4,0,0,0,0,0,0,0,0,0.0,0.0,0.0,0.0,1,2,2,25,Genoa,POL,MF,Midfielder,1,1,False,0.0,0.0,0.0,0.0,0.0,0.0,2.5,5.0,5.0,True,False,,False,,False,,False
Filip Kostić,2023-2024,29,26,1815,20.2,0,4,4,0,0,0,2,0,0.7,0.7,5.4,6.1,64,88,95,30,Juventus,SRB,DF,Defender,1,1,False,0.0,0.19801980198019803,0.19801980198019803,0.03465346534653465,0.26732673267326734,0.03465346534653465,3.1683168316831685,4.356435643564357,4.702970297029703,False,False,,False,,False,,False
Filippo Missori,2023-2024,8,2,266,3.0,0,0,0,0,0,0,0,0,0.3,0.3,0.0,0.3,5,8,7,19,Sassuolo,ITA,DF,Defender,1,1,False,0.0,0.0,0.0,0.09999999999999999,0.0,0.09999999999999999,1.6666666666666667,2.6666666666666665,2.3333333333333335,True,False,,False,,False,,False
Filippo Ranocchia,2023-2024,9,5,476,5.3,0,0,0,0,0,0,3,0,0.2,0.2,0.5,0.8,5,21,11,22,Empoli,ITA,"MF,DF",Midfielder,2,1,False,0.0,0.0,0.0,0.03773584905660378,0.09433962264150944,0.03773584905660378,0.9433962264150944,3.9622641509433962,2.0754716981132075,False,False,,False,,False,,False
Filippo Terracciano,2023-2024,21,15,1372,15.200000000000001,0,1,1,0,0,0,2,0,0.3,0.3,1.0,1.3,26,52,29,20,MULTI:Hellas Verona|Milan,ITA,"DF,FW",Defender,2,2,True,0.0,0.06578947368421052,0.06578947368421052,0.019736842105263157,0.06578947368421052,0.019736842105263157,1.7105263157894737,3.4210526315789473,1.907894736842105,False,False,,False,,False,,False
Flavius Daniliuc,2023-2024,14,8,744,8.3,0,0,0,0,0,0,2,0,0.2,0.2,0.2,0.5,8,37,2,22,Salernitana,AUT,DF,Defender,1,1,False,0.0,0.0,0.0,0.024096385542168672,0.024096385542168672,0.024096385542168672,0.9638554216867469,4.457831325301204,0.24096385542168672,False,False,,False,,False,,False
Florian Thauvin,2023-2024,29,19,1710,19.0,5,3,8,4,1,1,4,0,4.7,3.9,4.2,8.2,72,69,97,30,Udinese,FRA,FW,Forward,1,1,False,0.2631578947368421,0.15789473684210525,0.42105263157894735,0.2473684210526316,0.2210526315789474,0.20526315789473684,3.789473684210526,3.6315789473684212,5.105263157894737,False,False,,False,,False,,False
Francesco Acerbi,2023-2024,29,26,2388,26.5,3,1,4,3,0,0,1,0,1.6,1.6,1.8,3.4,21,87,24,35,Inter,ITA,DF,Defender,1,1,False,0.11320754716981132,0.03773584905660377,0.1509433962264151,0.06037735849056604,0.06792452830188679,0.06037735849056604,0.7924528301886793,3.2830188679245285,0.9056603773584906,False,True,1.0,False,1.0,True,0,True
Francesco Camarda,2023-2024,2,0,14,0.2,0,0,0,0,0,0,0,0,0.0,0.0,0.0,0.0,0,0,1,15,Milan,ITA,FW,Forward,1,1,False,0.0,0.0,0.0,0.0,0.0,0.0,0.0,0.0,5.0,True,False,,False,,False,,False
Francesco Caputo,2023-2024,20,15,1268,14.1,3,0,3,2,1,1,0,0,3.4,2.6,0.7,3.4,7,18,65,35,Empoli,ITA,FW,Forward,1,1,False,0.2127659574468085,0.0,0.2127659574468085,0.24113475177304963,0.04964539007092198,0.1843971631205674,0.49645390070921985,1.2765957446808511,4.609929078014185,False,False,,False,,False,,False
Francesco Gelli,2023-2024,27,16,1561,17.3,0,0,0,0,0,0,3,0,0.7,0.7,2.4,3.1,42,61,87,26,Frosinone,ITA,"MF,DF",Midfielder,2,1,False,0.0,0.0,0.0,0.040462427745664734,0.13872832369942195,0.040462427745664734,2.4277456647398843,3.5260115606936413,5.028901734104046,False,False,,False,,False,,False
Francesco Rossi,2023-2024,1,0,5,0.1,0,0,0,0,0,0,0,0,0.0,0.0,0.0,0.0,0,0,0,32,Atalanta,ITA,GK,Goalkeeper,1,1,False,0.0,0.0,0.0,0.0,0.0,0.0,0.0,0.0,0.0,True,False,,False,,False,,False
Gabriel Strefezza,2023-2024,19,13,1112,12.4,1,0,1,0,1,1,4,0,2.5,1.7,1.2,2.8,34,54,81,26,Lecce,BRA,FW,Forward,1,1,False,0.08064516129032258,0.0,0.08064516129032258,0.20161290322580644,0.0967741935483871,0.13709677419354838,2.7419354838709675,4.354838709677419,6.532258064516129,False,False,,False,,False,,False
Gabriele Zappa,2023-2024,38,25,2561,28.5,1,3,4,1,0,0,2,0,1.5,1.5,3.3,4.8,35,99,84,23,Cagliari,ITA,DF,Defender,1,1,False,0.03508771929824561,0.10526315789473684,0.14035087719298245,0.05263157894736842,0.11578947368421053,0.05263157894736842,1.2280701754385965,3.473684210526316,2.9473684210526314,False,False,,False,,False,,False
Gaetano Castrovilli,2023-2024,6,5,367,4.1,1,2,3,1,0,0,0,0,0.3,0.3,0.6,0.9,14,12,25,26,Fiorentina,ITA,"FW,MF",Forward,2,1,False,0.24390243902439027,0.48780487804878053,0.7317073170731708,0.07317073170731708,0.14634146341463417,0.07317073170731708,3.414634146341464,2.9268292682926833,6.097560975609756,True,False,,False,,False,,False
Gaetano Oristanio,2023-2024,25,11,1104,12.3,2,1,3,2,0,0,1,0,1.8,1.8,1.1,2.8,25,26,76,20,Cagliari,ITA,"FW,MF",Forward,2,1,False,0.16260162601626016,0.08130081300813008,0.24390243902439024,0.14634146341463414,0.08943089430894309,0.14634146341463414,2.0325203252032518,2.113821138211382,6.178861788617886,False,False,,False,,False,,False
Gennaro Borrelli,2023-2024,1,0,24,0.3,0,0,0,0,0,0,0,0,0.0,0.0,0.0,0.0,1,0,1,23,Frosinone,ITA,FW,Forward,1,1,False,0.0,0.0,0.0,0.0,0.0,0.0,3.3333333333333335,0.0,3.3333333333333335,True,False,,False,,False,,False
George Pușcaș,2023-2024,8,1,191,2.1,0,0,0,0,0,0,0,0,2.1,2.1,0.1,2.2,5,3,17,27,Genoa,ROU,FW,Forward,1,1,False,0.0,0.0,0.0,1.0,0.047619047619047616,1.0,2.380952380952381,1.4285714285714286,8.095238095238095,True,False,,False,,False,,False
Gerardo Fusco,2023-2024,1,0,15,0.2,0,0,0,0,0,0,0,0,0.0,0.0,0.0,0.0,0,0,1,18,Salernitana,ITA,FW,Forward,1,1,False,0.0,0.0,0.0,0.0,0.0,0.0,0.0,0.0,5.0,True,False,,False,,False,,False
Giacomo Bonaventura,2023-2024,31,27,2277,25.3,8,3,11,8,0,1,6,0,5.7,4.4,3.6,8.0,60,140,107,33,Fiorentina,ITA,MF,Midfielder,1,1,False,0.31620553359683795,0.11857707509881422,0.43478260869565216,0.22529644268774704,0.1422924901185771,0.1739130434782609,2.3715415019762847,5.533596837944664,4.229249011857707,False,False,,False,,False,,False
Giacomo Corona,2023-2024,1,0,5,0.1,0,0,0,0,0,0,0,0,0.0,0.0,0.0,0.0,0,0,0,19,Empoli,ITA,FW,Forward,1,1,False,0.0,0.0,0.0,0.0,0.0,0.0,0.0,0.0,0.0,True,False,,False,,False,,False
Giacomo Raspadori,2023-2024,37,14,1584,17.6,5,3,8,5,0,1,0,0,5.9,4.5,4.0,8.5,29,54,139,23,Napoli,ITA,"FW,MF",Forward,2,1,False,0.28409090909090906,0.17045454545454544,0.45454545454545453,0.3352272727272727,0.22727272727272727,0.2556818181818182,1.6477272727272725,3.068181818181818,7.8977272727272725,False,False,,False,,False,,False
Gian Marco Ferrari,2023-2024,31,25,2272,25.2,1,0,1,1,0,0,4,0,1.6,1.6,0.3,1.9,32,148,7,31,Sassuolo,ITA,DF,Defender,1,1,False,0.03968253968253968,0.0,0.03968253968253968,0.0634920634920635,0.011904761904761904,0.0634920634920635,1.2698412698412698,5.8730158730158735,0.2777777777777778,False,False,,False,,False,,False
Giangiacomo Magnani,2023-2024,33,27,2444,27.2,0,0,0,0,0,0,6,0,0.5,0.5,0.2,0.8,15,79,10,27,Hellas Verona,ITA,DF,Defender,1,1,False,0.0,0.0,0.0,0.01838235294117647,0.007352941176470589,0.01838235294117647,0.5514705882352942,2.9044117647058822,0.36764705882352944,False,False,,False,,False,,False
Gianluca Caprari,2023-2024,6,4,285,3.2,0,0,0,0,0,0,0,0,0.7,0.7,0.7,1.4,11,15,16,30,Monza,ITA,"MF,FW",Midfielder,2,1,False,0.0,0.0,0.0,0.21874999999999997,0.21874999999999997,0.21874999999999997,3.4375,4.6875,5.0,True,False,,False,,False,,False
Gianluca Gaetano,2023-2024,20,11,906,10.100000000000001,5,1,6,4,1,1,2,1,1.9,1.1,1.8,2.9000000000000004,23,47,47,23,MULTI:Cagliari|Napoli,ITA,"FW,MF",Forward,2,2,True,0.495049504950495,0.099009900990099,0.5940594059405939,0.1881188118811881,0.1782178217821782,0.10891089108910891,2.277227722772277,4.653465346534653,4.653465346534653,False,False,,False,,False,,False
Gianluca Lapadula,2023-2024,23,14,1205,13.4,3,1,4,2,1,1,3,0,4.8,4.1,1.1,5.1,8,4,63,33,Cagliari,PER,FW,Forward,1,1,False,0.22388059701492538,0.07462686567164178,0.29850746268656714,0.3582089552238806,0.08208955223880597,0.3059701492537313,0.5970149253731343,0.29850746268656714,4.701492537313433,False,False,,False,,False,,False
Gianluca Mancini,2023-2024,36,34,2869,31.9,4,1,5,4,0,0,9,0,1.9,1.9,1.1,3.0,38,139,13,27,Roma,ITA,DF,Defender,1,1,False,0.12539184952978058,0.031347962382445145,0.15673981191222572,0.05956112852664577,0.03448275862068966,0.05956112852664577,1.1912225705329154,4.3573667711598745,0.40752351097178685,False,False,,False,,False,,False
Gianluca Scamacca,2023-2024,29,17,1453,16.1,12,6,18,12,0,0,1,0,6.5,6.5,3.9,10.5,22,41,167,24,Atalanta,ITA,FW,Forward,1,1,False,0.7453416149068323,0.37267080745341613,1.1180124223602483,0.40372670807453415,0.24223602484472048,0.40372670807453415,1.3664596273291925,2.5465838509316767,10.372670807453416,False,False,,False,,False,,False
Gino Infantino,2023-2024,6,0,96,1.1,0,0,0,0,0,0,1,0,0.0,0.0,0.0,0.1,0,7,4,20,Fiorentina,ARG,MF,Midfielder,1,1,False,0.0,0.0,0.0,0.0,0.0,0.0,0.0,6.363636363636363,3.6363636363636362,True,False,,False,,False,,False
Giorgi Kvernadze,2023-2024,5,0,63,0.7,0,0,0,0,0,0,0,0,0.0,0.0,0.0,0.0,0,1,6,20,Frosinone,GEO,"FW,DF",Forward,2,1,False,0.0,0.0,0.0,0.0,0.0,0.0,0.0,1.4285714285714286,8.571428571428571,True,False,,False,,False,,False
Giorgio Cittadini,2023-2024,6,1,121,1.4,0,0,0,0,0,0,1,0,0.0,0.0,0.0,0.0,1,2,2,21,MULTI:Genoa|Monza,ITA,DF,Defender,1,2,True,0.0,0.0,0.0,0.0,0.0,0.0,0.7142857142857143,1.4285714285714286,1.4285714285714286,True,False,,False,,False,,False
Giorgio Scalvini,2023-2024,33,31,2544,28.3,1,3,4,1,0,0,3,0,1.4,1.4,1.1,2.5,30,116,33,19,Atalanta,ITA,DF,Defender,1,1,False,0.0353356890459364,0.10600706713780919,0.1413427561837456,0.04946996466431095,0.03886925795053004,0.04946996466431095,1.0600706713780919,4.098939929328622,1.1660777385159011,False,False,,False,,False,,False
Giorgos Kyriakopoulos,2023-2024,28,20,1712,19.0,0,3,3,0,0,0,3,0,1.2,1.2,1.4,2.6,64,70,94,27,Monza,GRE,DF,Defender,1,1,False,0.0,0.15789473684210525,0.15789473684210525,0.06315789473684211,0.07368421052631578,0.06315789473684211,3.3684210526315788,3.6842105263157894,4.947368421052632,False,False,,False,,False,,False
Giovanni Bonfanti,2023-2024,2,1,89,1.0,0,0,0,0,0,0,0,0,0.1,0.1,0.0,0.1,0,1,2,20,Atalanta,ITA,DF,Defender,1,1,False,0.0,0.0,0.0,0.1,0.0,0.1,0.0,1.0,2.0,True,False,,False,,False,,False
Giovanni Di Lorenzo,2023-2024,36,36,3234,35.9,1,6,7,1,0,0,6,0,3.1,3.1,4.9,8.0,95,304,250,29,Napoli,ITA,DF,Defender,1,1,False,0.02785515320334262,0.1671309192200557,0.19498607242339833,0.08635097493036212,0.13649025069637885,0.08635097493036212,2.6462395543175488,8.467966573816156,6.963788300835655,False,False,,False,,False,,False
Giovanni Fabbian,2023-2024,27,11,1057,11.7,5,2,7,5,0,0,4,0,4.2,4.2,1.9,6.0,11,17,41,20,Bologna,ITA,"MF,FW",Midfielder,2,1,False,0.4273504273504274,0.17094017094017094,0.5982905982905983,0.35897435897435903,0.1623931623931624,0.35897435897435903,0.9401709401709403,1.4529914529914532,3.5042735042735047,False,False,,False,,False,,False
Giovanni Simeone,2023-2024,28,8,800,8.9,1,0,1,1,0,0,3,0,3.4,3.4,0.6,3.9,11,13,76,28,Napoli,ARG,FW,Forward,1,1,False,0.11235955056179775,0.0,0.11235955056179775,0.38202247191011235,0.06741573033707865,0.38202247191011235,1.2359550561797752,1.4606741573033708,8.539325842696629,False,False,,False,,False,,False
Giulio Donati,2023-2024,4,0,36,0.4,0,0,0,0,0,0,2,0,0.0,0.0,0.2,0.2,0,3,5,33,Monza,ITA,DF,Defender,1,1,False,0.0,0.0,0.0,0.0,0.5,0.0,0.0,7.5,12.5,True,False,,False,,False,,False
Giulio Maggiore,2023-2024,27,20,1800,20.0,4,2,6,4,0,0,9,1,2.3,2.3,1.1,3.4,8,64,25,25,Salernitana,ITA,MF,Midfielder,1,1,False,0.2,0.1,0.3,0.11499999999999999,0.05500000000000001,0.11499999999999999,0.4,3.2,1.25,False,False,,False,,False,,False
Giuseppe Caso,2023-2024,14,2,417,4.6,0,0,0,0,0,0,2,0,0.3,0.3,0.2,0.4,15,20,37,24,Frosinone,ITA,"FW,MF",Forward,2,1,False,0.0,0.0,0.0,0.06521739130434782,0.04347826086956522,0.06521739130434782,3.2608695652173916,4.347826086956522,8.043478260869566,True,False,,False,,False,,False
Giuseppe Pezzella,2023-2024,19,14,1085,12.1,0,0,0,0,0,0,4,0,0.2,0.2,0.5,0.6,44,44,36,25,Empoli,ITA,DF,Defender,1,1,False,0.0,0.0,0.0,0.01652892561983471,0.04132231404958678,0.01652892561983471,3.6363636363636367,3.6363636363636367,2.9752066115702482,False,False,,False,,False,,False
Gleison Bremer,2023-2024,36,36,3233,35.9,3,0,3,3,0,0,9,0,1.4,1.4,0.4,1.9,7,120,4,26,Juventus,BRA,DF,Defender,1,1,False,0.08356545961002786,0.0,0.08356545961002786,0.03899721448467967,0.011142061281337049,0.03899721448467967,0.19498607242339833,3.3426183844011144,0.11142061281337048,False,False,,False,,False,,False
Grigoris Kastanos,2023-2024,26,18,1480,16.4,3,3,6,3,0,0,5,0,2.9,2.9,2.8,5.7,28,78,69,25,Salernitana,CYP,"MF,DF",Midfielder,2,1,False,0.1829268292682927,0.1829268292682927,0.3658536585365854,0.17682926829268295,0.17073170731707318,0.17682926829268295,1.707317073170732,4.75609756097561,4.207317073170732,False,False,,False,,False,,False
Grégoire Defrel,2023-2024,20,7,757,8.4,1,2,3,1,0,0,0,0,1.0,1.0,1.2,2.2,7,17,42,32,Sassuolo,MTQ,"FW,MF",Forward,2,1,False,0.11904761904761904,0.23809523809523808,0.35714285714285715,0.11904761904761904,0.14285714285714285,0.11904761904761904,0.8333333333333333,2.0238095238095237,5.0,False,False,,False,,False,,False
Guillermo Ochoa,2023-2024,21,21,1890,21.0,0,0,0,0,0,0,0,0,0.0,0.0,0.0,0.0,0,0,0,38,Salernitana,MEX,GK,Goalkeeper,1,1,False,0.0,0.0,0.0,0.0,0.0,0.0,0.0,0.0,0.0,False,False,,False,,False,,False
Gustav Isaksen,2023-2024,28,12,1074,11.9,3,1,4,3,0,0,3,0,1.6,1.6,2.6,4.2,36,21,95,22,Lazio,DEN,FW,Forward,1,1,False,0.25210084033613445,0.08403361344537814,0.3361344537815126,0.13445378151260504,0.2184873949579832,0.13445378151260504,3.0252100840336134,1.7647058823529411,7.983193277310924,False,False,,False,,False,,False
Gvidas Gineitis,2023-2024,14,4,538,6.0,0,0,0,0,0,0,2,0,0.4,0.4,0.5,0.9,9,25,12,19,Torino,LTU,MF,Midfielder,1,1,False,0.0,0.0,0.0,0.06666666666666667,0.08333333333333333,0.06666666666666667,1.5,4.166666666666667,2.0,False,False,,False,,False,,False
Hakan Çalhanoğlu,2023-2024,32,32,2556,28.4,13,3,16,3,10,10,5,0,10.1,2.3,4.7,7.0,45,186,34,29,Inter,TUR,MF,Midfielder,1,1,False,0.45774647887323944,0.10563380281690142,0.5633802816901409,0.35563380281690143,0.16549295774647887,0.08098591549295775,1.5845070422535212,6.549295774647888,1.1971830985915493,False,True,3.0,False,3.0,True,0,True
Hamed Junior Traorè,2023-2024,9,5,382,4.2,0,0,0,0,0,0,1,0,0.9,0.9,0.7,1.6,12,21,19,23,Napoli,CIV,MF,Midfielder,1,1,False,0.0,0.0,0.0,0.21428571428571427,0.16666666666666666,0.21428571428571427,2.857142857142857,5.0,4.523809523809524,True,False,,False,,False,,False
Hamza Rafia,2023-2024,28,17,1204,13.4,1,0,1,1,0,0,4,0,0.8,0.8,0.8,1.6,15,46,37,24,Lecce,TUN,MF,Midfielder,1,1,False,0.07462686567164178,0.0,0.07462686567164178,0.05970149253731343,0.05970149253731343,0.05970149253731343,1.1194029850746268,3.432835820895522,2.761194029850746,False,False,,False,,False,,False
Hans Hateboer,2023-2024,23,10,1113,12.4,0,1,1,0,0,0,5,0,0.3,0.3,2.0,2.4,19,42,71,29,Atalanta,NED,DF,Defender,1,1,False,0.0,0.08064516129032258,0.08064516129032258,0.024193548387096774,0.16129032258064516,0.024193548387096774,1.532258064516129,3.3870967741935485,5.725806451612903,False,False,,False,,False,,False
Hans Nicolussi Caviglia,2023-2024,8,3,268,3.0,0,1,1,0,0,0,1,0,0.1,0.1,0.6,0.7,0,14,2,23,Juventus,ITA,MF,Midfielder,1,1,False,0.0,0.3333333333333333,0.3333333333333333,0.03333333333333333,0.19999999999999998,0.03333333333333333,0.0,4.666666666666667,0.6666666666666666,True,False,,False,,False,,False
Hassane Kamara,2023-2024,35,27,2225,24.7,1,1,2,1,0,0,4,0,1.9,1.9,2.8,4.8,61,81,94,29,Udinese,CIV,DF,Defender,1,1,False,0.04048582995951417,0.04048582995951417,0.08097165991902834,0.07692307692307693,0.11336032388663968,0.07692307692307693,2.4696356275303644,3.279352226720648,3.805668016194332,False,False,,False,,False,,False
Henrikh Mkhitaryan,2023-2024,36,35,2785,30.9,2,8,10,2,0,0,4,0,3.6,3.6,4.5,8.1,92,192,127,34,Inter,ARM,MF,Midfielder,1,1,False,0.06472491909385114,0.25889967637540456,0.3236245954692557,0.11650485436893204,0.14563106796116507,0.11650485436893204,2.9773462783171523,6.213592233009709,4.110032362459547,False,True,0.0,False,0.0,True,0,True
Houssem Aouar,2023-2024,16,9,756,8.4,4,0,4,4,0,0,3,0,2.3,2.3,0.5,2.8,17,26,60,25,Roma,ALG,"MF,FW",Midfielder,2,1,False,0.47619047619047616,0.0,0.47619047619047616,0.2738095238095238,0.05952380952380952,0.2738095238095238,2.0238095238095237,3.095238095238095,7.142857142857142,False,False,,False,,False,,False
Ibrahim Sulemana,2023-2024,21,16,1339,14.9,2,0,2,2,0,0,4,0,0.8,0.8,0.1,0.9,15,27,14,20,Cagliari,GHA,MF,Midfielder,1,1,False,0.1342281879194631,0.0,0.1342281879194631,0.053691275167785234,0.006711409395973154,0.053691275167785234,1.006711409395973,1.8120805369127517,0.9395973154362416,False,False,,False,,False,,False
Ilario Monterisi,2023-2024,24,16,1469,16.3,2,2,4,2,0,0,1,0,1.1,1.1,0.4,1.5,4,47,18,21,Frosinone,ITA,DF,Defender,1,1,False,0.12269938650306748,0.12269938650306748,0.24539877300613497,0.06748466257668712,0.024539877300613498,0.06748466257668712,0.24539877300613497,2.8834355828220857,1.1042944785276072,False,False,,False,,False,,False
Iron Gomis,2023-2024,5,1,134,1.5,0,0,0,0,0,0,0,0,0.6,0.6,0.2,0.7,3,4,16,23,Salernitana,FRA,MF,Midfielder,1,1,False,0.0,0.0,0.0,0.39999999999999997,0.13333333333333333,0.39999999999999997,2.0,2.6666666666666665,10.666666666666666,True,False,,False,,False,,False
Isaac Success,2023-2024,27,9,880,9.8,1,1,2,1,0,1,4,0,2.7,1.9,1.1,3.0,15,17,51,27,Udinese,NGA,"FW,MF",Forward,2,1,False,0.1020408163265306,0.1020408163265306,0.2040816326530612,0.2755102040816326,0.11224489795918367,0.19387755102040813,1.530612244897959,1.7346938775510203,5.204081632653061,False,False,,False,,False,,False
Isak Hien,2023-2024,26,18,1801,20.0,0,1,1,0,0,0,4,1,0.6000000000000001,0.6000000000000001,0.1,0.7,8,50,1,24,MULTI:Atalanta|Hellas Verona,SWE,DF,Defender,1,2,True,0.0,0.05,0.05,0.030000000000000006,0.005,0.030000000000000006,0.4,2.5,0.05,False,False,,False,,False,,False
Ismaël Bennacer,2023-2024,20,13,1151,12.8,2,2,4,1,1,1,2,0,1.7,0.9,2.5,3.3,24,68,33,25,Milan,ALG,MF,Midfielder,1,1,False,0.15625,0.15625,0.3125,0.1328125,0.1953125,0.0703125,1.875,5.3125,2.578125,False,False,,False,,False,,False
Ivan Ilić,2023-2024,31,25,2098,23.3,3,2,5,3,0,0,3,0,2.1,2.1,5.0,7.1,49,138,52,22,Torino,SRB,MF,Midfielder,1,1,False,0.12875536480686695,0.08583690987124463,0.2145922746781116,0.09012875536480687,0.2145922746781116,0.09012875536480687,2.1030042918454934,5.92274678111588,2.2317596566523603,False,False,,False,,False,,False
Ivan Provedel,2023-2024,30,30,2699,30.0,0,0,0,0,0,0,0,0,0.0,0.0,0.0,0.0,0,3,0,29,Lazio,ITA,GK,Goalkeeper,1,1,False,0.0,0.0,0.0,0.0,0.0,0.0,0.0,0.1,0.0,False,False,,False,,False,,False
Jackson Tchatchoua,2023-2024,26,19,1725,19.2,0,2,2,0,0,0,2,0,0.0,0.0,1.3,1.3,34,53,66,21,Hellas Verona,CMR,DF,Defender,1,1,False,0.0,0.10416666666666667,0.10416666666666667,0.0,0.06770833333333334,0.0,1.7708333333333335,2.760416666666667,3.4375,False,False,,False,,False,,False
Jacopo Fazzini,2023-2024,31,14,1232,13.7,1,1,2,1,0,0,6,0,1.2,1.2,2.3,3.5,24,47,51,20,Empoli,ITA,MF,Midfielder,1,1,False,0.07299270072992702,0.07299270072992702,0.14598540145985403,0.08759124087591241,0.1678832116788321,0.08759124087591241,1.7518248175182483,3.4306569343065694,3.7226277372262775,False,False,,False,,False,,False
Jaime Báez,2023-2024,11,6,500,5.6,1,0,1,1,0,0,1,0,0.5,0.5,0.5,1.0,12,29,39,28,Frosinone,URU,"FW,MF",Forward,2,1,False,0.17857142857142858,0.0,0.17857142857142858,0.08928571428571429,0.08928571428571429,0.08928571428571429,2.142857142857143,5.178571428571429,6.964285714285714,False,False,,False,,False,,False
Jaka Bijol,2023-2024,24,23,2084,23.2,0,0,0,0,0,0,4,0,1.9,1.9,0.2,2.1,5,42,1,24,Udinese,SVN,DF,Defender,1,1,False,0.0,0.0,0.0,0.08189655172413793,0.008620689655172414,0.08189655172413793,0.21551724137931036,1.8103448275862069,0.04310344827586207,False,False,,False,,False,,False
Jakub Jankto,2023-2024,18,13,872,9.7,1,2,3,1,0,0,0,0,1.5,1.5,0.5,1.9,12,26,48,27,Cagliari,CZE,"MF,FW",Midfielder,2,1,False,0.10309278350515465,0.2061855670103093,0.30927835051546393,0.15463917525773196,0.051546391752577324,0.15463917525773196,1.2371134020618557,2.680412371134021,4.948453608247423,False,False,,False,,False,,False
Jan-Carlo Simic,2023-2024,4,0,146,1.6,1,0,1,1,0,0,0,0,0.6,0.6,0.0,0.6,0,6,0,18,Milan,SRB,DF,Defender,1,1,False,0.625,0.0,0.625,0.37499999999999994,0.0,0.37499999999999994,0.0,3.75,0.0,True,False,,False,,False,,False
Jean-Daniel Akpa-Akpro,2023-2024,19,8,705,7.8,0,0,0,0,0,0,5,0,0.5,0.5,0.1,0.6,11,10,12,30,Monza,CIV,MF,Midfielder,1,1,False,0.0,0.0,0.0,0.06410256410256411,0.012820512820512822,0.06410256410256411,1.4102564102564104,1.2820512820512822,1.5384615384615385,False,False,,False,,False,,False
Jens Cajuste,2023-2024,26,11,1016,11.3,0,2,2,0,0,0,7,0,1.5,1.5,1.1,2.5,19,37,53,23,Napoli,SWE,MF,Midfielder,1,1,False,0.0,0.17699115044247787,0.17699115044247787,0.1327433628318584,0.09734513274336283,0.1327433628318584,1.6814159292035398,3.2743362831858405,4.6902654867256635,False,False,,False,,False,,False
Jens Odgaard,2023-2024,10,5,431,4.8,2,0,2,2,0,0,1,0,1.5,1.5,0.1,1.5,9,9,30,24,Bologna,DEN,"FW,MF",Forward,2,1,False,0.4166666666666667,0.0,0.4166666666666667,0.3125,0.020833333333333336,0.3125,1.875,1.875,6.25,True,False,,False,,False,,False
Jeppe Corfitzen,2023-2024,1,0,9,0.1,0,0,0,0,0,0,0,0,0.0,0.0,0.0,0.0,1,0,0,18,Lecce,DEN,FW,Forward,1,1,False,0.0,0.0,0.0,0.0,0.0,0.0,10.0,0.0,0.0,True,False,,False,,False,,False
Jeremy Toljan,2023-2024,25,24,2083,23.1,0,5,5,0,0,0,1,0,0.6,0.6,1.6,2.1,35,79,85,28,Sassuolo,GER,DF,Defender,1,1,False,0.0,0.21645021645021645,0.21645021645021645,0.025974025974025972,0.06926406926406926,0.025974025974025972,1.5151515151515151,3.41991341991342,3.6796536796536796,False,False,,False,,False,,False
Jesper Karlsson,2023-2024,7,4,344,3.8,0,0,0,0,0,0,0,0,0.4,0.4,0.3,0.7,13,16,35,25,Bologna,SWE,FW,Forward,1,1,False,0.0,0.0,0.0,0.10526315789473685,0.07894736842105263,0.10526315789473685,3.4210526315789473,4.2105263157894735,9.210526315789474,True,False,,False,,False,,False
Jesper Lindstrøm,2023-2024,22,2,430,4.8,0,0,0,0,0,0,2,0,0.7,0.7,1.0,1.7,16,16,34,23,Napoli,DEN,"FW,MF",Forward,2,1,False,0.0,0.0,0.0,0.14583333333333334,0.20833333333333334,0.14583333333333334,3.3333333333333335,3.3333333333333335,7.083333333333334,True,False,,False,,False,,False
Jhon Lucumí,2023-2024,29,23,2217,24.6,0,0,0,0,0,0,1,0,0.8,0.8,0.3,1.1,28,93,4,25,Bologna,COL,DF,Defender,1,1,False,0.0,0.0,0.0,0.03252032520325203,0.012195121951219511,0.03252032520325203,1.1382113821138211,3.7804878048780486,0.16260162601626016,False,False,,False,,False,,False
Joan Gonzàlez,2023-2024,29,13,1291,14.3,1,1,2,1,0,0,6,0,1.2,1.2,1.0,2.2,25,49,41,21,Lecce,ESP,MF,Midfielder,1,1,False,0.06993006993006992,0.06993006993006992,0.13986013986013984,0.0839160839160839,0.06993006993006992,0.0839160839160839,1.7482517482517481,3.4265734265734262,2.867132867132867,False,False,,False,,False,,False
Johan Vásquez,2023-2024,37,32,2850,31.7,1,1,2,1,0,0,6,0,1.9,1.9,0.8,2.7,29,81,61,24,Genoa,MEX,DF,Defender,1,1,False,0.031545741324921134,0.031545741324921134,0.06309148264984227,0.05993690851735015,0.02523659305993691,0.05993690851735015,0.9148264984227129,2.555205047318612,1.9242902208201893,False,False,,False,,False,,False
Jonathan Ikone,2023-2024,28,18,1682,18.7,3,1,4,3,0,0,5,0,4.6,4.6,2.0,6.6,51,58,154,25,Fiorentina,FRA,FW,Forward,1,1,False,0.16042780748663102,0.053475935828877004,0.21390374331550802,0.2459893048128342,0.10695187165775401,0.2459893048128342,2.7272727272727275,3.1016042780748663,8.23529411764706,False,False,,False,,False,,False
Jordan Zemura,2023-2024,27,10,1038,11.5,1,0,1,1,0,0,1,0,0.8,0.8,0.4,1.2,23,32,52,23,Udinese,ZIM,DF,Defender,1,1,False,0.08695652173913043,0.0,0.08695652173913043,0.06956521739130435,0.034782608695652174,0.06956521739130435,2.0,2.782608695652174,4.521739130434782,False,False,,False,,False,,False
Jordi Mboula,2023-2024,11,5,307,3.4,0,1,1,0,0,0,0,0,0.2,0.2,0.4,0.6,10,4,22,24,Hellas Verona,ESP,"FW,MF",Forward,2,1,False,0.0,0.29411764705882354,0.29411764705882354,0.05882352941176471,0.11764705882352942,0.05882352941176471,2.9411764705882355,1.1764705882352942,6.470588235294118,True,False,,False,,False,,False
Josep Martinez,2023-2024,36,36,3239,36.0,0,0,0,0,0,0,4,1,0.0,0.0,0.0,0.0,0,2,0,25,Genoa,ESP,GK,Goalkeeper,1,1,False,0.0,0.0,0.0,0.0,0.0,0.0,0.0,0.05555555555555555,0.0,False,False,,False,,False,,False
Joseph Nonge,2023-2024,2,0,24,0.3,0,0,0,0,0,0,1,0,0.0,0.0,0.0,0.0,1,2,2,18,Juventus,BEL,MF,Midfielder,1,1,False,0.0,0.0,0.0,0.0,0.0,0.0,3.3333333333333335,6.666666666666667,6.666666666666667,True,False,,False,,False,,False
Josh Doig,2023-2024,28,26,2173,24.1,0,2,2,0,0,0,7,0,0.4,0.4,1.4000000000000001,1.8,53,48,67,21,MULTI:Hellas Verona|Sassuolo,SCO,DF,Defender,1,2,True,0.0,0.08298755186721991,0.08298755186721991,0.016597510373443983,0.058091286307053944,0.016597510373443983,2.1991701244813275,1.9917012448132778,2.780082987551867,False,False,,False,,False,,False
Joshua Zirkzee,2023-2024,34,32,2759,30.7,11,4,15,9,2,2,8,0,9.0,7.4,5.2,12.6,53,86,182,22,Bologna,NED,FW,Forward,1,1,False,0.3583061889250814,0.13029315960912052,0.48859934853420195,0.2931596091205212,0.1693811074918567,0.241042345276873,1.726384364820847,2.801302931596091,5.928338762214984,False,False,,False,,False,,False
Josip Brekalo,2023-2024,11,8,652,7.2,1,0,1,1,0,0,0,0,0.4,0.4,0.3,0.7,14,25,69,25,Fiorentina,CRO,FW,Forward,1,1,False,0.1388888888888889,0.0,0.1388888888888889,0.05555555555555556,0.041666666666666664,0.05555555555555556,1.9444444444444444,3.4722222222222223,9.583333333333334,False,False,,False,,False,,False
José Luis Palomino,2023-2024,4,0,27,0.3,0,0,0,0,0,0,0,0,0.0,0.0,0.0,0.0,0,2,0,33,Atalanta,ARG,DF,Defender,1,1,False,0.0,0.0,0.0,0.0,0.0,0.0,0.0,6.666666666666667,0.0,True,False,,False,,False,,False
Jovane Cabral,2023-2024,12,8,678,7.5,1,0,1,1,0,0,1,0,1.2,1.2,0.4,1.6,22,40,39,25,Salernitana,CPV,"MF,FW",Midfielder,2,1,False,0.13333333333333333,0.0,0.13333333333333333,0.16,0.05333333333333334,0.16,2.933333333333333,5.333333333333333,5.2,False,False,,False,,False,,False
João Costa,2023-2024,3,0,14,0.2,0,0,0,0,0,0,1,0,0.0,0.0,0.0,0.0,0,1,1,18,Roma,BRA,"MF,FW",Midfielder,2,1,False,0.0,0.0,0.0,0.0,0.0,0.0,0.0,5.0,5.0,True,False,,False,,False,,False
João Ferreira,2023-2024,35,18,1822,20.2,0,1,1,0,0,0,9,0,0.1,0.1,0.9,1.0,19,61,45,22,Udinese,POR,DF,Defender,1,1,False,0.0,0.04950495049504951,0.04950495049504951,0.0049504950495049506,0.04455445544554456,0.0049504950495049506,0.9405940594059407,3.01980198019802,2.227722772277228,False,False,,False,,False,,False
Juan Cruz,2023-2024,4,1,109,1.2,0,0,0,0,0,0,0,0,0.0,0.0,0.1,0.1,3,4,4,24,Hellas Verona,ARG,"FW,MF",Forward,2,1,False,0.0,0.0,0.0,0.0,0.08333333333333334,0.0,2.5,3.3333333333333335,3.3333333333333335,True,False,,False,,False,,False
Juan Cuadrado,2023-2024,10,0,267,3.0,0,2,2,0,0,0,1,0,0.2,0.2,1.6,1.7,17,11,35,35,Inter,COL,DF,Defender,1,1,False,0.0,0.6666666666666666,0.6666666666666666,0.06666666666666667,0.5333333333333333,0.06666666666666667,5.666666666666667,3.6666666666666665,11.666666666666666,True,True,0.0,False,0.0,True,1,True
Juan David Cabal,2023-2024,22,17,1497,16.6,0,0,0,0,0,0,6,0,0.5,0.5,0.4,0.9,26,70,48,22,Hellas Verona,COL,DF,Defender,1,1,False,0.0,0.0,0.0,0.03012048192771084,0.024096385542168672,0.03012048192771084,1.5662650602409638,4.216867469879518,2.8915662650602405,False,False,,False,,False,,False
Juan Jesus,2023-2024,24,23,2116,23.5,1,0,1,1,0,0,7,0,1.3,1.3,0.3,1.6,6,82,2,32,Napoli,BRA,DF,Defender,1,1,False,0.0425531914893617,0.0,0.0425531914893617,0.055319148936170216,0.01276595744680851,0.055319148936170216,0.2553191489361702,3.4893617021276597,0.0851063829787234,False,False,,False,,False,,False
Juan Musso,2023-2024,11,11,990,11.0,0,0,0,0,0,0,0,0,0.0,0.0,0.0,0.0,0,0,0,29,Atalanta,ARG,GK,Goalkeeper,1,1,False,0.0,0.0,0.0,0.0,0.0,0.0,0.0,0.0,0.0,False,False,,False,,False,,False
Junior Messias,2023-2024,18,13,1053,11.7,1,0,1,1,0,0,0,0,1.6,1.6,1.3,2.9,35,29,75,32,Genoa,BRA,"MF,DF",Midfielder,2,1,False,0.08547008547008547,0.0,0.08547008547008547,0.13675213675213677,0.11111111111111112,0.13675213675213677,2.9914529914529915,2.4786324786324787,6.410256410256411,False,False,,False,,False,,False
Junior Sambia,2023-2024,18,10,1032,11.5,1,2,3,1,0,0,4,0,0.5,0.5,0.9,1.4,23,41,37,26,Salernitana,FRA,"DF,MF",Defender,2,1,False,0.08695652173913043,0.17391304347826086,0.2608695652173913,0.043478260869565216,0.0782608695652174,0.043478260869565216,2.0,3.5652173913043477,3.217391304347826,False,False,,False,,False,,False
Justin Kumi,2023-2024,1,0,4,0.0,0,0,0,0,0,0,0,0,0.0,0.0,0.0,0.0,0,0,0,19,Sassuolo,ITA,FW,Forward,1,1,False,,,,,,,,,,True,False,,False,,False,,False
Jérôme Boateng,2023-2024,7,4,238,2.6,0,0,0,0,0,0,0,0,0.0,0.0,0.1,0.1,0,9,1,34,Salernitana,GER,DF,Defender,1,1,False,0.0,0.0,0.0,0.0,0.038461538461538464,0.0,0.0,3.4615384615384612,0.3846153846153846,True,False,,False,,False,,False
Kacper Urbanski,2023-2024,22,9,926,10.3,0,1,1,0,0,0,2,0,1.1,1.1,0.8,1.9,25,31,78,18,Bologna,POL,"MF,FW",Midfielder,2,1,False,0.0,0.0970873786407767,0.0970873786407767,0.10679611650485438,0.07766990291262135,0.10679611650485438,2.4271844660194173,3.0097087378640777,7.572815533980582,False,False,,False,,False,,False
Kaio Jorge,2023-2024,20,8,812,9.0,3,0,3,2,1,2,2,0,5.4,3.8,0.3,4.2,6,11,46,21,Frosinone,BRA,FW,Forward,1,1,False,0.3333333333333333,0.0,0.3333333333333333,0.6000000000000001,0.03333333333333333,0.4222222222222222,0.6666666666666666,1.2222222222222223,5.111111111111111,False,False,,False,,False,,False
Karlo Lulić,2023-2024,1,0,19,0.2,0,0,0,0,0,0,0,0,0.0,0.0,0.0,0.0,1,0,0,27,Frosinone,CRO,MF,Midfielder,1,1,False,0.0,0.0,0.0,0.0,0.0,0.0,5.0,0.0,0.0,True,False,,False,,False,,False
Karol Linetty,2023-2024,28,19,1858,20.6,0,0,0,0,0,0,12,0,0.5,0.5,0.8,1.4,31,87,25,28,Torino,POL,MF,Midfielder,1,1,False,0.0,0.0,0.0,0.024271844660194174,0.038834951456310676,0.024271844660194174,1.5048543689320388,4.223300970873786,1.2135922330097086,False,False,,False,,False,,False
Karol Świderski,2023-2024,15,3,504,5.6,2,0,2,2,0,0,0,0,1.7,1.7,0.4,2.2,3,13,19,26,Hellas Verona,POL,"FW,MF",Forward,2,1,False,0.35714285714285715,0.0,0.35714285714285715,0.3035714285714286,0.07142857142857144,0.3035714285714286,0.5357142857142857,2.3214285714285716,3.3928571428571432,False,False,,False,,False,,False
Keinan Davis,2023-2024,8,0,186,2.1,1,0,1,1,0,0,2,0,0.5,0.5,0.1,0.6,2,6,15,25,Udinese,ENG,"FW,MF",Forward,2,1,False,0.47619047619047616,0.0,0.47619047619047616,0.23809523809523808,0.047619047619047616,0.23809523809523808,0.9523809523809523,2.857142857142857,7.142857142857142,True,False,,False,,False,,False
Kenan Yıldız,2023-2024,27,9,952,10.6,2,0,2,2,0,0,3,0,1.6,1.6,1.1,2.7,32,40,73,18,Juventus,TUR,"FW,MF",Forward,2,1,False,0.18867924528301888,0.0,0.18867924528301888,0.15094339622641512,0.1037735849056604,0.15094339622641512,3.018867924528302,3.7735849056603774,6.886792452830189,False,False,,False,,False,,False
Kevin Bonifazi,2023-2024,7,4,399,4.4,0,0,0,0,0,0,0,0,0.0,0.0,0.1,0.1,2,8,2,27,MULTI:Bologna|Frosinone,ITA,DF,Defender,1,2,True,0.0,0.0,0.0,0.0,0.022727272727272728,0.0,0.45454545454545453,1.8181818181818181,0.45454545454545453,True,False,,False,,False,,False
Kevin Miranda,2023-2024,1,0,14,0.2,0,0,0,0,0,0,0,0,0.0,0.0,0.0,0.0,0,0,0,20,Sassuolo,ITA,DF,Defender,1,1,False,0.0,0.0,0.0,0.0,0.0,0.0,0.0,0.0,0.0,True,False,,False,,False,,False
Kevin Strootman,2023-2024,27,15,1207,13.4,0,2,2,0,0,0,4,0,0.1,0.1,1.3,1.4,13,61,22,33,Genoa,NED,MF,Midfielder,1,1,False,0.0,0.14925373134328357,0.14925373134328357,0.007462686567164179,0.09701492537313433,0.007462686567164179,0.9701492537313433,4.552238805970149,1.6417910447761193,False,False,,False,,False,,False
Kevin Zeroli,2023-2024,3,0,28,0.3,0,0,0,0,0,0,0,0,0.0,0.0,0.0,0.0,0,1,2,18,Milan,ITA,MF,Midfielder,1,1,False,0.0,0.0,0.0,0.0,0.0,0.0,0.0,3.3333333333333335,6.666666666666667,True,False,,False,,False,,False
Khvicha Kvaratskhelia,2023-2024,34,32,2737,30.4,11,6,17,11,0,0,8,0,11.1,11.1,6.8,17.9,184,89,266,22,Napoli,GEO,FW,Forward,1,1,False,0.3618421052631579,0.19736842105263158,0.5592105263157895,0.3651315789473684,0.2236842105263158,0.3651315789473684,6.052631578947369,2.9276315789473686,8.75,False,False,,False,,False,,False
Kingsley Ehizibue,2023-2024,23,11,955,10.6,0,1,1,0,0,0,4,0,1.3,1.3,0.7,2.0,18,15,44,28,Udinese,NED,DF,Defender,1,1,False,0.0,0.09433962264150944,0.09433962264150944,0.12264150943396228,0.0660377358490566,0.12264150943396228,1.6981132075471699,1.4150943396226416,4.150943396226415,False,False,,False,,False,,False
Kingstone Mutandwa,2023-2024,5,0,39,0.4,1,0,1,1,0,0,0,0,0.1,0.1,0.0,0.1,1,0,2,20,Cagliari,ZAM,"FW,MF",Forward,2,1,False,2.5,0.0,2.5,0.25,0.0,0.25,2.5,0.0,5.0,True,False,,False,,False,,False
Koffi Djidji,2023-2024,13,8,759,8.4,0,0,0,0,0,0,2,0,0.1,0.1,0.0,0.1,4,19,3,30,Torino,CIV,DF,Defender,1,1,False,0.0,0.0,0.0,0.011904761904761904,0.0,0.011904761904761904,0.47619047619047616,2.261904761904762,0.35714285714285715,False,False,,False,,False,,False
Koni De Winter,2023-2024,29,26,2380,26.4,0,1,1,0,0,0,8,1,0.8,0.8,1.0,1.8,21,76,15,21,Genoa,BEL,DF,Defender,1,1,False,0.0,0.03787878787878788,0.03787878787878788,0.030303030303030307,0.03787878787878788,0.030303030303030307,0.7954545454545455,2.878787878787879,0.5681818181818182,False,False,,False,,False,,False
Kostas Manolas,2023-2024,8,6,488,5.4,0,0,0,0,0,0,0,0,0.1,0.1,0.1,0.2,0,10,2,32,Salernitana,GRE,DF,Defender,1,1,False,0.0,0.0,0.0,0.018518518518518517,0.018518518518518517,0.018518518518518517,0.0,1.8518518518518516,0.37037037037037035,False,False,,False,,False,,False
Kristian Thorstvedt,2023-2024,34,30,2397,26.6,6,1,7,6,0,0,7,0,4.4,4.4,1.6,5.9,30,130,94,24,Sassuolo,NOR,MF,Midfielder,1,1,False,0.22556390977443608,0.03759398496240601,0.2631578947368421,0.16541353383458646,0.06015037593984962,0.16541353383458646,1.1278195488721805,4.887218045112782,3.533834586466165,False,False,,False,,False,,False
Kristjan Asllani,2023-2024,23,6,787,8.7,1,2,3,1,0,0,1,0,0.6,0.6,1.1,1.6,5,32,8,21,Inter,ALB,MF,Midfielder,1,1,False,0.1149425287356322,0.2298850574712644,0.3448275862068966,0.06896551724137931,0.12643678160919541,0.06896551724137931,0.574712643678161,3.6781609195402303,0.9195402298850576,False,True,3.0,False,3.0,True,0,True
Lameck Banda,2023-2024,21,17,1350,15.0,2,4,6,2,0,0,5,1,3.6,3.6,1.9,5.5,71,22,136,22,Lecce,ZAM,FW,Forward,1,1,False,0.13333333333333333,0.26666666666666666,0.4,0.24000000000000002,0.12666666666666665,0.24000000000000002,4.733333333333333,1.4666666666666666,9.066666666666666,False,False,,False,,False,,False
Lapo Nava,2023-2024,1,0,3,0.0,0,0,0,0,0,0,0,0,0.0,0.0,0.0,0.0,0,0,0,19,Milan,ITA,GK,Goalkeeper,1,1,False,,,,,,,,,,True,False,,False,,False,,False
Lassana Coulibaly,2023-2024,28,25,2082,23.1,0,1,1,0,0,0,5,0,0.6,0.6,0.8,1.4,29,88,38,27,Salernitana,MLI,MF,Midfielder,1,1,False,0.0,0.04329004329004329,0.04329004329004329,0.025974025974025972,0.03463203463203463,0.025974025974025972,1.2554112554112553,3.8095238095238093,1.6450216450216448,False,False,,False,,False,,False
Lautaro Gianetti,2023-2024,7,7,630,7.0,1,0,1,1,0,0,4,0,0.4,0.4,0.1,0.4,2,4,0,29,Udinese,ARG,DF,Defender,1,1,False,0.14285714285714285,0.0,0.14285714285714285,0.05714285714285715,0.014285714285714287,0.05714285714285715,0.2857142857142857,0.5714285714285714,0.0,False,False,,False,,False,,False
Lautaro Martínez,2023-2024,33,31,2656,29.5,24,3,27,22,2,3,5,0,17.6,15.3,3.6,18.8,54,80,172,25,Inter,ARG,FW,Forward,1,1,False,0.8135593220338984,0.1016949152542373,0.9152542372881356,0.5966101694915255,0.12203389830508475,0.5186440677966102,1.8305084745762712,2.711864406779661,5.830508474576271,False,True,2.0,False,2.0,True,0,True
Lazar Samardzic,2023-2024,34,28,2372,26.4,6,2,8,5,1,1,3,0,3.5,2.8,5.5,8.3,65,83,91,21,Udinese,SRB,MF,Midfielder,1,1,False,0.2272727272727273,0.07575757575757576,0.30303030303030304,0.13257575757575757,0.20833333333333334,0.10606060606060606,2.4621212121212124,3.143939393939394,3.4469696969696972,False,False,,False,,False,,False
Leander Dendoncker,2023-2024,3,0,24,0.3,0,0,0,0,0,0,0,0,0.0,0.0,0.0,0.0,0,2,0,28,Napoli,BEL,MF,Midfielder,1,1,False,0.0,0.0,0.0,0.0,0.0,0.0,0.0,6.666666666666667,0.0,True,False,,False,,False,,False
Leandro Paredes,2023-2024,34,32,2634,29.3,3,5,8,0,3,3,15,1,3.3,1.0,2.3,3.2,36,214,19,29,Roma,ARG,MF,Midfielder,1,1,False,0.10238907849829351,0.1706484641638225,0.27303754266211605,0.11262798634812286,0.07849829351535835,0.034129692832764506,1.2286689419795223,7.3037542662116035,0.6484641638225256,False,False,,False,,False,,False
Leo Skiri Østigård,2023-2024,25,18,1625,18.1,1,0,1,1,0,0,3,0,0.6,0.6,0.1,0.7,13,76,3,23,Napoli,NOR,DF,Defender,1,1,False,0.055248618784530384,0.0,0.055248618784530384,0.03314917127071823,0.0055248618784530384,0.03314917127071823,0.718232044198895,4.198895027624309,0.16574585635359115,False,False,,False,,False,,False
Leonardo Cerri,2023-2024,1,0,7,0.1,0,0,0,0,0,0,0,0,0.0,0.0,0.0,0.0,0,0,2,20,Juventus,ITA,DF,Defender,1,1,False,0.0,0.0,0.0,0.0,0.0,0.0,0.0,0.0,20.0,True,False,,False,,False,,False
Leonardo Mendicino,2023-2024,1,0,1,0.0,0,0,0,0,0,0,0,0,0.0,0.0,0.0,0.0,0,0,0,17,Atalanta,ITA,MF,Midfielder,1,1,False,,,,,,,,,,True,False,,False,,False,,False
Leonardo Pavoletti,2023-2024,19,5,628,7.0,4,1,5,4,0,0,4,0,2.6,2.6,0.3,2.9,1,16,40,34,Cagliari,ITA,FW,Forward,1,1,False,0.5714285714285714,0.14285714285714285,0.7142857142857143,0.37142857142857144,0.04285714285714286,0.37142857142857144,0.14285714285714285,2.2857142857142856,5.714285714285714,False,False,,False,,False,,False
Leonardo Spinazzola,2023-2024,24,15,1312,14.6,1,2,3,1,0,0,0,0,0.2,0.2,3.0,3.2,108,52,74,30,Roma,ITA,DF,Defender,1,1,False,0.0684931506849315,0.136986301369863,0.20547945205479454,0.013698630136986302,0.20547945205479454,0.013698630136986302,7.397260273972603,3.5616438356164384,5.068493150684931,False,False,,False,,False,,False
Lewis Ferguson,2023-2024,31,31,2712,30.1,6,3,9,6,0,0,8,0,5.4,5.4,2.3,7.7,57,142,138,23,Bologna,SCO,MF,Midfielder,1,1,False,0.19933554817275748,0.09966777408637874,0.2990033222591362,0.17940199335548174,0.07641196013289035,0.17940199335548174,1.893687707641196,4.717607973421926,4.584717607973421,False,False,,False,,False,,False
Liam Henderson,2023-2024,1,0,5,0.1,0,0,0,0,0,0,0,0,0.0,0.0,0.0,0.0,0,0,0,27,Empoli,SCO,MF,Midfielder,1,1,False,0.0,0.0,0.0,0.0,0.0,0.0,0.0,0.0,0.0,True,False,,False,,False,,False
Liberato Cacace,2023-2024,31,18,1912,21.2,0,1,1,0,0,0,6,0,0.4,0.4,1.7,2.1,34,84,55,22,Empoli,NZL,DF,Defender,1,1,False,0.0,0.04716981132075472,0.04716981132075472,0.01886792452830189,0.08018867924528301,0.01886792452830189,1.6037735849056605,3.9622641509433962,2.5943396226415096,False,False,,False,,False,,False
Lorenzo Amatucci,2023-2024,2,0,22,0.2,0,0,0,0,0,0,0,0,0.0,0.0,0.0,0.0,1,2,1,19,Fiorentina,ITA,MF,Midfielder,1,1,False,0.0,0.0,0.0,0.0,0.0,0.0,5.0,10.0,5.0,True,False,,False,,False,,False
Lorenzo Colombo,2023-2024,25,16,1359,15.1,4,1,5,4,0,0,3,0,3.6,3.6,0.6,4.2,16,24,75,21,Monza,ITA,FW,Forward,1,1,False,0.26490066225165565,0.06622516556291391,0.33112582781456956,0.2384105960264901,0.039735099337748346,0.2384105960264901,1.0596026490066226,1.589403973509934,4.966887417218543,False,False,,False,,False,,False
Lorenzo De Silvestri,2023-2024,15,7,674,7.5,2,0,2,2,0,0,0,0,0.2,0.2,0.0,0.2,14,27,12,35,Bologna,ITA,DF,Defender,1,1,False,0.26666666666666666,0.0,0.26666666666666666,0.02666666666666667,0.0,0.02666666666666667,1.8666666666666667,3.6,1.6,False,False,,False,,False,,False
Lorenzo Lucca,2023-2024,37,30,2592,28.8,8,4,12,8,0,0,6,0,7.8,7.8,1.6,9.4,10,18,118,22,Udinese,ITA,FW,Forward,1,1,False,0.2777777777777778,0.1388888888888889,0.41666666666666663,0.2708333333333333,0.05555555555555556,0.2708333333333333,0.3472222222222222,0.625,4.097222222222222,False,False,,False,,False,,False
Lorenzo Montipò,2023-2024,37,37,3330,37.0,0,1,1,0,0,0,0,0,0.0,0.0,0.0,0.0,0,0,0,27,Hellas Verona,ITA,GK,Goalkeeper,1,1,False,0.0,0.02702702702702703,0.02702702702702703,0.0,0.0,0.0,0.0,0.0,0.0,False,False,,False,,False,,False
Lorenzo Pellegrini,2023-2024,29,20,1859,20.7,8,3,11,7,1,1,7,0,4.8,4.0,2.4,6.4,43,94,97,27,Roma,ITA,MF,Midfielder,1,1,False,0.3864734299516908,0.14492753623188406,0.5314009661835749,0.2318840579710145,0.11594202898550725,0.1932367149758454,2.077294685990338,4.541062801932367,4.685990338164252,False,False,,False,,False,,False
Lorenzo Pirola,2023-2024,27,24,1987,22.1,1,0,1,1,0,0,4,0,0.9,0.9,0.0,0.9,13,57,7,21,Salernitana,ITA,DF,Defender,1,1,False,0.04524886877828054,0.0,0.04524886877828054,0.04072398190045249,0.0,0.04072398190045249,0.588235294117647,2.5791855203619907,0.3167420814479638,False,False,,False,,False,,False
Lorenzo Venuti,2023-2024,14,3,364,4.0,0,0,0,0,0,0,1,0,0.1,0.1,0.3,0.4,7,16,15,28,Lecce,ITA,DF,Defender,1,1,False,0.0,0.0,0.0,0.025,0.075,0.025,1.75,4.0,3.75,True,False,,False,,False,,False
Loum Tchaouna,2023-2024,33,23,2100,23.3,4,3,7,4,0,0,4,0,2.6,2.6,1.5,4.1,72,59,151,19,Salernitana,FRA,"FW,MF",Forward,2,1,False,0.17167381974248927,0.12875536480686695,0.3004291845493562,0.11158798283261803,0.06437768240343347,0.11158798283261803,3.0901287553648067,2.532188841201717,6.48068669527897,False,False,,False,,False,,False
Luca Caldirola,2023-2024,29,23,2141,23.8,1,1,2,1,0,0,7,1,0.5,0.5,0.6,1.1,10,56,9,32,Monza,ITA,DF,Defender,1,1,False,0.04201680672268907,0.04201680672268907,0.08403361344537814,0.021008403361344536,0.025210084033613443,0.021008403361344536,0.42016806722689076,2.3529411764705883,0.37815126050420167,False,False,,False,,False,,False
Luca Garritano,2023-2024,12,5,485,5.4,0,0,0,0,0,0,1,0,0.7,0.7,0.3,1.0,6,23,23,29,Frosinone,ITA,"MF,DF",Midfielder,2,1,False,0.0,0.0,0.0,0.12962962962962962,0.05555555555555555,0.12962962962962962,1.111111111111111,4.259259259259259,4.259259259259259,False,False,,False,,False,,False
Luca Gemello,2023-2024,2,2,180,2.0,0,0,0,0,0,0,0,0,0.0,0.0,0.0,0.0,0,0,0,23,Torino,ITA,GK,Goalkeeper,1,1,False,0.0,0.0,0.0,0.0,0.0,0.0,0.0,0.0,0.0,True,False,,False,,False,,False
Luca Lipani,2023-2024,8,5,384,4.3,0,0,0,0,0,0,0,0,0.1,0.1,0.2,0.3,6,20,3,18,Sassuolo,ITA,MF,Midfielder,1,1,False,0.0,0.0,0.0,0.023255813953488375,0.04651162790697675,0.023255813953488375,1.3953488372093024,4.651162790697675,0.6976744186046512,True,False,,False,,False,,False
Luca Mazzitelli,2023-2024,29,26,2210,24.6,5,0,5,5,0,0,6,1,2.3,2.3,1.1,3.4,18,167,53,27,Frosinone,ITA,MF,Midfielder,1,1,False,0.2032520325203252,0.0,0.2032520325203252,0.09349593495934957,0.044715447154471545,0.09349593495934957,0.7317073170731707,6.788617886178861,2.154471544715447,False,False,,False,,False,,False
Luca Pellegrini,2023-2024,19,8,786,8.7,1,0,1,1,0,0,7,1,0.2,0.2,0.3,0.5,18,46,30,24,Lazio,ITA,DF,Defender,1,1,False,0.1149425287356322,0.0,0.1149425287356322,0.02298850574712644,0.034482758620689655,0.02298850574712644,2.0689655172413794,5.287356321839081,3.4482758620689657,False,False,,False,,False,,False
Luca Ranieri,2023-2024,26,23,2065,22.9,2,1,3,2,0,0,14,0,0.9,0.9,0.4,1.3,17,99,5,24,Fiorentina,ITA,DF,Defender,1,1,False,0.08733624454148473,0.04366812227074236,0.13100436681222707,0.039301310043668124,0.017467248908296946,0.039301310043668124,0.7423580786026202,4.323144104803494,0.2183406113537118,False,False,,False,,False,,False
Lucas Beltrán,2023-2024,32,21,1692,18.8,6,2,8,5,1,1,6,0,3.8,3.0,1.5,4.5,12,49,113,22,Fiorentina,ARG,"FW,MF",Forward,2,1,False,0.3191489361702127,0.10638297872340426,0.425531914893617,0.20212765957446807,0.07978723404255318,0.15957446808510636,0.6382978723404255,2.606382978723404,6.01063829787234,False,False,,False,,False,,False
Lucas Martínez Quarta,2023-2024,29,26,2291,25.5,5,1,6,5,0,0,9,0,2.7,2.7,1.8,4.6,23,177,16,27,Fiorentina,ARG,DF,Defender,1,1,False,0.19607843137254902,0.0392156862745098,0.23529411764705882,0.10588235294117648,0.07058823529411765,0.10588235294117648,0.9019607843137255,6.9411764705882355,0.6274509803921569,False,False,,False,,False,,False
Lucien Agoume,2023-2024,1,0,5,0.1,0,0,0,0,0,0,0,0,0.0,0.0,0.0,0.0,0,0,0,21,Inter,FRA,MF,Midfielder,1,1,False,0.0,0.0,0.0,0.0,0.0,0.0,0.0,0.0,0.0,True,True,1.0,False,1.0,True,1,True
Luigi Canotto,2023-2024,1,0,16,0.2,0,0,0,0,0,0,0,0,0.0,0.0,0.0,0.0,0,0,1,29,Frosinone,ITA,FW,Forward,1,1,False,0.0,0.0,0.0,0.0,0.0,0.0,0.0,0.0,5.0,True,False,,False,,False,,False
Luis Alberto,2023-2024,33,29,2311,25.7,5,7,12,5,0,0,7,0,4.7,4.7,4.7,9.4,83,212,124,30,Lazio,ESP,MF,Midfielder,1,1,False,0.19455252918287938,0.27237354085603116,0.4669260700389105,0.18287937743190663,0.18287937743190663,0.18287937743190663,3.2295719844357977,8.249027237354086,4.824902723735408,False,False,,False,,False,,False
Luis Muriel,2023-2024,18,2,409,4.5,2,1,3,2,0,0,0,0,1.5,1.5,1.7,3.3,19,24,57,32,Atalanta,COL,"FW,MF",Forward,2,1,False,0.4444444444444444,0.2222222222222222,0.6666666666666666,0.3333333333333333,0.37777777777777777,0.3333333333333333,4.222222222222222,5.333333333333333,12.666666666666666,True,False,,False,,False,,False
Luka Jović,2023-2024,23,8,877,9.7,6,1,7,6,0,0,2,1,4.9,4.9,0.8,5.7,6,22,47,25,Milan,SRB,FW,Forward,1,1,False,0.6185567010309279,0.10309278350515465,0.7216494845360826,0.5051546391752578,0.08247422680412372,0.5051546391752578,0.6185567010309279,2.2680412371134024,4.845360824742269,False,False,,False,,False,,False
Luka Romero,2023-2024,4,0,88,1.0,0,0,0,0,0,0,1,0,0.1,0.1,0.0,0.1,4,3,7,18,Milan,ARG,"FW,MF",Forward,2,1,False,0.0,0.0,0.0,0.1,0.0,0.1,4.0,3.0,7.0,True,False,,False,,False,,False
M'Bala Nzola,2023-2024,33,15,1552,17.2,3,3,6,2,1,1,2,0,4.5,3.7,1.6,5.4,21,29,143,26,Fiorentina,ANG,FW,Forward,1,1,False,0.1744186046511628,0.1744186046511628,0.3488372093023256,0.2616279069767442,0.0930232558139535,0.21511627906976746,1.2209302325581395,1.686046511627907,8.313953488372093,False,False,,False,,False,,False
M'Baye Niang,2023-2024,14,5,708,7.9,6,1,7,2,4,4,1,0,5.4,2.3,0.9,3.2,13,11,43,28,Empoli,SEN,FW,Forward,1,1,False,0.7594936708860759,0.12658227848101264,0.8860759493670886,0.6835443037974683,0.11392405063291139,0.29113924050632906,1.6455696202531644,1.3924050632911391,5.443037974683544,False,False,,False,,False,,False
Maduka Okoye,2023-2024,21,21,1890,21.0,0,0,0,0,0,0,2,0,0.0,0.0,0.0,0.0,0,0,0,23,Udinese,NGA,GK,Goalkeeper,1,1,False,0.0,0.0,0.0,0.0,0.0,0.0,0.0,0.0,0.0,False,False,,False,,False,,False
Malick Thiaw,2023-2024,21,19,1619,18.0,0,1,1,0,0,0,5,1,0.6,0.6,0.1,0.7,15,70,1,21,Milan,GER,DF,Defender,1,1,False,0.0,0.05555555555555555,0.05555555555555555,0.03333333333333333,0.005555555555555556,0.03333333333333333,0.8333333333333334,3.888888888888889,0.05555555555555555,False,False,,False,,False,,False
Mamadou Coulibaly,2023-2024,1,0,3,0.0,0,0,0,0,0,0,0,0,0.0,0.0,0.0,0.0,0,0,0,24,Salernitana,SEN,DF,Defender,1,1,False,,,,,,,,,,True,False,,False,,False,,False
Manuel Lazzari,2023-2024,24,19,1671,18.6,0,2,2,0,0,0,4,1,1.0,1.0,1.3,2.3,73,62,104,29,Lazio,ITA,DF,Defender,1,1,False,0.0,0.1075268817204301,0.1075268817204301,0.05376344086021505,0.06989247311827956,0.05376344086021505,3.9247311827956985,3.333333333333333,5.591397849462365,False,False,,False,,False,,False
Manuel Locatelli,2023-2024,36,34,3008,33.4,1,4,5,1,0,0,6,0,1.3,1.3,1.4,2.7,21,232,26,25,Juventus,ITA,MF,Midfielder,1,1,False,0.029940119760479042,0.11976047904191617,0.14970059880239522,0.038922155688622756,0.041916167664670656,0.038922155688622756,0.62874251497006,6.946107784431138,0.7784431137724551,False,False,,False,,False,,False
Marash Kumbulla,2023-2024,7,3,362,4.0,0,0,0,0,0,0,1,0,0.0,0.0,0.0,0.0,2,3,0,23,Sassuolo,ALB,DF,Defender,1,1,False,0.0,0.0,0.0,0.0,0.0,0.0,0.5,0.75,0.0,True,False,,False,,False,,False
Marcin Listkowski,2023-2024,1,0,8,0.1,0,0,0,0,0,0,0,0,0.0,0.0,0.0,0.0,0,1,0,25,Lecce,POL,FW,Forward,1,1,False,0.0,0.0,0.0,0.0,0.0,0.0,0.0,10.0,0.0,True,False,,False,,False,,False
Marco Brescianini,2023-2024,36,24,2321,25.8,4,2,6,4,0,0,1,0,2.3,2.3,1.6,3.9,46,70,100,23,Frosinone,ITA,MF,Midfielder,1,1,False,0.15503875968992248,0.07751937984496124,0.23255813953488372,0.08914728682170542,0.06201550387596899,0.08914728682170542,1.7829457364341086,2.7131782945736433,3.875968992248062,False,False,,False,,False,,False
Marco Carnesecchi,2023-2024,27,27,2425,26.9,0,0,0,0,0,0,0,0,0.0,0.0,0.0,0.0,0,0,0,23,Atalanta,ITA,GK,Goalkeeper,1,1,False,0.0,0.0,0.0,0.0,0.0,0.0,0.0,0.0,0.0,False,False,,False,,False,,False
Marco Mancosu,2023-2024,6,3,156,1.7,0,0,0,0,0,1,0,0,1.2,0.5,0.2,0.7,4,8,11,34,Cagliari,ITA,"MF,FW",Midfielder,2,1,False,0.0,0.0,0.0,0.7058823529411765,0.11764705882352942,0.29411764705882354,2.3529411764705883,4.705882352941177,6.470588235294118,True,False,,False,,False,,False
Marco Pellegrino,2023-2024,11,5,613,6.8999999999999995,0,0,0,0,0,0,1,0,0.0,0.0,0.0,0.1,1,10,1,21,MULTI:Milan|Salernitana,ARG,DF,Defender,1,2,True,0.0,0.0,0.0,0.0,0.0,0.0,0.14492753623188406,1.4492753623188408,0.14492753623188406,False,False,,False,,False,,False
Marco Silvestri,2023-2024,17,17,1530,17.0,0,0,0,0,0,0,0,0,0.0,0.0,0.0,0.0,0,0,0,32,Udinese,ITA,GK,Goalkeeper,1,1,False,0.0,0.0,0.0,0.0,0.0,0.0,0.0,0.0,0.0,False,False,,False,,False,,False
Marco Sportiello,2023-2024,7,7,630,7.0,0,0,0,0,0,0,0,0,0.0,0.0,0.0,0.0,0,0,0,31,Milan,ITA,GK,Goalkeeper,1,1,False,0.0,0.0,0.0,0.0,0.0,0.0,0.0,0.0,0.0,False,False,,False,,False,,False
Marcus Pedersen,2023-2024,28,16,1613,17.9,0,2,2,0,0,0,4,0,0.1,0.1,1.1,1.2,43,31,90,23,Sassuolo,NOR,DF,Defender,1,1,False,0.0,0.111731843575419,0.111731843575419,0.005586592178770951,0.06145251396648046,0.005586592178770951,2.4022346368715084,1.7318435754189945,5.027932960893855,False,False,,False,,False,,False
Marcus Thuram,2023-2024,35,34,2687,29.9,13,7,20,13,0,0,3,0,14.3,14.3,3.7,18.0,68,47,192,25,Inter,FRA,FW,Forward,1,1,False,0.4347826086956522,0.23411371237458195,0.6688963210702341,0.47826086956521746,0.12374581939799333,0.47826086956521746,2.2742474916387962,1.5719063545150502,6.421404682274248,False,True,4.0,False,4.0,True,0,True
Marin Pongračić,2023-2024,36,36,3219,35.8,0,0,0,0,0,0,10,1,1.2,1.2,0.4,1.5,45,134,7,25,Lecce,CRO,DF,Defender,1,1,False,0.0,0.0,0.0,0.0335195530726257,0.011173184357541902,0.0335195530726257,1.2569832402234637,3.7430167597765367,0.19553072625698326,False,False,,False,,False,,False
Mario Gila,2023-2024,21,21,1809,20.1,0,0,0,0,0,0,4,1,0.5,0.5,0.5,1.0,21,93,12,22,Lazio,ESP,DF,Defender,1,1,False,0.0,0.0,0.0,0.02487562189054726,0.02487562189054726,0.02487562189054726,1.044776119402985,4.626865671641791,0.5970149253731343,False,False,,False,,False,,False
Mario Pašalić,2023-2024,34,23,2051,22.8,6,6,12,4,2,2,3,0,7.1,5.5,4.1,9.6,48,129,74,28,Atalanta,CRO,MF,Midfielder,1,1,False,0.2631578947368421,0.2631578947368421,0.5263157894736842,0.3114035087719298,0.17982456140350875,0.2412280701754386,2.1052631578947367,5.657894736842105,3.245614035087719,False,False,,False,,False,,False
Marko Arnautović,2023-2024,27,5,801,8.9,5,3,8,5,0,0,0,0,5.0,5.0,2.6,7.6,12,20,77,34,Inter,AUT,FW,Forward,1,1,False,0.5617977528089887,0.33707865168539325,0.898876404494382,0.5617977528089887,0.29213483146067415,0.5617977528089887,1.348314606741573,2.2471910112359548,8.651685393258427,False,True,,True,-1.0,True,0,True
Marley Aké,2023-2024,1,0,10,0.1,0,0,0,0,0,0,0,0,0.0,0.0,0.0,0.0,0,0,0,22,Udinese,FRA,FW,Forward,1,1,False,0.0,0.0,0.0,0.0,0.0,0.0,0.0,0.0,0.0,True,False,,False,,False,,False
Marten de Roon,2023-2024,30,29,2599,28.9,0,5,5,0,0,0,10,0,0.6,0.6,1.2,1.8,28,178,22,32,Atalanta,NED,"MF,DF",Midfielder,2,1,False,0.0,0.17301038062283738,0.17301038062283738,0.020761245674740483,0.04152249134948097,0.020761245674740483,0.9688581314878894,6.159169550173011,0.7612456747404844,False,False,,False,,False,,False
Martin Erlic,2023-2024,32,31,2618,29.1,1,0,1,1,0,0,5,0,1.0,1.0,0.0,1.0,19,78,11,25,Sassuolo,CRO,DF,Defender,1,1,False,0.034364261168384876,0.0,0.034364261168384876,0.034364261168384876,0.0,0.034364261168384876,0.6529209621993127,2.6804123711340204,0.37800687285223367,False,False,,False,,False,,False
Martin Hongla,2023-2024,15,12,1084,12.0,0,0,0,0,0,0,0,0,0.1,0.1,0.3,0.4,6,57,6,25,Hellas Verona,CMR,MF,Midfielder,1,1,False,0.0,0.0,0.0,0.008333333333333333,0.024999999999999998,0.008333333333333333,0.5,4.75,0.5,False,False,,False,,False,,False
Martín Payero,2023-2024,29,21,1796,20.0,2,2,4,2,0,0,6,1,1.5,1.5,1.1,2.6,47,71,64,24,Udinese,ARG,MF,Midfielder,1,1,False,0.1,0.1,0.2,0.075,0.05500000000000001,0.075,2.35,3.55,3.2,False,False,,False,,False,,False
Marvin Cuni,2023-2024,22,6,534,5.9,1,0,1,1,0,0,0,0,1.3,1.3,0.3,1.6,6,11,45,22,Frosinone,ALB,FW,Forward,1,1,False,0.1694915254237288,0.0,0.1694915254237288,0.22033898305084745,0.05084745762711864,0.22033898305084745,1.0169491525423728,1.8644067796610169,7.627118644067796,False,False,,False,,False,,False
Mateo Retegui,2023-2024,29,26,2216,24.6,7,2,9,6,1,1,5,0,5.8,5.0,0.7,5.8,18,17,112,24,Genoa,ITA,FW,Forward,1,1,False,0.2845528455284553,0.08130081300813008,0.36585365853658536,0.23577235772357721,0.028455284552845524,0.2032520325203252,0.7317073170731707,0.6910569105691057,4.5528455284552845,False,False,,False,,False,,False
Mateus Lusuardi,2023-2024,4,3,219,2.4,0,0,0,0,0,0,1,0,0.1,0.1,0.0,0.1,2,12,0,19,Frosinone,BRA,DF,Defender,1,1,False,0.0,0.0,0.0,0.04166666666666667,0.0,0.04166666666666667,0.8333333333333334,5.0,0.0,True,False,,False,,False,,False
Mateusz Wieteska,2023-2024,19,10,965,10.7,0,1,1,0,0,0,5,1,0.3,0.3,0.6,0.9,16,33,1,26,Cagliari,POL,DF,Defender,1,1,False,0.0,0.09345794392523366,0.09345794392523366,0.028037383177570093,0.056074766355140186,0.028037383177570093,1.4953271028037385,3.0841121495327104,0.09345794392523366,False,False,,False,,False,,False
Mateusz Łęgowski,2023-2024,29,10,1145,12.7,0,0,0,0,0,0,3,0,0.2,0.2,0.2,0.5,16,37,17,20,Salernitana,POL,MF,Midfielder,1,1,False,0.0,0.0,0.0,0.015748031496062995,0.015748031496062995,0.015748031496062995,1.2598425196850394,2.9133858267716537,1.3385826771653544,False,False,,False,,False,,False
Matheus Henrique,2023-2024,31,27,2501,27.8,2,2,4,2,0,0,8,1,2.3,2.3,1.6,3.9,43,94,44,25,Sassuolo,BRA,MF,Midfielder,1,1,False,0.07194244604316546,0.07194244604316546,0.14388489208633093,0.08273381294964027,0.05755395683453238,0.08273381294964027,1.5467625899280575,3.381294964028777,1.5827338129496402,False,False,,False,,False,,False
Mathías Olivera,2023-2024,23,18,1569,17.4,1,1,2,1,0,0,3,0,0.5,0.5,0.9,1.4,31,89,93,25,Napoli,URU,DF,Defender,1,1,False,0.0574712643678161,0.0574712643678161,0.1149425287356322,0.02873563218390805,0.05172413793103449,0.02873563218390805,1.781609195402299,5.114942528735632,5.344827586206897,False,False,,False,,False,,False
Matteo Cancellieri,2023-2024,36,18,1788,19.9,4,3,7,4,0,0,7,0,4.7,4.7,2.9,7.6,48,26,138,21,Empoli,ITA,"FW,MF",Forward,2,1,False,0.20100502512562815,0.15075376884422112,0.35175879396984927,0.2361809045226131,0.1457286432160804,0.2361809045226131,2.412060301507538,1.306532663316583,6.934673366834171,False,False,,False,,False,,False
Matteo Darmian,2023-2024,33,27,2404,26.7,2,1,3,2,0,0,2,0,1.2,1.2,1.8,3.0,18,72,82,33,Inter,ITA,DF,Defender,1,1,False,0.0749063670411985,0.03745318352059925,0.11235955056179775,0.0449438202247191,0.06741573033707865,0.0449438202247191,0.6741573033707865,2.696629213483146,3.0711610486891385,False,True,0.0,False,0.0,True,0,True
Matteo Gabbia,2023-2024,18,14,1275,14.2,2,1,3,2,0,0,5,0,1.6,1.6,0.3,1.9,11,42,2,23,Milan,ITA,DF,Defender,1,1,False,0.14084507042253522,0.07042253521126761,0.21126760563380284,0.11267605633802819,0.02112676056338028,0.11267605633802819,0.7746478873239437,2.9577464788732395,0.14084507042253522,False,False,,False,,False,,False
Matteo Lovato,2023-2024,26,17,1491,16.5,0,0,0,0,0,0,4,0,0.0,0.0,0.2,0.2,1,33,1,23,MULTI:Salernitana|Torino,ITA,DF,Defender,1,2,True,0.0,0.0,0.0,0.0,0.012121212121212121,0.0,0.06060606060606061,2.0,0.06060606060606061,False,False,,False,,False,,False
Matteo Pessina,2023-2024,37,37,3222,35.8,6,3,9,2,4,5,5,1,6.3,2.4,1.1,3.5,69,190,53,26,Monza,ITA,MF,Midfielder,1,1,False,0.1675977653631285,0.08379888268156425,0.25139664804469275,0.17597765363128492,0.03072625698324023,0.0670391061452514,1.927374301675978,5.307262569832402,1.4804469273743017,False,False,,False,,False,,False
Matteo Politano,2023-2024,37,31,2360,26.2,8,7,15,6,2,3,2,1,7.1,4.8,6.6,11.4,113,164,216,29,Napoli,ITA,FW,Forward,1,1,False,0.3053435114503817,0.26717557251908397,0.5725190839694657,0.27099236641221375,0.25190839694656486,0.183206106870229,4.312977099236641,6.259541984732825,8.244274809160306,False,False,,False,,False,,False
Matteo Prati,2023-2024,26,19,1972,21.9,1,1,2,1,0,0,4,0,2.0,2.0,0.8,2.8,8,66,17,19,Cagliari,ITA,MF,Midfielder,1,1,False,0.04566210045662101,0.04566210045662101,0.09132420091324202,0.09132420091324202,0.03652968036529681,0.09132420091324202,0.36529680365296807,3.0136986301369864,0.7762557077625571,False,False,,False,,False,,False
Matteo Ruggeri,2023-2024,34,28,2449,27.2,0,4,4,0,0,0,3,0,0.5,0.5,1.8,2.3,55,142,132,21,Atalanta,ITA,DF,Defender,1,1,False,0.0,0.14705882352941177,0.14705882352941177,0.01838235294117647,0.0661764705882353,0.01838235294117647,2.0220588235294117,5.220588235294118,4.852941176470589,False,False,,False,,False,,False
Mattia Bani,2023-2024,27,27,2306,25.6,2,0,2,2,0,0,9,0,1.2,1.2,0.1,1.3,5,37,4,29,Genoa,ITA,DF,Defender,1,1,False,0.078125,0.0,0.078125,0.04687499999999999,0.00390625,0.04687499999999999,0.1953125,1.4453125,0.15625,False,False,,False,,False,,False
Mattia Caldara,2023-2024,1,0,33,0.4,0,0,0,0,0,0,0,0,0.2,0.2,0.0,0.2,0,2,0,29,Milan,ITA,DF,Defender,1,1,False,0.0,0.0,0.0,0.5,0.0,0.5,0.0,5.0,0.0,True,False,,False,,False,,False
Mattia De Sciglio,2023-2024,1,1,45,0.5,0,0,0,0,0,0,0,0,0.0,0.0,0.0,0.0,0,3,1,30,Juventus,ITA,DF,Defender,1,1,False,0.0,0.0,0.0,0.0,0.0,0.0,0.0,6.0,2.0,True,False,,False,,False,,False
Mattia Destro,2023-2024,15,3,366,4.1,0,0,0,0,0,0,2,0,1.2,1.2,0.3,1.5,4,4,19,32,Empoli,ITA,"FW,MF",Forward,2,1,False,0.0,0.0,0.0,0.29268292682926833,0.07317073170731708,0.29268292682926833,0.9756097560975611,0.9756097560975611,4.634146341463415,True,False,,False,,False,,False
Mattia Perin,2023-2024,3,3,225,2.5,0,0,0,0,0,0,0,0,0.0,0.0,0.0,0.0,0,0,0,30,Juventus,ITA,GK,Goalkeeper,1,1,False,0.0,0.0,0.0,0.0,0.0,0.0,0.0,0.0,0.0,True,False,,False,,False,,False
Mattia Viti,2023-2024,15,12,979,10.9,1,0,1,1,0,0,0,0,1.0,1.0,0.0,1.0,2,36,13,21,Sassuolo,ITA,DF,Defender,1,1,False,0.09174311926605504,0.0,0.09174311926605504,0.09174311926605504,0.0,0.09174311926605504,0.18348623853211007,3.3027522935779814,1.1926605504587156,False,False,,False,,False,,False
Mattia Zaccagni,2023-2024,28,24,1956,21.7,6,1,7,6,0,0,8,0,4.7,4.7,2.9,7.6,88,55,209,28,Lazio,ITA,"FW,MF",Forward,2,1,False,0.2764976958525346,0.04608294930875576,0.3225806451612903,0.21658986175115208,0.1336405529953917,0.21658986175115208,4.055299539170507,2.5345622119815667,9.631336405529954,False,False,,False,,False,,False
Mattéo Guendouzi,2023-2024,33,27,2367,26.3,2,3,5,2,0,0,3,1,1.6,1.6,2.3,3.9,46,119,79,24,Lazio,FRA,MF,Midfielder,1,1,False,0.07604562737642585,0.11406844106463879,0.19011406844106463,0.060836501901140684,0.08745247148288972,0.060836501901140684,1.7490494296577945,4.524714828897339,3.003802281368821,False,False,,False,,False,,False
Matìas Soulé,2023-2024,36,36,3121,34.7,11,3,14,6,5,6,4,0,10.5,5.7,6.6,12.3,115,198,211,20,Frosinone,ARG,"FW,MF",Forward,2,1,False,0.31700288184438036,0.08645533141210374,0.4034582132564841,0.3025936599423631,0.19020172910662822,0.1642651296829971,3.3141210374639765,5.706051873198847,6.0806916426512965,False,False,,False,,False,,False
Matías Vecino,2023-2024,31,8,1153,12.8,6,1,7,6,0,0,8,0,3.7,3.7,0.4,4.1,16,74,43,31,Lazio,URU,MF,Midfielder,1,1,False,0.46875,0.078125,0.546875,0.2890625,0.03125,0.2890625,1.25,5.78125,3.359375,False,False,,False,,False,,False
Matías Viña,2023-2024,15,13,1014,11.3,0,3,3,0,0,0,1,0,0.3,0.3,1.4,1.7,24,46,37,25,Sassuolo,URU,DF,Defender,1,1,False,0.0,0.2654867256637168,0.2654867256637168,0.026548672566371678,0.1238938053097345,0.026548672566371678,2.1238938053097343,4.070796460176991,3.2743362831858405,False,False,,False,,False,,False
Maxime Lopez,2023-2024,21,9,940,10.5,0,0,0,0,0,0,1,1,0.2,0.2,0.8,1.0,16,66,15,25,MULTI:Fiorentina|Sassuolo,FRA,MF,Midfielder,1,2,True,0.0,0.0,0.0,0.01904761904761905,0.0761904761904762,0.01904761904761905,1.5238095238095237,6.285714285714286,1.4285714285714286,False,False,,False,,False,,False
Medon Berisha,2023-2024,6,2,205,2.3,0,0,0,0,0,0,0,0,0.2,0.2,0.2,0.4,3,7,3,19,Lecce,ALB,"FW,MF",Forward,2,1,False,0.0,0.0,0.0,0.08695652173913045,0.08695652173913045,0.08695652173913045,1.3043478260869565,3.0434782608695654,1.3043478260869565,True,False,,False,,False,,False
Mehdi Bourabia,2023-2024,10,3,200,2.2,0,0,0,0,0,0,1,0,0.1,0.1,0.0,0.1,1,7,8,31,Frosinone,MAR,MF,Midfielder,1,1,False,0.0,0.0,0.0,0.045454545454545456,0.0,0.045454545454545456,0.45454545454545453,3.1818181818181817,3.6363636363636362,True,False,,False,,False,,False
Michael Folorunsho,2023-2024,34,33,2781,30.9,5,1,6,5,0,0,5,0,4.0,3.9,1.4,5.3,56,54,110,25,Hellas Verona,ITA,"MF,FW",Midfielder,2,1,False,0.16181229773462785,0.03236245954692557,0.1941747572815534,0.12944983818770228,0.04530744336569579,0.1262135922330097,1.8122977346278317,1.7475728155339807,3.5598705501618126,False,False,,False,,False,,False
Michael Kayode,2023-2024,26,22,2058,22.9,1,1,2,1,0,0,2,0,0.5,0.5,1.1,1.6,45,80,102,19,Fiorentina,ITA,DF,Defender,1,1,False,0.04366812227074236,0.04366812227074236,0.08733624454148473,0.02183406113537118,0.0480349344978166,0.02183406113537118,1.9650655021834063,3.493449781659389,4.454148471615721,False,False,,False,,False,,False
Michel Aebischer,2023-2024,36,26,2230,24.8,0,1,1,0,0,0,8,0,1.1,1.1,1.5,2.6,26,125,55,26,Bologna,SUI,MF,Midfielder,1,1,False,0.0,0.04032258064516129,0.04032258064516129,0.04435483870967742,0.06048387096774193,0.04435483870967742,1.0483870967741935,5.040322580645161,2.217741935483871,False,False,,False,,False,,False
Michel Ndary Adopo,2023-2024,10,0,109,1.2,0,1,1,0,0,0,0,0,0.1,0.1,0.1,0.1,3,9,16,23,Atalanta,FRA,MF,Midfielder,1,1,False,0.0,0.8333333333333334,0.8333333333333334,0.08333333333333334,0.08333333333333334,0.08333333333333334,2.5,7.5,13.333333333333334,True,False,,False,,False,,False
Michele Cerofolini,2023-2024,8,7,675,7.5,0,0,0,0,0,0,1,0,0.0,0.0,0.0,0.0,0,0,0,24,Frosinone,ITA,GK,Goalkeeper,1,1,False,0.0,0.0,0.0,0.0,0.0,0.0,0.0,0.0,0.0,False,False,,False,,False,,False
Michele Di Gregorio,2023-2024,33,33,2872,31.9,0,0,0,0,0,0,0,0,0.0,0.0,0.0,0.0,0,1,0,26,Monza,ITA,GK,Goalkeeper,1,1,False,0.0,0.0,0.0,0.0,0.0,0.0,0.0,0.031347962382445145,0.0,False,False,,False,,False,,False
Mike Maignan,2023-2024,29,29,2609,29.0,0,1,1,0,0,0,1,1,0.0,0.0,0.3,0.3,0,0,0,28,Milan,FRA,GK,Goalkeeper,1,1,False,0.0,0.034482758620689655,0.034482758620689655,0.0,0.010344827586206896,0.0,0.0,0.0,0.0,False,False,,False,,False,,False
Milan Badelj,2023-2024,33,32,2535,28.2,1,3,4,1,0,0,6,0,1.4,1.4,1.1,2.5,18,151,36,34,Genoa,CRO,MF,Midfielder,1,1,False,0.03546099290780142,0.10638297872340426,0.14184397163120568,0.04964539007092198,0.03900709219858156,0.04964539007092198,0.6382978723404256,5.3546099290780145,1.2765957446808511,False,False,,False,,False,,False
Milan Đurić,2023-2024,37,26,2461,27.4,9,2,11,8,1,3,4,0,7.5,5.2,1.9,7.1,5,23,64,33,MULTI:Hellas Verona|Monza,BIH,FW,Forward,1,2,True,0.3284671532846716,0.07299270072992702,0.40145985401459855,0.2737226277372263,0.06934306569343066,0.18978102189781024,0.18248175182481752,0.8394160583941607,2.3357664233576645,False,False,,False,,False,,False
Mile Svilar,2023-2024,15,15,1350,15.0,0,0,0,0,0,0,1,0,0.0,0.0,0.0,0.0,0,0,0,23,Roma,SRB,GK,Goalkeeper,1,1,False,0.0,0.0,0.0,0.0,0.0,0.0,0.0,0.0,0.0,False,False,,False,,False,,False
Mirko Marić,2023-2024,10,1,287,3.2,1,0,1,1,0,0,0,1,0.9,0.9,0.5,1.3,2,4,30,28,Monza,CRO,FW,Forward,1,1,False,0.3125,0.0,0.3125,0.28125,0.15625,0.28125,0.625,1.25,9.375,True,False,,False,,False,,False
Mitchel Bakker,2023-2024,14,3,382,4.2,1,0,1,1,0,0,1,0,0.2,0.2,0.1,0.3,12,10,20,23,Atalanta,NED,DF,Defender,1,1,False,0.23809523809523808,0.0,0.23809523809523808,0.047619047619047616,0.023809523809523808,0.047619047619047616,2.857142857142857,2.380952380952381,4.761904761904762,True,False,,False,,False,,False
Mohamed Kaba,2023-2024,23,15,1378,15.3,0,0,0,0,0,0,4,1,1.2,1.2,0.9,2.0,14,60,32,21,Lecce,FRA,MF,Midfielder,1,1,False,0.0,0.0,0.0,0.0784313725490196,0.058823529411764705,0.0784313725490196,0.9150326797385621,3.9215686274509802,2.0915032679738563,False,False,,False,,False,,False
Moise Kean,2023-2024,19,8,654,7.3,0,0,0,0,0,0,2,0,2.1,2.1,0.7,2.8,12,6,38,23,Juventus,ITA,FW,Forward,1,1,False,0.0,0.0,0.0,0.28767123287671237,0.0958904109589041,0.28767123287671237,1.6438356164383563,0.8219178082191781,5.205479452054795,False,False,,False,,False,,False
Morten Frendrup,2023-2024,37,36,3145,34.9,2,5,7,2,0,0,6,0,1.7,1.7,1.6,3.3,36,105,69,22,Genoa,DEN,MF,Midfielder,1,1,False,0.05730659025787966,0.14326647564469916,0.2005730659025788,0.04871060171919771,0.04584527220630373,0.04871060171919771,1.0315186246418337,3.008595988538682,1.9770773638968482,False,False,,False,,False,,False
Morten Thorsby,2023-2024,24,9,1157,12.9,2,2,4,2,0,0,2,0,1.8,1.8,1.4,3.2,6,28,39,27,Genoa,NOR,MF,Midfielder,1,1,False,0.15503875968992248,0.15503875968992248,0.31007751937984496,0.13953488372093023,0.10852713178294572,0.13953488372093023,0.46511627906976744,2.1705426356589146,3.0232558139534884,False,False,,False,,False,,False
Mário Rui,2023-2024,21,14,1205,13.4,0,2,2,0,0,0,7,1,0.1,0.1,1.9,2.0,33,90,59,32,Napoli,POR,DF,Defender,1,1,False,0.0,0.14925373134328357,0.14925373134328357,0.007462686567164179,0.1417910447761194,0.007462686567164179,2.462686567164179,6.716417910447761,4.402985074626866,False,False,,False,,False,,False
Mërgim Vojvoda,2023-2024,28,15,1379,15.3,0,3,3,0,0,0,3,0,0.4,0.4,1.4,1.8,30,91,72,28,Torino,KVX,DF,Defender,1,1,False,0.0,0.19607843137254902,0.19607843137254902,0.026143790849673203,0.0915032679738562,0.026143790849673203,1.9607843137254901,5.947712418300653,4.705882352941177,False,False,,False,,False,,False
Nadir Zortea,2023-2024,19,14,1407,15.7,2,5,7,2,0,0,4,0,0.5,0.5,3.0999999999999996,3.6999999999999997,38,52,93,24,MULTI:Atalanta|Frosinone,ITA,DF,Defender,1,2,True,0.12738853503184713,0.3184713375796179,0.445859872611465,0.03184713375796178,0.19745222929936304,0.03184713375796178,2.4203821656050954,3.3121019108280256,5.923566878980892,False,False,,False,,False,,False
Nahitan Nández,2023-2024,33,29,2341,26.0,2,3,5,1,1,1,7,0,3.7,2.9,2.5,5.5,57,76,89,27,Cagliari,URU,"MF,DF",Midfielder,2,1,False,0.07692307692307693,0.11538461538461539,0.19230769230769232,0.1423076923076923,0.09615384615384616,0.11153846153846153,2.1923076923076925,2.923076923076923,3.423076923076923,False,False,,False,,False,,False
Natan,2023-2024,14,11,952,10.6,0,0,0,0,0,0,3,1,0.4,0.4,0.1,0.5,15,34,11,22,Napoli,BRA,DF,Defender,1,1,False,0.0,0.0,0.0,0.03773584905660378,0.009433962264150945,0.03773584905660378,1.4150943396226416,3.207547169811321,1.0377358490566038,False,False,,False,,False,,False
Nedim Bajrami,2023-2024,28,15,1310,14.6,2,2,4,2,0,0,0,0,2.5,2.5,2.2,4.7,51,49,70,24,Sassuolo,ALB,"MF,FW",Midfielder,2,1,False,0.136986301369863,0.136986301369863,0.273972602739726,0.17123287671232876,0.15068493150684933,0.17123287671232876,3.493150684931507,3.356164383561644,4.794520547945206,False,False,,False,,False,,False
Nehuén Pérez,2023-2024,36,36,3238,36.0,0,0,0,0,0,0,9,1,1.3,1.3,0.2,1.5,28,119,24,23,Udinese,ARG,DF,Defender,1,1,False,0.0,0.0,0.0,0.036111111111111115,0.005555555555555556,0.036111111111111115,0.7777777777777778,3.3055555555555554,0.6666666666666666,False,False,,False,,False,,False
Nemanja Radonjić,2023-2024,10,4,374,4.2,3,0,3,3,0,0,1,0,1.7,1.7,0.2,1.9,11,7,24,27,Torino,SRB,"MF,FW",Midfielder,2,1,False,0.7142857142857143,0.0,0.7142857142857143,0.4047619047619047,0.047619047619047616,0.4047619047619047,2.619047619047619,1.6666666666666665,5.714285714285714,True,False,,False,,False,,False
Niccolò Pierozzi,2023-2024,12,11,871,9.7,1,0,1,1,0,0,6,0,0.2,0.2,0.0,0.3,3,16,20,21,Salernitana,ITA,DF,Defender,1,1,False,0.10309278350515465,0.0,0.10309278350515465,0.02061855670103093,0.0,0.02061855670103093,0.30927835051546393,1.6494845360824744,2.061855670103093,False,False,,False,,False,,False
Niccolò Pisilli,2023-2024,1,0,10,0.1,0,0,0,0,0,0,0,0,0.0,0.0,0.0,0.0,0,0,1,18,Roma,ITA,MF,Midfielder,1,1,False,0.0,0.0,0.0,0.0,0.0,0.0,0.0,0.0,10.0,True,False,,False,,False,,False
Nicola Bagnolini,2023-2024,1,0,5,0.1,0,0,0,0,0,0,0,0,0.0,0.0,0.0,0.0,0,0,0,19,Bologna,ITA,GK,Goalkeeper,1,1,False,0.0,0.0,0.0,0.0,0.0,0.0,0.0,0.0,0.0,True,False,,False,,False,,False
Nicola Leali,2023-2024,3,2,176,2.0,0,0,0,0,0,0,1,0,0.0,0.0,0.0,0.0,0,0,0,30,Genoa,ITA,GK,Goalkeeper,1,1,False,0.0,0.0,0.0,0.0,0.0,0.0,0.0,0.0,0.0,True,False,,False,,False,,False
Nicola Sansone,2023-2024,25,4,767,8.5,2,2,4,2,0,0,4,0,2.8,2.8,1.3,4.1,15,36,75,31,Lecce,ITA,"FW,MF",Forward,2,1,False,0.23529411764705882,0.23529411764705882,0.47058823529411764,0.32941176470588235,0.15294117647058825,0.32941176470588235,1.7647058823529411,4.235294117647059,8.823529411764707,False,False,,False,,False,,False
Nicola Zalewski,2023-2024,22,10,968,10.8,0,1,1,0,0,0,3,1,0.8,0.8,1.6,2.5,54,33,62,21,Roma,POL,"DF,FW",Defender,2,1,False,0.0,0.09259259259259259,0.09259259259259259,0.07407407407407407,0.14814814814814814,0.07407407407407407,5.0,3.0555555555555554,5.7407407407407405,False,False,,False,,False,,False
Nicolas Haas,2023-2024,1,1,90,1.0,0,0,0,0,0,0,1,0,0.1,0.1,0.0,0.1,0,6,4,27,Empoli,SUI,MF,Midfielder,1,1,False,0.0,0.0,0.0,0.1,0.0,0.1,0.0,6.0,4.0,True,False,,False,,False,,False
Nicolas Viola,2023-2024,26,11,1207,13.4,5,2,7,5,0,1,3,0,3.4,2.6,3.9,6.5,22,57,68,33,Cagliari,ITA,"MF,FW",Midfielder,2,1,False,0.3731343283582089,0.14925373134328357,0.5223880597014925,0.2537313432835821,0.291044776119403,0.19402985074626866,1.6417910447761193,4.253731343283582,5.074626865671641,False,False,,False,,False,,False
Nicolás Domínguez,2023-2024,2,1,102,1.1,0,0,0,0,0,0,0,0,0.0,0.0,0.0,0.0,1,9,3,25,Bologna,ARG,MF,Midfielder,1,1,False,0.0,0.0,0.0,0.0,0.0,0.0,0.9090909090909091,8.181818181818182,2.727272727272727,True,False,,False,,False,,False
Nicolás González,2023-2024,29,21,1913,21.3,12,2,14,11,1,3,1,0,10.4,8.0,1.6,9.6,53,100,190,25,Fiorentina,ARG,FW,Forward,1,1,False,0.5633802816901409,0.09389671361502347,0.6572769953051643,0.48826291079812206,0.07511737089201878,0.3755868544600939,2.488262910798122,4.694835680751174,8.92018779342723,False,False,,False,,False,,False
Nicolò Barella,2023-2024,37,34,2846,31.6,2,3,5,2,0,0,7,0,5.1,5.1,3.4,8.5,68,278,144,26,Inter,ITA,MF,Midfielder,1,1,False,0.06329113924050632,0.09493670886075949,0.1582278481012658,0.1613924050632911,0.10759493670886075,0.1613924050632911,2.151898734177215,8.797468354430379,4.556962025316455,False,True,2.0,False,2.0,True,0,True
Nicolò Cambiaghi,2023-2024,37,29,2553,28.4,1,1,2,1,0,0,3,0,3.9,3.9,2.8,6.7,128,63,197,22,Empoli,ITA,"FW,MF",Forward,2,1,False,0.035211267605633804,0.035211267605633804,0.07042253521126761,0.13732394366197184,0.09859154929577464,0.13732394366197184,4.507042253521127,2.2183098591549295,6.93661971830986,False,False,,False,,False,,False
Nicolò Casale,2023-2024,20,16,1559,17.3,0,0,0,0,0,0,5,0,0.9,0.9,0.0,0.9,20,49,4,25,Lazio,ITA,DF,Defender,1,1,False,0.0,0.0,0.0,0.05202312138728324,0.0,0.05202312138728324,1.1560693641618496,2.832369942196532,0.23121387283236994,False,False,,False,,False,,False
Nicolò Fagioli,2023-2024,8,4,437,4.9,0,2,2,0,0,0,1,0,0.4,0.4,0.7,1.1,8,23,15,22,Juventus,ITA,MF,Midfielder,1,1,False,0.0,0.4081632653061224,0.4081632653061224,0.08163265306122448,0.14285714285714285,0.08163265306122448,1.6326530612244896,4.693877551020408,3.061224489795918,True,False,,False,,False,,False
Nicolò Rovella,2023-2024,23,16,1318,14.6,0,2,2,0,0,0,6,0,0.6,0.6,0.5,1.1,21,56,11,21,Lazio,ITA,MF,Midfielder,1,1,False,0.0,0.136986301369863,0.136986301369863,0.0410958904109589,0.03424657534246575,0.0410958904109589,1.4383561643835616,3.8356164383561646,0.7534246575342466,False,False,,False,,False,,False
Nikita Contini Baranovsky,2023-2024,1,0,17,0.2,0,0,0,0,0,0,0,0,0.0,0.0,0.0,0.0,0,0,0,27,Napoli,ITA,GK,Goalkeeper,1,1,False,0.0,0.0,0.0,0.0,0.0,0.0,0.0,0.0,0.0,True,False,,False,,False,,False
Nikola Krstović,2023-2024,35,30,2373,26.4,7,1,8,6,1,3,4,1,11.6,9.2,3.0,12.3,32,52,126,23,Lecce,MNE,FW,Forward,1,1,False,0.26515151515151514,0.03787878787878788,0.30303030303030304,0.4393939393939394,0.11363636363636365,0.34848484848484845,1.2121212121212122,1.9696969696969697,4.772727272727273,False,False,,False,,False,,False
Nikola Milenković,2023-2024,34,27,2510,27.9,0,0,0,0,0,0,4,0,0.4,0.4,0.7,1.1,8,81,10,25,Fiorentina,SRB,DF,Defender,1,1,False,0.0,0.0,0.0,0.014336917562724016,0.025089605734767026,0.014336917562724016,0.28673835125448033,2.903225806451613,0.35842293906810035,False,False,,False,,False,,False
Nikola Moro,2023-2024,23,10,840,9.3,1,0,1,1,0,0,0,0,0.7,0.7,0.4,1.1,21,58,38,25,Bologna,CRO,MF,Midfielder,1,1,False,0.1075268817204301,0.0,0.1075268817204301,0.07526881720430106,0.04301075268817204,0.07526881720430106,2.258064516129032,6.236559139784946,4.086021505376344,False,False,,False,,False,,False
Nikola Sekulov,2023-2024,1,0,11,0.1,0,0,0,0,0,0,0,0,0.0,0.0,0.0,0.0,0,0,1,21,Juventus,ITA,FW,Forward,1,1,False,0.0,0.0,0.0,0.0,0.0,0.0,0.0,0.0,10.0,True,False,,False,,False,,False
Nikola Vlašić,2023-2024,33,30,2608,29.0,3,2,5,3,0,0,3,0,2.4,2.4,2.9,5.3,67,150,174,25,Torino,CRO,"MF,FW",Midfielder,2,1,False,0.10344827586206896,0.06896551724137931,0.1724137931034483,0.08275862068965517,0.09999999999999999,0.08275862068965517,2.310344827586207,5.172413793103448,6.0,False,False,,False,,False,,False
Noah Okafor,2023-2024,28,6,887,9.9,6,2,8,6,0,0,1,0,3.8,3.8,1.2,5.0,29,15,66,23,Milan,SUI,"FW,MF",Forward,2,1,False,0.6060606060606061,0.20202020202020202,0.8080808080808081,0.3838383838383838,0.1212121212121212,0.3838383838383838,2.929292929292929,1.5151515151515151,6.666666666666666,False,False,,False,,False,,False
Norbert Gyömbér,2023-2024,22,20,1760,19.6,0,0,0,0,0,0,9,0,0.2,0.2,0.2,0.3,4,42,2,31,Salernitana,SVK,DF,Defender,1,1,False,0.0,0.0,0.0,0.01020408163265306,0.01020408163265306,0.01020408163265306,0.2040816326530612,2.142857142857143,0.1020408163265306,False,False,,False,,False,,False
Obite N'Dicka,2023-2024,25,25,2168,24.1,0,3,3,0,0,0,6,0,1.0,1.0,1.0,2.0,26,87,11,23,Roma,CIV,DF,Defender,1,1,False,0.0,0.12448132780082986,0.12448132780082986,0.04149377593360996,0.04149377593360996,0.04149377593360996,1.0788381742738589,3.609958506224066,0.45643153526970953,False,False,,False,,False,,False
Oier Zarraga,2023-2024,15,4,404,4.5,2,0,2,2,0,0,0,0,0.6,0.6,0.0,0.6,5,8,10,24,Udinese,ESP,MF,Midfielder,1,1,False,0.4444444444444444,0.0,0.4444444444444444,0.13333333333333333,0.0,0.13333333333333333,1.1111111111111112,1.7777777777777777,2.2222222222222223,True,False,,False,,False,,False
Ola Solbakken,2023-2024,1,0,23,0.3,0,0,0,0,0,0,0,0,0.0,0.0,0.0,0.0,1,0,4,24,Roma,NOR,FW,Forward,1,1,False,0.0,0.0,0.0,0.0,0.0,0.0,3.3333333333333335,0.0,13.333333333333334,True,False,,False,,False,,False
Oliver Christensen,2023-2024,4,4,360,4.0,0,0,0,0,0,0,0,0,0.0,0.0,0.0,0.0,0,0,0,24,Fiorentina,DEN,GK,Goalkeeper,1,1,False,0.0,0.0,0.0,0.0,0.0,0.0,0.0,0.0,0.0,True,False,,False,,False,,False
Olivier Giroud,2023-2024,35,28,2363,26.3,15,8,23,11,4,5,1,1,14.2,10.2,4.7,14.9,9,28,95,36,Milan,FRA,FW,Forward,1,1,False,0.5703422053231939,0.3041825095057034,0.8745247148288973,0.5399239543726235,0.17870722433460076,0.38783269961977185,0.34220532319391633,1.064638783269962,3.612167300380228,False,False,,False,,False,,False
Ondrej Duda,2023-2024,32,29,2456,27.3,1,4,5,1,0,1,14,2,2.2,1.4,3.3,4.7,34,117,47,28,Hellas Verona,SVK,MF,Midfielder,1,1,False,0.03663003663003663,0.14652014652014653,0.18315018315018314,0.08058608058608059,0.12087912087912087,0.05128205128205128,1.2454212454212454,4.285714285714286,1.7216117216117215,False,False,,False,,False,,False
Oussama El Azzouzi,2023-2024,18,5,547,6.1,2,2,4,2,0,0,4,0,0.5,0.5,0.6,1.0,4,19,8,22,Bologna,MAR,MF,Midfielder,1,1,False,0.3278688524590164,0.3278688524590164,0.6557377049180328,0.0819672131147541,0.09836065573770492,0.0819672131147541,0.6557377049180328,3.114754098360656,1.3114754098360657,False,False,,False,,False,,False
Pablo Galdames Millán,2023-2024,2,0,11,0.1,0,0,0,0,0,0,0,0,0.0,0.0,0.0,0.0,0,5,1,26,Genoa,CHI,"MF,DF",Midfielder,2,1,False,0.0,0.0,0.0,0.0,0.0,0.0,0.0,50.0,10.0,True,False,,False,,False,,False
Pablo Marí,2023-2024,34,30,2615,29.1,0,0,0,0,0,0,7,0,0.4,0.4,0.3,0.7,2,62,1,29,Monza,ESP,DF,Defender,1,1,False,0.0,0.0,0.0,0.013745704467353952,0.010309278350515464,0.013745704467353952,0.06872852233676975,2.1305841924398625,0.034364261168384876,False,False,,False,,False,,False
Pantelis Hatzidiakos,2023-2024,13,13,856,9.5,0,0,0,0,0,0,1,0,0.4,0.4,0.0,0.4,3,34,7,26,Cagliari,GRE,DF,Defender,1,1,False,0.0,0.0,0.0,0.042105263157894736,0.0,0.042105263157894736,0.3157894736842105,3.5789473684210527,0.7368421052631579,False,False,,False,,False,,False
Papu Gómez,2023-2024,2,0,41,0.5,0,0,0,0,0,0,0,0,0.0,0.0,0.2,0.2,2,3,1,35,Monza,ARG,"MF,FW",Midfielder,2,1,False,0.0,0.0,0.0,0.0,0.4,0.0,4.0,6.0,2.0,True,False,,False,,False,,False
Pasquale Mazzocchi,2023-2024,28,20,1700,18.9,0,2,2,0,0,0,4,1,0.5,0.5,1.5,2.0,49,60,84,28,MULTI:Napoli|Salernitana,ITA,DF,Defender,1,2,True,0.0,0.10582010582010583,0.10582010582010583,0.026455026455026457,0.07936507936507937,0.026455026455026457,2.592592592592593,3.174603174603175,4.444444444444445,False,False,,False,,False,,False
Patric,2023-2024,20,19,1608,17.9,2,0,2,2,0,0,4,0,1.4,1.4,0.2,1.5,3,72,12,30,Lazio,ESP,DF,Defender,1,1,False,0.111731843575419,0.0,0.111731843575419,0.0782122905027933,0.011173184357541902,0.0782122905027933,0.1675977653631285,4.022346368715084,0.670391061452514,False,False,,False,,False,,False
Patrick Ciurria,2023-2024,22,18,1598,17.8,0,1,1,0,0,0,2,0,1.5,1.5,2.6,4.1,41,68,94,28,Monza,ITA,"DF,MF",Defender,2,1,False,0.0,0.056179775280898875,0.056179775280898875,0.08426966292134831,0.14606741573033707,0.08426966292134831,2.303370786516854,3.8202247191011236,5.280898876404494,False,False,,False,,False,,False
Patrick Dorgu,2023-2024,32,17,1564,17.4,2,0,2,2,0,0,6,0,2.0,2.0,1.6,3.6,37,49,86,18,Lecce,DEN,"DF,MF",Defender,2,1,False,0.1149425287356322,0.0,0.1149425287356322,0.1149425287356322,0.09195402298850576,0.1149425287356322,2.1264367816091956,2.8160919540229887,4.942528735632185,False,False,,False,,False,,False
Paul Pogba,2023-2024,2,0,54,0.6,0,0,0,0,0,0,0,0,0.0,0.0,0.0,0.0,1,5,5,30,Juventus,FRA,MF,Midfielder,1,1,False,0.0,0.0,0.0,0.0,0.0,0.0,1.6666666666666667,8.333333333333334,8.333333333333334,True,False,,False,,False,,False
Paulo Azzi,2023-2024,25,9,950,10.6,0,0,0,0,0,0,1,0,1.2,1.2,0.7,1.9,47,35,42,29,Cagliari,BRA,"DF,MF",Defender,2,1,False,0.0,0.0,0.0,0.11320754716981132,0.0660377358490566,0.11320754716981132,4.433962264150944,3.30188679245283,3.9622641509433962,False,False,,False,,False,,False
Paulo Dybala,2023-2024,28,25,1959,21.8,13,9,22,6,7,7,3,0,10.6,5.1,4.3,9.4,79,122,167,29,Roma,ARG,"FW,MF",Forward,2,1,False,0.5963302752293578,0.4128440366972477,1.0091743119266054,0.4862385321100917,0.19724770642201833,0.23394495412844035,3.623853211009174,5.5963302752293576,7.660550458715596,False,False,,False,,False,,False
Paweł Dawidowicz,2023-2024,28,25,2143,23.8,0,0,0,0,0,0,5,0,0.5,0.5,0.0,0.6,11,89,5,28,Hellas Verona,POL,DF,Defender,1,1,False,0.0,0.0,0.0,0.021008403361344536,0.0,0.021008403361344536,0.4621848739495798,3.7394957983193278,0.21008403361344538,False,False,,False,,False,,False
Pedro,2023-2024,33,5,816,9.1,1,1,2,1,0,0,4,0,1.5,1.5,2.1,3.6,31,33,81,36,Lazio,ESP,"FW,MF",Forward,2,1,False,0.10989010989010989,0.10989010989010989,0.21978021978021978,0.16483516483516483,0.23076923076923078,0.16483516483516483,3.406593406593407,3.6263736263736264,8.901098901098901,False,False,,False,,False,,False
Pedro Obiang,2023-2024,8,5,453,5.0,0,0,0,0,0,0,1,0,0.0,0.0,0.7,0.7,4,21,2,31,Sassuolo,EQG,MF,Midfielder,1,1,False,0.0,0.0,0.0,0.0,0.13999999999999999,0.0,0.8,4.2,0.4,False,False,,False,,False,,False
Pedro Pereira,2023-2024,23,9,841,9.3,0,2,2,0,0,0,3,0,0.2,0.2,1.2,1.4,20,43,69,25,Monza,POR,DF,Defender,1,1,False,0.0,0.2150537634408602,0.2150537634408602,0.02150537634408602,0.12903225806451613,0.02150537634408602,2.150537634408602,4.623655913978494,7.419354838709677,False,False,,False,,False,,False
Pepín,2023-2024,10,2,241,2.7,0,0,0,0,0,0,2,0,0.2,0.2,0.1,0.2,1,13,12,26,Monza,EQG,"MF,FW",Midfielder,2,1,False,0.0,0.0,0.0,0.07407407407407407,0.037037037037037035,0.07407407407407407,0.37037037037037035,4.814814814814815,4.444444444444444,True,False,,False,,False,,False
Perr Schuurs,2023-2024,9,9,770,8.6,1,0,1,1,0,0,2,0,0.7,0.7,0.0,0.7,9,19,4,23,Torino,NED,DF,Defender,1,1,False,0.11627906976744186,0.0,0.11627906976744186,0.0813953488372093,0.0,0.0813953488372093,1.0465116279069768,2.2093023255813953,0.46511627906976744,False,False,,False,,False,,False
Pierluigi Gollini,2023-2024,7,7,630,7.0,0,0,0,0,0,0,0,0,0.0,0.0,0.0,0.0,0,0,0,28,Napoli,ITA,GK,Goalkeeper,1,1,False,0.0,0.0,0.0,0.0,0.0,0.0,0.0,0.0,0.0,False,False,,False,,False,,False
Pierre Kalulu,2023-2024,9,4,374,4.2,0,0,0,0,0,0,0,0,0.1,0.1,0.1,0.1,6,19,11,23,Milan,FRA,DF,Defender,1,1,False,0.0,0.0,0.0,0.023809523809523808,0.023809523809523808,0.023809523809523808,1.4285714285714286,4.523809523809524,2.619047619047619,True,False,,False,,False,,False
Pietro Comuzzo,2023-2024,4,0,43,0.5,0,0,0,0,0,0,1,0,0.0,0.0,0.0,0.0,0,3,0,18,Fiorentina,ITA,"DF,FW",Defender,2,1,False,0.0,0.0,0.0,0.0,0.0,0.0,0.0,6.0,0.0,True,False,,False,,False,,False
Pietro Pellegri,2023-2024,24,7,756,8.4,1,1,2,1,0,0,3,0,1.0,1.0,0.3,1.4,14,8,52,22,Torino,ITA,FW,Forward,1,1,False,0.11904761904761904,0.11904761904761904,0.23809523809523808,0.11904761904761904,0.03571428571428571,0.11904761904761904,1.6666666666666665,0.9523809523809523,6.19047619047619,False,False,,False,,False,,False
Pietro Terracciano,2023-2024,33,33,2970,33.0,0,0,0,0,0,0,3,0,0.0,0.0,0.2,0.2,0,0,0,33,Fiorentina,ITA,GK,Goalkeeper,1,1,False,0.0,0.0,0.0,0.0,0.006060606060606061,0.0,0.0,0.0,0.0,False,False,,False,,False,,False
Piotr Zieliński,2023-2024,28,23,1924,21.4,3,2,5,2,1,1,1,0,2.6,1.8,3.4,5.2,38,131,88,29,Napoli,POL,MF,Midfielder,1,1,False,0.14018691588785048,0.09345794392523366,0.23364485981308414,0.12149532710280375,0.15887850467289721,0.08411214953271029,1.7757009345794394,6.121495327102804,4.112149532710281,False,False,,False,,False,,False
Pol Lirola,2023-2024,25,18,1536,17.1,2,1,3,2,0,0,1,0,1.3,1.3,1.1,2.4,30,65,59,25,Frosinone,ESP,DF,Defender,1,1,False,0.11695906432748537,0.05847953216374269,0.17543859649122806,0.07602339181286549,0.06432748538011696,0.07602339181286549,1.7543859649122806,3.8011695906432745,3.4502923976608186,False,False,,False,,False,,False
Pontus Almqvist,2023-2024,30,25,2107,23.4,2,1,3,2,0,0,5,0,2.3,2.3,2.7,5.0,72,32,137,24,Lecce,SWE,"FW,MF",Forward,2,1,False,0.08547008547008547,0.042735042735042736,0.12820512820512822,0.09829059829059829,0.1153846153846154,0.09829059829059829,3.076923076923077,1.3675213675213675,5.854700854700855,False,False,,False,,False,,False
Przemysław Szymiński,2023-2024,1,0,9,0.1,0,0,0,0,0,0,0,0,0.0,0.0,0.0,0.0,0,0,0,29,Frosinone,POL,MF,Midfielder,1,1,False,0.0,0.0,0.0,0.0,0.0,0.0,0.0,0.0,0.0,True,False,,False,,False,,False
Rade Krunić,2023-2024,10,8,687,7.6,0,0,0,0,0,0,3,0,0.1,0.1,0.5,0.6,5,24,3,29,Milan,BIH,MF,Midfielder,1,1,False,0.0,0.0,0.0,0.013157894736842106,0.06578947368421052,0.013157894736842106,0.6578947368421053,3.1578947368421053,0.39473684210526316,False,False,,False,,False,,False
Radu Drăgușin,2023-2024,19,19,1710,19.0,2,1,3,2,0,0,1,0,1.0,1.0,0.8,1.9,6,29,13,21,Genoa,ROU,DF,Defender,1,1,False,0.10526315789473684,0.05263157894736842,0.15789473684210525,0.05263157894736842,0.042105263157894736,0.05263157894736842,0.3157894736842105,1.5263157894736843,0.6842105263157895,False,False,,False,,False,,False
Rafael Leão,2023-2024,34,29,2512,27.9,9,9,18,9,0,0,5,0,10.0,10.0,9.1,19.1,160,117,293,24,Milan,POR,FW,Forward,1,1,False,0.3225806451612903,0.3225806451612903,0.6451612903225806,0.35842293906810035,0.32616487455197135,0.35842293906810035,5.734767025089606,4.193548387096774,10.501792114695341,False,False,,False,,False,,False
Rafael Tolói,2023-2024,18,10,965,10.7,0,0,0,0,0,0,6,1,0.1,0.1,0.1,0.1,8,53,10,32,Atalanta,ITA,DF,Defender,1,1,False,0.0,0.0,0.0,0.009345794392523366,0.009345794392523366,0.009345794392523366,0.7476635514018692,4.953271028037384,0.9345794392523366,False,False,,False,,False,,False
Raffaele Di Gennaro,2023-2024,1,0,23,0.3,0,0,0,0,0,0,0,0,0.0,0.0,0.0,0.0,0,0,0,29,Inter,ITA,GK,Goalkeeper,1,1,False,0.0,0.0,0.0,0.0,0.0,0.0,0.0,0.0,0.0,True,True,0.0,False,0.0,True,0,True
Raoul Bellanova,2023-2024,37,36,3046,33.8,1,7,8,1,0,0,5,0,2.0,2.0,5.0,7.1,141,98,202,23,Torino,ITA,DF,Defender,1,1,False,0.02958579881656805,0.20710059171597636,0.2366863905325444,0.0591715976331361,0.14792899408284024,0.0591715976331361,4.171597633136095,2.899408284023669,5.976331360946746,False,False,,False,,False,,False
Rareș-Cătălin Burnete,2023-2024,1,0,8,0.1,0,1,1,0,0,0,0,0,0.0,0.0,0.1,0.1,0,0,2,19,Lecce,ROU,FW,Forward,1,1,False,0.0,10.0,10.0,0.0,1.0,0.0,0.0,0.0,20.0,True,False,,False,,False,,False
Rasmus Kristensen,2023-2024,29,19,1744,19.4,1,1,2,1,0,0,5,0,0.5,0.5,0.9,1.5,16,40,115,26,Roma,DEN,DF,Defender,1,1,False,0.051546391752577324,0.051546391752577324,0.10309278350515465,0.025773195876288662,0.04639175257731959,0.025773195876288662,0.8247422680412372,2.061855670103093,5.927835051546392,False,False,,False,,False,,False
Reda Belahyane,2023-2024,2,1,90,1.0,0,0,0,0,0,0,0,0,0.0,0.0,0.0,0.0,1,4,2,19,Hellas Verona,MAR,MF,Midfielder,1,1,False,0.0,0.0,0.0,0.0,0.0,0.0,1.0,4.0,2.0,True,False,,False,,False,,False
Reinier,2023-2024,22,13,1059,11.8,2,2,4,2,0,0,3,0,1.3,1.3,1.9,3.2,10,32,42,21,Frosinone,BRA,"MF,FW",Midfielder,2,1,False,0.1694915254237288,0.1694915254237288,0.3389830508474576,0.11016949152542373,0.16101694915254236,0.11016949152542373,0.847457627118644,2.711864406779661,3.559322033898305,False,False,,False,,False,,False
Remi Oudin,2023-2024,31,21,1819,20.2,3,2,5,3,0,0,3,0,1.8,1.8,5.7,7.4,20,79,82,26,Lecce,FRA,"MF,FW",Midfielder,2,1,False,0.1485148514851485,0.09900990099009901,0.24752475247524752,0.08910891089108912,0.2821782178217822,0.08910891089108912,0.9900990099009901,3.910891089108911,4.0594059405940595,False,False,,False,,False,,False
Remo Freuler,2023-2024,32,30,2624,29.2,1,1,2,1,0,0,9,0,1.2,1.2,1.1,2.3,37,165,48,31,Bologna,SUI,MF,Midfielder,1,1,False,0.03424657534246575,0.03424657534246575,0.0684931506849315,0.0410958904109589,0.037671232876712334,0.0410958904109589,1.2671232876712328,5.6506849315068495,1.6438356164383563,False,False,,False,,False,,False
Renato Sanches,2023-2024,7,1,146,1.6,1,0,1,1,0,0,2,0,0.1,0.1,0.2,0.3,5,10,5,25,Roma,POR,MF,Midfielder,1,1,False,0.625,0.0,0.625,0.0625,0.125,0.0625,3.125,6.25,3.125,True,False,,False,,False,,False
Ricardo Rodríguez,2023-2024,35,34,2772,30.8,1,2,3,1,0,0,4,0,0.3,0.3,1.4,1.7,61,127,40,30,Torino,SUI,DF,Defender,1,1,False,0.032467532467532464,0.06493506493506493,0.09740259740259741,0.00974025974025974,0.04545454545454545,0.00974025974025974,1.9805194805194806,4.123376623376624,1.2987012987012987,False,False,,False,,False,,False
Riccardo Calafiori,2023-2024,30,26,2349,26.1,2,5,7,2,0,0,4,0,1.4,1.4,1.2,2.6,28,96,23,21,Bologna,ITA,DF,Defender,1,1,False,0.07662835249042145,0.19157088122605362,0.2681992337164751,0.053639846743295014,0.045977011494252866,0.053639846743295014,1.0727969348659003,3.67816091954023,0.8812260536398467,False,False,,False,,False,,False
Riccardo Marchizza,2023-2024,13,13,1148,12.8,0,4,4,0,0,0,1,0,0.4,0.4,0.8,1.2,6,36,39,25,Frosinone,ITA,DF,Defender,1,1,False,0.0,0.3125,0.3125,0.03125,0.0625,0.03125,0.46875,2.8125,3.046875,False,False,,False,,False,,False
Riccardo Orsolini,2023-2024,33,19,1792,19.9,10,2,12,8,2,3,2,0,7.4,5.0,4.4,9.4,51,71,175,26,Bologna,ITA,"FW,MF",Forward,2,1,False,0.5025125628140704,0.10050251256281408,0.6030150753768845,0.3718592964824121,0.221105527638191,0.2512562814070352,2.562814070351759,3.5678391959798996,8.793969849246231,False,False,,False,,False,,False
Riccardo Pagano,2023-2024,4,0,51,0.6,0,0,0,0,0,0,0,0,0.1,0.1,0.0,0.1,1,3,2,18,Roma,ITA,"MF,DF",Midfielder,2,1,False,0.0,0.0,0.0,0.16666666666666669,0.0,0.16666666666666669,1.6666666666666667,5.0,3.3333333333333335,True,False,,False,,False,,False
Riccardo Saponara,2023-2024,12,3,342,3.8,0,0,0,0,0,0,0,0,0.1,0.1,0.2,0.3,12,14,32,31,Hellas Verona,ITA,"FW,MF",Forward,2,1,False,0.0,0.0,0.0,0.026315789473684213,0.052631578947368425,0.026315789473684213,3.1578947368421053,3.68421052631579,8.421052631578947,True,False,,False,,False,,False
Riccardo Sottil,2023-2024,22,13,1103,12.3,2,3,5,2,0,0,1,0,2.6,2.6,2.5,5.1,66,33,139,24,Fiorentina,ITA,FW,Forward,1,1,False,0.16260162601626016,0.24390243902439024,0.4065040650406504,0.2113821138211382,0.2032520325203252,0.2113821138211382,5.365853658536585,2.6829268292682924,11.300813008130081,False,False,,False,,False,,False
Rick Karsdorp,2023-2024,18,14,1191,13.2,0,2,2,0,0,0,2,0,0.4,0.4,2.2,2.7,12,33,71,28,Roma,NED,DF,Defender,1,1,False,0.0,0.15151515151515152,0.15151515151515152,0.030303030303030307,0.16666666666666669,0.030303030303030307,0.9090909090909092,2.5,5.378787878787879,False,False,,False,,False,,False
Ridgeciano Haps,2023-2024,16,7,773,8.6,0,1,1,0,0,0,0,0,0.1,0.1,0.7,0.8,13,13,42,30,Genoa,SUR,DF,Defender,1,1,False,0.0,0.11627906976744186,0.11627906976744186,0.011627906976744188,0.0813953488372093,0.011627906976744188,1.5116279069767442,1.5116279069767442,4.883720930232558,False,False,,False,,False,,False
Roberto Gagliardini,2023-2024,33,29,2360,26.2,1,2,3,1,0,0,5,0,2.9,2.9,1.7,4.6,38,120,36,29,Monza,ITA,"MF,DF",Midfielder,2,1,False,0.03816793893129771,0.07633587786259542,0.11450381679389313,0.11068702290076336,0.0648854961832061,0.11068702290076336,1.450381679389313,4.580152671755726,1.3740458015267176,False,False,,False,,False,,False
Roberto Pereyra,2023-2024,27,22,1858,20.6,4,3,7,3,1,1,6,0,3.5,2.7,1.9,4.7,39,70,82,32,Udinese,ARG,"FW,MF",Forward,2,1,False,0.1941747572815534,0.14563106796116504,0.3398058252427184,0.1699029126213592,0.09223300970873785,0.13106796116504854,1.8932038834951455,3.3980582524271843,3.9805825242718442,False,False,,False,,False,,False
Roberto Piccoli,2023-2024,37,12,1417,15.700000000000001,5,0,5,4,1,1,5,0,6.5,5.699999999999999,0.9,6.6,25,20,72,22,MULTI:Empoli|Lecce,ITA,FW,Forward,1,2,True,0.3184713375796178,0.0,0.3184713375796178,0.41401273885350315,0.057324840764331204,0.36305732484076425,1.592356687898089,1.2738853503184713,4.585987261146497,False,False,,False,,False,,False
Rolando Mandragora,2023-2024,33,16,1588,17.6,3,3,6,3,0,0,5,0,3.5,3.5,1.6,5.2,7,93,32,26,Fiorentina,ITA,MF,Midfielder,1,1,False,0.17045454545454544,0.17045454545454544,0.3409090909090909,0.19886363636363635,0.09090909090909091,0.19886363636363635,0.3977272727272727,5.284090909090908,1.8181818181818181,False,False,,False,,False,,False
Romelu Lukaku,2023-2024,32,30,2641,29.3,13,3,16,13,0,1,5,1,9.8,9.0,2.4,11.4,37,37,234,30,Roma,BEL,FW,Forward,1,1,False,0.44368600682593856,0.10238907849829351,0.5460750853242321,0.3344709897610922,0.08191126279863481,0.30716723549488056,1.2627986348122866,1.2627986348122866,7.986348122866894,False,False,,False,,False,,False
Ruan,2023-2024,26,16,1516,16.8,0,0,0,0,0,0,7,1,0.5,0.5,0.6,1.1,8,33,6,24,Sassuolo,BRA,DF,Defender,1,1,False,0.0,0.0,0.0,0.02976190476190476,0.03571428571428571,0.02976190476190476,0.47619047619047616,1.9642857142857142,0.35714285714285715,False,False,,False,,False,,False
Ruben Loftus-Cheek,2023-2024,29,26,2068,23.0,6,1,7,6,0,0,5,0,3.7,3.7,2.4,6.1,73,74,113,27,Milan,ENG,MF,Midfielder,1,1,False,0.2608695652173913,0.043478260869565216,0.30434782608695654,0.16086956521739132,0.10434782608695652,0.16086956521739132,3.1739130434782608,3.217391304347826,4.913043478260869,False,False,,False,,False,,False
Rui Patrício,2023-2024,23,23,2070,23.0,0,0,0,0,0,0,1,0,0.0,0.0,0.0,0.0,0,0,0,35,Roma,POR,GK,Goalkeeper,1,1,False,0.0,0.0,0.0,0.0,0.0,0.0,0.0,0.0,0.0,False,False,,False,,False,,False
Ruslan Malinovskyi,2023-2024,28,18,1544,17.2,4,1,5,4,0,0,7,0,1.1,1.1,0.6,1.6,24,83,31,30,Genoa,UKR,MF,Midfielder,1,1,False,0.23255813953488372,0.05813953488372093,0.29069767441860467,0.06395348837209303,0.03488372093023256,0.06395348837209303,1.3953488372093024,4.825581395348838,1.802325581395349,False,False,,False,,False,,False
Rúben Vinagre,2023-2024,12,2,282,3.1,0,0,0,0,0,0,0,0,0.0,0.0,0.3,0.3,6,8,13,24,Hellas Verona,POR,"DF,FW",Defender,2,1,False,0.0,0.0,0.0,0.0,0.0967741935483871,0.0,1.9354838709677418,2.5806451612903225,4.193548387096774,True,False,,False,,False,,False
Răzvan Marin,2023-2024,30,20,1818,20.2,0,3,3,0,0,0,3,0,1.1,1.1,3.0,4.1,21,72,24,27,Empoli,ROU,MF,Midfielder,1,1,False,0.0,0.1485148514851485,0.1485148514851485,0.05445544554455446,0.1485148514851485,0.05445544554455446,1.0396039603960396,3.5643564356435644,1.188118811881188,False,False,,False,,False,,False
Saba Sazonov,2023-2024,12,2,356,4.0,0,0,0,0,0,0,2,0,0.2,0.2,0.0,0.2,0,8,0,21,Torino,GEO,DF,Defender,1,1,False,0.0,0.0,0.0,0.05,0.0,0.05,0.0,2.0,0.0,True,False,,False,,False,,False
Sam Beukema,2023-2024,30,29,2547,28.3,1,1,2,1,0,0,6,1,1.9,1.9,0.8,2.7,14,76,5,24,Bologna,NED,DF,Defender,1,1,False,0.0353356890459364,0.0353356890459364,0.0706713780918728,0.06713780918727914,0.028268551236749116,0.06713780918727914,0.4946996466431095,2.685512367491166,0.17667844522968199,False,False,,False,,False,,False
Samu Castillejo,2023-2024,17,6,536,6.0,0,0,0,0,0,0,2,0,0.3,0.3,1.0,1.2,27,26,45,28,Sassuolo,ESP,"FW,MF",Forward,2,1,False,0.0,0.0,0.0,0.049999999999999996,0.16666666666666666,0.049999999999999996,4.5,4.333333333333333,7.5,False,False,,False,,False,,False
Samuel Chukwueze,2023-2024,24,12,1017,11.3,1,3,4,1,0,0,1,0,1.7,1.7,2.3,3.9,52,51,135,24,Milan,NGA,FW,Forward,1,1,False,0.08849557522123894,0.2654867256637168,0.35398230088495575,0.15044247787610618,0.20353982300884954,0.15044247787610618,4.601769911504425,4.513274336283185,11.946902654867255,False,False,,False,,False,,False
Samuel Iling-Junior,2023-2024,24,4,810,9.0,1,2,3,1,0,0,1,0,0.7,0.7,1.3,2.0,29,25,64,19,Juventus,ENG,"DF,MF",Defender,2,1,False,0.1111111111111111,0.2222222222222222,0.3333333333333333,0.07777777777777778,0.14444444444444446,0.07777777777777778,3.2222222222222223,2.7777777777777777,7.111111111111111,False,False,,False,,False,,False
Samuele Birindelli,2023-2024,35,22,2013,22.4,0,2,2,0,0,0,7,0,1.1,1.1,2.9,4.0,63,70,122,24,Monza,ITA,DF,Defender,1,1,False,0.0,0.08928571428571429,0.08928571428571429,0.04910714285714286,0.12946428571428573,0.04910714285714286,2.8125,3.125,5.446428571428572,False,False,,False,,False,,False
Samuele Mulattieri,2023-2024,27,1,462,5.1,0,0,0,0,0,0,1,0,1.6,1.6,0.3,1.9,8,1,38,22,Sassuolo,ITA,"FW,MF",Forward,2,1,False,0.0,0.0,0.0,0.3137254901960785,0.058823529411764705,0.3137254901960785,1.5686274509803924,0.19607843137254904,7.450980392156863,False,False,,False,,False,,False
Samuele Perisan,2023-2024,1,1,90,1.0,0,0,0,0,0,0,0,0,0.0,0.0,0.0,0.0,0,0,0,25,Empoli,ITA,GK,Goalkeeper,1,1,False,0.0,0.0,0.0,0.0,0.0,0.0,0.0,0.0,0.0,True,False,,False,,False,,False
Samuele Ricci,2023-2024,32,28,2395,26.6,1,2,3,1,0,0,8,1,1.3,1.3,2.3,3.6,47,122,73,21,Torino,ITA,MF,Midfielder,1,1,False,0.03759398496240601,0.07518796992481203,0.11278195488721804,0.04887218045112782,0.08646616541353383,0.04887218045112782,1.7669172932330826,4.586466165413533,2.744360902255639,False,False,,False,,False,,False
Samuele Vignato,2023-2024,10,3,343,3.8,1,0,1,1,0,0,2,0,1.7,1.7,0.2,1.8,13,13,20,19,Monza,ITA,"MF,FW",Midfielder,2,1,False,0.2631578947368421,0.0,0.2631578947368421,0.4473684210526316,0.052631578947368425,0.4473684210526316,3.4210526315789473,3.4210526315789473,5.2631578947368425,True,False,,False,,False,,False
Sandi Lovrić,2023-2024,29,21,1987,22.1,1,3,4,1,0,0,1,1,3.5,3.5,3.3,6.8,52,80,80,25,Udinese,SVN,MF,Midfielder,1,1,False,0.04524886877828054,0.13574660633484162,0.18099547511312217,0.1583710407239819,0.14932126696832576,0.1583710407239819,2.352941176470588,3.619909502262443,3.619909502262443,False,False,,False,,False,,False
Santiago Castro,2023-2024,8,2,242,2.7,1,1,2,1,0,0,1,0,1.0,1.0,0.5,1.5,1,1,15,18,Bologna,ARG,FW,Forward,1,1,False,0.37037037037037035,0.37037037037037035,0.7407407407407407,0.37037037037037035,0.18518518518518517,0.37037037037037035,0.37037037037037035,0.37037037037037035,5.555555555555555,True,False,,False,,False,,False
Santiago Pierotti,2023-2024,11,0,200,2.2,0,2,2,0,0,0,0,0,0.5,0.5,1.0,1.5,4,5,20,22,Lecce,ARG,"MF,FW",Midfielder,2,1,False,0.0,0.9090909090909091,0.9090909090909091,0.22727272727272727,0.45454545454545453,0.22727272727272727,1.8181818181818181,2.2727272727272725,9.09090909090909,True,False,,False,,False,,False
Sardar Azmoun,2023-2024,23,3,585,6.5,3,0,3,3,0,0,4,0,2.9,2.9,1.4,4.2,5,14,35,28,Roma,IRN,"FW,MF",Forward,2,1,False,0.46153846153846156,0.0,0.46153846153846156,0.4461538461538461,0.21538461538461537,0.4461538461538461,0.7692307692307693,2.1538461538461537,5.384615384615385,False,False,,False,,False,,False
Sead Kolašinac,2023-2024,30,25,2178,24.2,1,0,1,1,0,0,4,0,1.3,1.3,1.1,2.4,32,94,30,30,Atalanta,BIH,DF,Defender,1,1,False,0.04132231404958678,0.0,0.04132231404958678,0.05371900826446281,0.04545454545454546,0.05371900826446281,1.322314049586777,3.884297520661157,1.2396694214876034,False,False,,False,,False,,False
Sebastian Walukiewicz,2023-2024,27,23,2055,22.8,0,0,0,0,0,0,6,0,0.1,0.1,0.1,0.2,14,45,5,23,Empoli,POL,DF,Defender,1,1,False,0.0,0.0,0.0,0.0043859649122807015,0.0043859649122807015,0.0043859649122807015,0.6140350877192983,1.9736842105263157,0.21929824561403508,False,False,,False,,False,,False
Sebastiano Luperto,2023-2024,38,38,3406,37.8,1,1,2,1,0,0,4,0,1.7,1.7,1.0,2.7,13,100,13,26,Empoli,ITA,DF,Defender,1,1,False,0.026455026455026457,0.026455026455026457,0.052910052910052914,0.04497354497354498,0.026455026455026457,0.04497354497354498,0.34391534391534395,2.6455026455026456,0.34391534391534395,False,False,,False,,False,,False
Seydou Fini,2023-2024,3,0,35,0.4,0,0,0,0,0,0,0,0,0.1,0.1,0.0,0.1,1,0,2,17,Genoa,ITA,"DF,FW",Defender,2,1,False,0.0,0.0,0.0,0.25,0.0,0.25,2.5,0.0,5.0,True,False,,False,,False,,False
Shon Weissman,2023-2024,11,5,494,5.5,1,0,1,1,0,0,0,0,1.0,1.0,0.1,1.1,0,4,22,27,Salernitana,ISR,"FW,DF",Forward,2,1,False,0.18181818181818182,0.0,0.18181818181818182,0.18181818181818182,0.018181818181818184,0.18181818181818182,0.0,0.7272727272727273,4.0,False,False,,False,,False,,False
Silvan Hefti,2023-2024,6,1,114,1.3,0,0,0,0,0,0,0,0,0.0,0.0,0.0,0.0,1,2,4,25,Genoa,SUI,"MF,DF",Midfielder,2,1,False,0.0,0.0,0.0,0.0,0.0,0.0,0.7692307692307692,1.5384615384615383,3.0769230769230766,True,False,,False,,False,,False
Simeon Nwankwo,2023-2024,15,6,686,7.6,3,0,3,3,0,0,0,0,2.7,2.7,0.6,3.2,6,7,39,31,Salernitana,NGA,FW,Forward,1,1,False,0.39473684210526316,0.0,0.39473684210526316,0.3552631578947369,0.07894736842105263,0.3552631578947369,0.7894736842105263,0.9210526315789475,5.131578947368421,False,False,,False,,False,,False
Simon Kjær,2023-2024,20,14,1171,13.0,0,1,1,0,0,0,1,0,0.5,0.5,0.8,1.3,4,52,0,34,Milan,DEN,DF,Defender,1,1,False,0.0,0.07692307692307693,0.07692307692307693,0.038461538461538464,0.06153846153846154,0.038461538461538464,0.3076923076923077,4.0,0.0,False,False,,False,,False,,False
Simone Aresti,2023-2024,1,0,1,0.0,0,0,0,0,0,0,0,0,0.0,0.0,0.0,0.0,0,0,0,37,Cagliari,ITA,GK,Goalkeeper,1,1,False,,,,,,,,,,True,False,,False,,False,,False
Simone Bastoni,2023-2024,16,9,745,8.3,1,0,1,1,0,0,3,0,0.4,0.4,0.5,0.9,12,31,26,26,Empoli,ITA,"MF,DF",Midfielder,2,1,False,0.12048192771084336,0.0,0.12048192771084336,0.048192771084337345,0.06024096385542168,0.048192771084337345,1.4457831325301203,3.7349397590361444,3.1325301204819276,False,False,,False,,False,,False
Simone Pafundi,2023-2024,1,0,8,0.1,0,0,0,0,0,0,0,0,0.0,0.0,0.0,0.0,0,1,1,17,Udinese,ITA,MF,Midfielder,1,1,False,0.0,0.0,0.0,0.0,0.0,0.0,0.0,10.0,10.0,True,False,,False,,False,,False
Simone Perilli,2023-2024,1,1,90,1.0,0,0,0,0,0,0,0,0,0.0,0.0,0.0,0.0,0,0,0,28,Hellas Verona,ITA,GK,Goalkeeper,1,1,False,0.0,0.0,0.0,0.0,0.0,0.0,0.0,0.0,0.0,True,False,,False,,False,,False
Simone Romagnoli,2023-2024,33,30,2715,30.2,1,1,2,1,0,0,6,0,1.2,1.2,0.4,1.6,2,47,2,33,Frosinone,ITA,DF,Defender,1,1,False,0.033112582781456956,0.033112582781456956,0.06622516556291391,0.039735099337748346,0.013245033112582783,0.039735099337748346,0.06622516556291391,1.5562913907284768,0.06622516556291391,False,False,,False,,False,,False
Simone Scuffet,2023-2024,31,31,2789,31.0,0,0,0,0,0,0,3,0,0.0,0.0,0.0,0.0,0,1,0,27,Cagliari,ITA,GK,Goalkeeper,1,1,False,0.0,0.0,0.0,0.0,0.0,0.0,0.0,0.03225806451612903,0.0,False,False,,False,,False,,False
Simone Verdi,2023-2024,1,0,4,0.0,0,0,0,0,0,0,0,0,0.0,0.0,0.1,0.1,0,0,0,31,Torino,ITA,FW,Forward,1,1,False,,,,,,,,,,True,False,,False,,False,,False
Stanislav Lobotka,2023-2024,38,38,3282,36.5,0,1,1,0,0,0,4,0,0.6,0.6,1.3,1.9,29,188,34,28,Napoli,SVK,MF,Midfielder,1,1,False,0.0,0.0273972602739726,0.0273972602739726,0.01643835616438356,0.03561643835616438,0.01643835616438356,0.7945205479452054,5.1506849315068495,0.9315068493150684,False,False,,False,,False,,False
Stefan Mitrović,2023-2024,10,4,391,4.3,0,0,0,0,0,0,0,0,0.4,0.4,0.1,0.5,13,15,24,20,Hellas Verona,SRB,"FW,MF",Forward,2,1,False,0.0,0.0,0.0,0.0930232558139535,0.023255813953488375,0.0930232558139535,3.0232558139534884,3.488372093023256,5.5813953488372094,True,False,,False,,False,,False
Stefan Posch,2023-2024,31,29,2409,26.8,1,2,3,1,0,0,7,0,1.2,1.2,2.1,3.3,44,123,64,26,Bologna,AUT,DF,Defender,1,1,False,0.03731343283582089,0.07462686567164178,0.11194029850746269,0.04477611940298507,0.07835820895522388,0.04477611940298507,1.6417910447761193,4.58955223880597,2.388059701492537,False,False,,False,,False,,False
Stefan de Vrij,2023-2024,25,17,1586,17.6,1,0,1,1,0,0,0,0,0.6,0.6,0.3,0.9,6,43,2,31,Inter,NED,DF,Defender,1,1,False,0.056818181818181816,0.0,0.056818181818181816,0.03409090909090909,0.017045454545454544,0.03409090909090909,0.3409090909090909,2.443181818181818,0.11363636363636363,False,True,1.0,False,1.0,True,0,True
Stefano Sabelli,2023-2024,32,30,2429,27.0,0,1,1,0,0,0,5,0,0.8,0.8,1.9,2.7,69,88,101,30,Genoa,ITA,DF,Defender,1,1,False,0.0,0.037037037037037035,0.037037037037037035,0.02962962962962963,0.07037037037037036,0.02962962962962963,2.5555555555555554,3.259259259259259,3.740740740740741,False,False,,False,,False,,False
Stefano Sensi,2023-2024,4,0,46,0.5,0,1,1,0,0,0,0,0,0.1,0.1,0.1,0.2,3,3,4,27,Inter,ITA,MF,Midfielder,1,1,False,0.0,2.0,2.0,0.2,0.2,0.2,6.0,6.0,8.0,True,True,0.0,False,0.0,True,1,True
Stefano Turati,2023-2024,31,31,2745,30.5,0,0,0,0,0,0,0,0,0.0,0.0,0.0,0.0,0,0,0,21,Frosinone,ITA,GK,Goalkeeper,1,1,False,0.0,0.0,0.0,0.0,0.0,0.0,0.0,0.0,0.0,False,False,,False,,False,,False
Stephan El Shaarawy,2023-2024,33,19,1738,19.3,3,4,7,3,0,0,2,0,2.5,2.5,2.3,4.8,46,44,131,30,Roma,ITA,"FW,DF",Forward,2,1,False,0.15544041450777202,0.20725388601036268,0.3626943005181347,0.12953367875647667,0.11917098445595854,0.12953367875647667,2.383419689119171,2.2797927461139897,6.787564766839378,False,False,,False,,False,,False
Steven Shpendi,2023-2024,12,4,411,4.6,0,1,1,0,0,0,0,0,0.4,0.4,0.5,0.9,3,6,32,20,Empoli,ALB,"FW,MF",Forward,2,1,False,0.0,0.2173913043478261,0.2173913043478261,0.08695652173913045,0.10869565217391305,0.08695652173913045,0.6521739130434783,1.3043478260869565,6.9565217391304355,True,False,,False,,False,,False
Suat Serdar,2023-2024,25,19,1659,18.4,0,2,2,0,0,0,7,0,1.0,1.0,1.4,2.4,20,68,36,26,Hellas Verona,GER,MF,Midfielder,1,1,False,0.0,0.10869565217391305,0.10869565217391305,0.05434782608695653,0.07608695652173914,0.05434782608695653,1.0869565217391306,3.695652173913044,1.956521739130435,False,False,,False,,False,,False
Sydney van Hooijdonk,2023-2024,9,2,212,2.4,0,0,0,0,0,0,0,0,0.6,0.6,0.1,0.7,1,2,9,23,Bologna,NED,FW,Forward,1,1,False,0.0,0.0,0.0,0.25,0.04166666666666667,0.25,0.4166666666666667,0.8333333333333334,3.75,True,False,,False,,False,,False
Szymon Żurkowski,2023-2024,13,10,868,9.6,4,0,4,4,0,0,4,0,1.0,1.0,0.1,1.1,17,20,37,25,Empoli,POL,MF,Midfielder,1,1,False,0.4166666666666667,0.0,0.4166666666666667,0.10416666666666667,0.010416666666666668,0.10416666666666667,1.7708333333333335,2.0833333333333335,3.854166666666667,False,False,,False,,False,,False
Tajon Buchanan,2023-2024,10,0,161,1.8,1,0,1,1,0,0,0,0,0.2,0.2,0.3,0.5,12,4,22,24,Inter,CAN,DF,Defender,1,1,False,0.5555555555555556,0.0,0.5555555555555556,0.11111111111111112,0.16666666666666666,0.11111111111111112,6.666666666666666,2.2222222222222223,12.222222222222221,True,True,1.0,False,1.0,True,0,True
Tammy Abraham,2023-2024,8,2,242,2.7,1,0,1,1,0,0,1,0,0.6,0.6,0.1,0.7,6,4,15,25,Roma,ENG,FW,Forward,1,1,False,0.37037037037037035,0.0,0.37037037037037035,0.2222222222222222,0.037037037037037035,0.2222222222222222,2.222222222222222,1.4814814814814814,5.555555555555555,True,False,,False,,False,,False
Teun Koopmeiners,2023-2024,34,29,2627,29.2,12,5,17,10,2,2,5,0,6.5,5.0,5.9,10.9,79,169,190,25,Atalanta,NED,MF,Midfielder,1,1,False,0.4109589041095891,0.17123287671232876,0.5821917808219178,0.2226027397260274,0.20205479452054798,0.17123287671232876,2.7054794520547945,5.787671232876712,6.506849315068493,False,False,,False,,False,,False
Theo Hernández,2023-2024,32,31,2791,31.0,5,4,9,4,1,2,11,1,4.9,3.4,4.3,7.7,116,166,124,25,Milan,FRA,DF,Defender,1,1,False,0.16129032258064516,0.12903225806451613,0.2903225806451613,0.15806451612903227,0.13870967741935483,0.10967741935483871,3.7419354838709675,5.354838709677419,4.0,False,False,,False,,False,,False
Thomas Henry,2023-2024,18,2,334,3.7,3,0,3,3,0,1,2,2,3.3,2.5,0.0,2.5,2,3,20,28,Hellas Verona,FRA,FW,Forward,1,1,False,0.8108108108108107,0.0,0.8108108108108107,0.8918918918918918,0.0,0.6756756756756757,0.5405405405405405,0.8108108108108107,5.405405405405405,True,False,,False,,False,,False
Thomas Kristensen,2023-2024,26,23,2096,23.3,0,1,1,0,0,0,4,1,1.1,1.1,0.4,1.5,20,47,3,21,Udinese,DEN,DF,Defender,1,1,False,0.0,0.04291845493562232,0.04291845493562232,0.04721030042918455,0.017167381974248927,0.04721030042918455,0.8583690987124464,2.017167381974249,0.12875536480686695,False,False,,False,,False,,False
Tiago Djaló,2023-2024,1,0,17,0.2,0,0,0,0,0,0,0,0,0.0,0.0,0.0,0.0,1,2,0,23,Juventus,POR,DF,Defender,1,1,False,0.0,0.0,0.0,0.0,0.0,0.0,5.0,10.0,0.0,True,False,,False,,False,,False
Tijjani Noslin,2023-2024,17,17,1339,14.9,5,4,9,5,0,0,2,0,3.6,3.6,2.2,5.8,29,26,94,24,Hellas Verona,NED,"FW,MF",Forward,2,1,False,0.33557046979865773,0.2684563758389262,0.6040268456375839,0.24161073825503357,0.1476510067114094,0.24161073825503357,1.9463087248322146,1.74496644295302,6.308724832214765,False,False,,False,,False,,False
Tijjani Reijnders,2023-2024,36,33,2820,31.3,3,3,6,3,0,0,8,0,3.2,3.2,3.7,7.0,88,204,90,25,Milan,NED,MF,Midfielder,1,1,False,0.09584664536741214,0.09584664536741214,0.19169329073482427,0.10223642172523963,0.11821086261980832,0.10223642172523963,2.8115015974440896,6.517571884984026,2.8753993610223643,False,False,,False,,False,,False
Timothy Weah,2023-2024,30,12,1258,14.0,0,1,1,0,0,0,5,0,1.5,1.5,1.1,2.7,35,48,84,23,Juventus,USA,"DF,FW",Defender,2,1,False,0.0,0.07142857142857142,0.07142857142857142,0.10714285714285714,0.07857142857142858,0.10714285714285714,2.5,3.4285714285714284,6.0,False,False,,False,,False,,False
Toma Bašić,2023-2024,15,14,1162,12.9,0,0,0,0,0,0,5,0,0.6,0.6,0.5,1.1,11,53,16,26,Salernitana,CRO,MF,Midfielder,1,1,False,0.0,0.0,0.0,0.046511627906976744,0.03875968992248062,0.046511627906976744,0.8527131782945736,4.108527131782946,1.2403100775193798,False,False,,False,,False,,False
Tommaso Augello,2023-2024,32,28,2418,26.9,1,1,2,1,0,0,5,0,0.5,0.5,2.0,2.5,62,96,99,28,Cagliari,ITA,DF,Defender,1,1,False,0.03717472118959108,0.03717472118959108,0.07434944237918216,0.01858736059479554,0.07434944237918216,0.01858736059479554,2.304832713754647,3.568773234200744,3.680297397769517,False,False,,False,,False,,False
Tommaso Baldanzi,2023-2024,27,14,1263,14.100000000000001,2,0,2,2,0,0,3,0,3.0,3.0,1.7,4.6,38,44,94,20,MULTI:Empoli|Roma,ITA,"MF,FW",Midfielder,2,2,True,0.14184397163120566,0.0,0.14184397163120566,0.21276595744680848,0.1205673758865248,0.21276595744680848,2.6950354609929077,3.1205673758865244,6.666666666666666,False,False,,False,,False,,False
Tommaso Corazza,2023-2024,9,1,195,2.2,0,0,0,0,0,0,1,0,0.1,0.1,0.1,0.2,10,14,9,19,Bologna,ITA,DF,Defender,1,1,False,0.0,0.0,0.0,0.045454545454545456,0.045454545454545456,0.045454545454545456,4.545454545454545,6.363636363636363,4.090909090909091,True,False,,False,,False,,False
Tommaso Martinelli,2023-2024,1,1,90,1.0,0,0,0,0,0,0,0,0,0.0,0.0,0.0,0.0,0,0,0,17,Fiorentina,ITA,GK,Goalkeeper,1,1,False,0.0,0.0,0.0,0.0,0.0,0.0,0.0,0.0,0.0,True,False,,False,,False,,False
Tommaso Pobega,2023-2024,11,3,319,3.5,0,0,0,0,0,0,0,0,0.2,0.2,0.2,0.4,6,11,10,24,Milan,ITA,MF,Midfielder,1,1,False,0.0,0.0,0.0,0.05714285714285715,0.05714285714285715,0.05714285714285715,1.7142857142857142,3.142857142857143,2.857142857142857,True,False,,False,,False,,False
Tomáš Suslov,2023-2024,32,23,2092,23.2,3,5,8,2,1,1,7,0,3.5,2.6,3.6,6.2,46,64,74,21,Hellas Verona,SVK,"MF,FW",Midfielder,2,1,False,0.12931034482758622,0.21551724137931036,0.3448275862068966,0.15086206896551724,0.15517241379310345,0.11206896551724138,1.9827586206896552,2.7586206896551726,3.189655172413793,False,False,,False,,False,,False
Triantafyllos Pasaridīs,2023-2024,8,5,452,5.0,0,0,0,0,0,0,3,0,0.0,0.0,0.0,0.0,1,17,0,27,Salernitana,GRE,DF,Defender,1,1,False,0.0,0.0,0.0,0.0,0.0,0.0,0.2,3.4,0.0,False,False,,False,,False,,False
Trivante Stewart,2023-2024,4,0,100,1.1,0,0,0,0,0,0,0,0,0.1,0.1,0.1,0.1,2,0,6,23,Salernitana,JAM,"FW,MF",Forward,2,1,False,0.0,0.0,0.0,0.09090909090909091,0.09090909090909091,0.09090909090909091,1.8181818181818181,0.0,5.454545454545454,True,False,,False,,False,,False
Tyronne Ebuehi,2023-2024,15,11,1099,12.2,0,1,1,0,0,0,0,0,0.3,0.3,0.9,1.2,34,37,35,27,Empoli,NGA,DF,Defender,1,1,False,0.0,0.0819672131147541,0.0819672131147541,0.02459016393442623,0.0737704918032787,0.02459016393442623,2.7868852459016393,3.0327868852459017,2.8688524590163937,False,False,,False,,False,,False
Uroš Račić,2023-2024,22,8,820,9.1,1,1,2,1,0,0,1,0,0.8,0.8,0.3,1.1,5,37,11,25,Sassuolo,SRB,MF,Midfielder,1,1,False,0.10989010989010989,0.10989010989010989,0.21978021978021978,0.08791208791208792,0.03296703296703297,0.08791208791208792,0.5494505494505495,4.065934065934066,1.208791208791209,False,False,,False,,False,,False
Valentin Carboni,2023-2024,31,10,1169,13.0,2,3,5,2,0,0,2,0,2.3,2.3,1.7,4.0,52,57,75,18,Monza,ARG,"MF,FW",Midfielder,2,1,False,0.15384615384615385,0.23076923076923078,0.38461538461538464,0.1769230769230769,0.13076923076923078,0.1769230769230769,4.0,4.384615384615385,5.769230769230769,False,False,,False,,False,,False
Valentin Gendrey,2023-2024,37,35,3044,33.8,2,3,5,2,0,0,5,0,1.6,1.6,1.6,3.2,77,116,86,23,Lecce,FRA,DF,Defender,1,1,False,0.0591715976331361,0.08875739644970415,0.14792899408284024,0.04733727810650888,0.04733727810650888,0.04733727810650888,2.27810650887574,3.4319526627218937,2.544378698224852,False,False,,False,,False,,False
Valentino Lazaro,2023-2024,35,21,1994,22.2,0,4,4,0,0,0,3,0,1.7,1.7,2.9,4.7,53,94,106,27,Torino,AUT,"DF,MF",Defender,2,1,False,0.0,0.1801801801801802,0.1801801801801802,0.07657657657657657,0.13063063063063063,0.07657657657657657,2.3873873873873874,4.2342342342342345,4.774774774774775,False,False,,False,,False,,False
Valentín Castellanos,2023-2024,35,16,1682,18.7,4,3,7,4,0,0,2,0,7.3,7.3,1.7,8.9,15,47,132,24,Lazio,ARG,FW,Forward,1,1,False,0.21390374331550802,0.16042780748663102,0.37433155080213903,0.39037433155080214,0.09090909090909091,0.39037433155080214,0.8021390374331551,2.5133689839572195,7.058823529411765,False,False,,False,,False,,False
Vanja Milinković-Savić,2023-2024,36,36,3240,36.0,0,0,0,0,0,0,2,0,0.0,0.0,0.0,0.0,0,0,0,26,Torino,SRB,GK,Goalkeeper,1,1,False,0.0,0.0,0.0,0.0,0.0,0.0,0.0,0.0,0.0,False,False,,False,,False,,False
Victor Bernth Kristiansen,2023-2024,32,26,2307,25.6,0,3,3,0,0,0,4,0,0.3,0.3,2.4,2.6,23,123,74,20,Bologna,DEN,DF,Defender,1,1,False,0.0,0.1171875,0.1171875,0.011718749999999998,0.09374999999999999,0.011718749999999998,0.8984375,4.8046875,2.890625,False,False,,False,,False,,False
Victor Osimhen,2023-2024,25,22,1982,22.0,15,3,18,12,3,5,6,1,15.4,11.4,3.1,14.6,34,23,142,24,Napoli,NGA,FW,Forward,1,1,False,0.6818181818181818,0.13636363636363635,0.8181818181818182,0.7000000000000001,0.1409090909090909,0.5181818181818182,1.5454545454545454,1.0454545454545454,6.454545454545454,False,False,,False,,False,,False
Viktor Kovalenko,2023-2024,17,4,613,6.8,1,1,2,1,0,0,1,0,0.9,0.9,0.8,1.7,4,20,24,27,Empoli,UKR,MF,Midfielder,1,1,False,0.14705882352941177,0.14705882352941177,0.29411764705882354,0.1323529411764706,0.11764705882352942,0.1323529411764706,0.5882352941176471,2.9411764705882355,3.5294117647058822,False,False,,False,,False,,False
Vincenzo Fiorillo,2023-2024,4,4,360,4.0,0,0,0,0,0,0,1,1,0.0,0.0,0.0,0.0,0,0,0,33,Salernitana,ITA,GK,Goalkeeper,1,1,False,0.0,0.0,0.0,0.0,0.0,0.0,0.0,0.0,0.0,True,False,,False,,False,,False
Vitinha,2023-2024,9,2,285,3.2,2,0,2,2,0,0,2,0,1.1,1.1,0.1,1.3,10,4,21,23,Genoa,POR,"FW,MF",Forward,2,1,False,0.625,0.0,0.625,0.34375,0.03125,0.34375,3.125,1.25,6.5625,True,False,,False,,False,,False
Vivaldo Semedo,2023-2024,1,0,12,0.1,0,0,0,0,0,0,0,0,0.0,0.0,0.0,0.0,1,0,0,18,Udinese,POR,FW,Forward,1,1,False,0.0,0.0,0.0,0.0,0.0,0.0,10.0,0.0,0.0,True,False,,False,,False,,False
Walace,2023-2024,37,37,3238,36.0,2,0,2,2,0,0,7,0,0.8,0.8,1.1,1.9,37,127,22,28,Udinese,BRA,MF,Midfielder,1,1,False,0.05555555555555555,0.0,0.05555555555555555,0.022222222222222223,0.030555555555555558,0.022222222222222223,1.0277777777777777,3.5277777777777777,0.6111111111111112,False,False,,False,,False,,False
Walid Cheddira,2023-2024,36,24,2120,23.6,7,1,8,6,1,1,0,0,9.0,8.2,1.4,9.6,31,22,139,25,Frosinone,MAR,FW,Forward,1,1,False,0.2966101694915254,0.0423728813559322,0.3389830508474576,0.3813559322033898,0.05932203389830508,0.34745762711864403,1.3135593220338981,0.9322033898305084,5.889830508474576,False,False,,False,,False,,False
Warren Bondo,2023-2024,25,14,1475,16.4,1,1,2,1,0,0,9,0,0.9,0.9,0.3,1.2,31,43,13,19,Monza,FRA,MF,Midfielder,1,1,False,0.06097560975609757,0.06097560975609757,0.12195121951219513,0.05487804878048781,0.01829268292682927,0.05487804878048781,1.8902439024390245,2.6219512195121952,0.7926829268292683,False,False,,False,,False,,False
Weston McKennie,2023-2024,34,29,2594,28.8,0,7,7,0,0,0,6,0,3.0,3.0,3.9,6.9,64,92,176,24,Juventus,USA,"MF,DF",Midfielder,2,1,False,0.0,0.24305555555555555,0.24305555555555555,0.10416666666666666,0.13541666666666666,0.10416666666666666,2.2222222222222223,3.194444444444444,6.111111111111111,False,False,,False,,False,,False
Wladimiro Falcone,2023-2024,38,38,3420,38.0,0,0,0,0,0,0,0,0,0.0,0.0,0.2,0.2,0,1,0,28,Lecce,ITA,GK,Goalkeeper,1,1,False,0.0,0.0,0.0,0.0,0.005263157894736842,0.0,0.0,0.02631578947368421,0.0,False,False,,False,,False,,False
Wojciech Szczęsny,2023-2024,35,35,3150,35.0,0,0,0,0,0,0,1,0,0.0,0.0,0.0,0.0,0,0,0,33,Juventus,POL,GK,Goalkeeper,1,1,False,0.0,0.0,0.0,0.0,0.0,0.0,0.0,0.0,0.0,False,False,,False,,False,,False
Yacine Adli,2023-2024,24,17,1407,15.6,1,2,3,1,0,0,3,0,0.3,0.3,2.2,2.5,30,125,26,23,Milan,FRA,MF,Midfielder,1,1,False,0.06410256410256411,0.12820512820512822,0.19230769230769232,0.019230769230769232,0.14102564102564105,0.019230769230769232,1.9230769230769231,8.012820512820513,1.6666666666666667,False,False,,False,,False,,False
Yann Aurel Bisseck,2023-2024,16,9,904,10.0,2,0,2,2,0,0,0,0,0.9,0.9,0.5,1.4,24,30,20,22,Inter,GER,DF,Defender,1,1,False,0.2,0.0,0.2,0.09,0.05,0.09,2.4,3.0,2.0,False,True,4.0,False,4.0,True,0,True
Yann Karamoh,2023-2024,10,1,162,1.8,0,0,0,0,0,0,0,0,0.1,0.1,0.1,0.2,11,5,12,25,Torino,FRA,"MF,FW",Midfielder,2,1,False,0.0,0.0,0.0,0.05555555555555556,0.05555555555555556,0.05555555555555556,6.111111111111111,2.7777777777777777,6.666666666666666,True,False,,False,,False,,False
Yann Sommer,2023-2024,34,34,3060,34.0,0,0,0,0,0,0,1,0,0.0,0.0,0.0,0.0,0,0,0,34,Inter,SUI,GK,Goalkeeper,1,1,False,0.0,0.0,0.0,0.0,0.0,0.0,0.0,0.0,0.0,False,True,2.0,False,2.0,True,0,True
Yayah Kallon,2023-2024,1,0,4,0.0,0,0,0,0,0,0,0,0,0.0,0.0,0.0,0.0,0,1,0,22,Hellas Verona,SLE,FW,Forward,1,1,False,,,,,,,,,,True,False,,False,,False,,False
Yerry Mina,2023-2024,18,14,1259,14.0,2,0,2,1,1,1,5,0,1.4000000000000001,0.6,0.0,0.6,4,25,4,28,MULTI:Cagliari|Fiorentina,COL,"DF,MF",Defender,2,2,True,0.14285714285714285,0.0,0.14285714285714285,0.1,0.0,0.04285714285714286,0.2857142857142857,1.7857142857142858,0.2857142857142857,False,False,,False,,False,,False
Ylber Ramadani,2023-2024,34,34,2970,33.0,1,0,1,1,0,0,13,0,1.0,1.0,0.5,1.6,36,121,14,27,Lecce,ALB,MF,Midfielder,1,1,False,0.030303030303030304,0.0,0.030303030303030304,0.030303030303030304,0.015151515151515152,0.030303030303030304,1.0909090909090908,3.6666666666666665,0.42424242424242425,False,False,,False,,False,,False
Youssef Maleh,2023-2024,34,30,2602,28.9,0,1,1,0,0,0,11,0,1.6,1.6,2.4,4.0,17,117,65,24,Empoli,MAR,MF,Midfielder,1,1,False,0.0,0.03460207612456748,0.03460207612456748,0.05536332179930797,0.08304498269896193,0.05536332179930797,0.5882352941176471,4.048442906574395,2.249134948096886,False,False,,False,,False,,False
Yunus Musah,2023-2024,30,13,1478,16.4,0,2,2,0,0,0,5,0,0.6,0.6,1.2,1.8,48,64,77,20,Milan,USA,"MF,FW",Midfielder,2,1,False,0.0,0.12195121951219513,0.12195121951219513,0.03658536585365854,0.07317073170731708,0.03658536585365854,2.9268292682926833,3.9024390243902443,4.695121951219512,False,False,,False,,False,,False
Zanos Savva,2023-2024,2,0,28,0.3,1,0,1,1,0,0,0,0,0.2,0.2,0.0,0.2,0,1,1,17,Torino,CYP,"DF,MF",Defender,2,1,False,3.3333333333333335,0.0,3.3333333333333335,0.6666666666666667,0.0,0.6666666666666667,0.0,3.3333333333333335,3.3333333333333335,True,False,,False,,False,,False
Zeki Çelik,2023-2024,17,6,671,7.5,0,0,0,0,0,0,1,0,0.2,0.2,0.6,0.8,14,26,38,26,Roma,TUR,DF,Defender,1,1,False,0.0,0.0,0.0,0.02666666666666667,0.08,0.02666666666666667,1.8666666666666667,3.466666666666667,5.066666666666666,False,False,,False,,False,,False
Zito Luvumbo,2023-2024,30,19,1946,21.6,4,5,9,4,0,0,5,0,4.0,4.0,3.1,7.1,85,21,181,21,Cagliari,ANG,"FW,MF",Forward,2,1,False,0.18518518518518517,0.23148148148148145,0.41666666666666663,0.18518518518518517,0.14351851851851852,0.18518518518518517,3.935185185185185,0.9722222222222222,8.37962962962963,False,False,,False,,False,,False
Éderson,2023-2024,36,32,2869,31.9,6,1,7,6,0,0,8,0,3.5,3.5,1.4,4.9,32,214,50,24,Atalanta,BRA,MF,Midfielder,1,1,False,0.18808777429467086,0.031347962382445145,0.219435736677116,0.109717868338558,0.0438871473354232,0.109717868338558,1.0031347962382446,6.70846394984326,1.567398119122257,False,False,,False,,False,,False
Łukasz Skorupski,2023-2024,32,32,2880,32.0,0,0,0,0,0,0,2,0,0.0,0.0,0.0,0.0,0,1,0,32,Bologna,POL,GK,Goalkeeper,1,1,False,0.0,0.0,0.0,0.0,0.0,0.0,0.0,0.03125,0.0,False,False,,False,,False,,False
Aaron Ciammaglichella,2024-2025,1,0,1,0.0,0,0,0,0,0,0,0,0,0.0,0.0,0.0,0.0,0,0,0,19,Torino,ITA,MF,Midfielder,1,1,False,,,,,,,,,,True,False,,False,,False,,False
Aarón Martín,2024-2025,36,35,3085,34.3,0,8,8,0,0,0,5,0,0.9,0.9,5.5,6.4,50,90,108,27,Genoa,ESP,DF,Defender,1,1,False,0.0,0.23323615160349856,0.23323615160349856,0.02623906705539359,0.16034985422740525,0.02623906705539359,1.457725947521866,2.623906705539359,3.1486880466472305,False,False,,False,,False,,False
Abdou Harroui,2024-2025,10,5,463,5.1,1,2,3,1,0,0,1,0,2.2,2.2,0.4,2.6,23,21,34,26,Hellas Verona,NED,"MF,FW",Midfielder,2,1,False,0.19607843137254904,0.3921568627450981,0.5882352941176471,0.4313725490196079,0.07843137254901962,0.4313725490196079,4.509803921568627,4.11764705882353,6.666666666666667,False,False,,False,,False,,False
Adam Marušić,2024-2025,35,26,2337,26.0,4,0,4,4,0,0,1,0,2.0,2.0,0.6,2.6,23,84,108,31,Lazio,MNE,DF,Defender,1,1,False,0.15384615384615385,0.0,0.15384615384615385,0.07692307692307693,0.023076923076923075,0.07692307692307693,0.8846153846153846,3.230769230769231,4.153846153846154,False,False,,False,,False,,False
Adam Masina,2024-2025,28,20,1919,21.3,1,2,3,1,0,0,5,0,0.7,0.7,0.3,1.0,15,73,10,30,Torino,MAR,DF,Defender,1,1,False,0.046948356807511735,0.09389671361502347,0.14084507042253522,0.03286384976525821,0.01408450704225352,0.03286384976525821,0.704225352112676,3.4272300469483565,0.4694835680751174,False,False,,False,,False,,False
Adam Obert,2024-2025,21,13,1077,12.0,1,1,2,1,0,0,4,0,0.9,0.9,0.4,1.3,12,50,19,21,Cagliari,SVK,DF,Defender,1,1,False,0.08333333333333333,0.08333333333333333,0.16666666666666666,0.075,0.03333333333333333,0.075,1.0,4.166666666666667,1.5833333333333333,False,False,,False,,False,,False
Ademola Lookman,2024-2025,31,28,2247,25.0,15,5,20,14,1,1,4,0,10.3,9.5,7.1,16.7,142,73,316,26,Atalanta,NGA,"MF,FW",Midfielder,2,1,False,0.6,0.2,0.8,0.41200000000000003,0.284,0.38,5.68,2.92,12.64,False,False,,False,,False,,False
Adrian Benedyczak,2024-2025,9,2,214,2.4,0,0,0,0,0,0,0,0,0.3,0.3,0.1,0.3,3,3,12,23,Parma,POL,"FW,MF",Forward,2,1,False,0.0,0.0,0.0,0.125,0.04166666666666667,0.125,1.25,1.25,5.0,True,False,,False,,False,,False
Adrian Bernabe,2024-2025,21,18,1453,16.1,1,1,2,1,0,0,1,0,1.3,1.3,1.1,2.4,37,115,20,23,Parma,ESP,MF,Midfielder,1,1,False,0.06211180124223602,0.06211180124223602,0.12422360248447203,0.08074534161490683,0.06832298136645963,0.08074534161490683,2.2981366459627326,7.142857142857142,1.2422360248447204,False,False,,False,,False,,False
Adrien Tameze,2024-2025,20,9,649,7.2,0,0,0,0,0,0,3,0,0.4,0.4,0.8,1.2,16,23,21,30,Torino,CMR,"MF,DF",Midfielder,2,1,False,0.0,0.0,0.0,0.05555555555555556,0.11111111111111112,0.05555555555555556,2.2222222222222223,3.194444444444444,2.9166666666666665,False,False,,False,,False,,False
Alan Matturro,2024-2025,13,9,900,10.0,0,0,0,0,0,0,2,0,0.2,0.2,0.2,0.4,12,15,9,19,Genoa,URU,DF,Defender,1,1,False,0.0,0.0,0.0,0.02,0.02,0.02,1.2,1.5,0.9,False,False,,False,,False,,False
Albert Guðmundsson,2024-2025,24,16,1273,14.1,6,1,7,4,2,2,2,0,4.5,2.9,1.8,4.8,35,37,59,27,Fiorentina,ISL,"FW,MF",Forward,2,1,False,0.425531914893617,0.07092198581560284,0.49645390070921985,0.3191489361702128,0.12765957446808512,0.20567375886524822,2.4822695035460995,2.624113475177305,4.184397163120567,False,False,,False,,False,,False
Alberto Cerri,2024-2025,5,0,87,1.0,0,0,0,0,0,0,0,0,1.0,1.0,0.0,1.0,0,0,11,28,Como,ITA,FW,Forward,1,1,False,0.0,0.0,0.0,1.0,0.0,1.0,0.0,0.0,11.0,True,False,,False,,False,,False
Alberto Dossena,2024-2025,23,20,1825,20.3,0,2,2,0,0,0,1,1,0.8,0.8,0.7,1.5,4,36,1,25,Como,ITA,DF,Defender,1,1,False,0.0,0.09852216748768472,0.09852216748768472,0.03940886699507389,0.034482758620689655,0.03940886699507389,0.19704433497536944,1.773399014778325,0.04926108374384236,False,False,,False,,False,,False
Alberto Grassi,2024-2025,28,27,2203,24.5,1,0,1,1,0,0,8,0,1.0,1.0,0.8,1.9,18,74,24,29,Empoli,ITA,MF,Midfielder,1,1,False,0.04081632653061224,0.0,0.04081632653061224,0.04081632653061224,0.0326530612244898,0.04081632653061224,0.7346938775510204,3.020408163265306,0.9795918367346939,False,False,,False,,False,,False
Alberto Manzoni,2024-2025,1,0,6,0.1,0,0,0,0,0,0,0,0,0.1,0.1,0.0,0.1,0,0,0,19,Atalanta,ITA,MF,Midfielder,1,1,False,0.0,0.0,0.0,1.0,0.0,1.0,0.0,0.0,0.0,True,False,,False,,False,,False
Alberto Moreno,2024-2025,24,21,1727,19.2,0,0,0,0,0,0,4,0,0.4,0.4,1.2,1.6,23,81,58,32,Como,ESP,DF,Defender,1,1,False,0.0,0.0,0.0,0.020833333333333336,0.0625,0.020833333333333336,1.1979166666666667,4.21875,3.0208333333333335,False,False,,False,,False,,False
Alberto Paleari,2024-2025,1,1,90,1.0,0,0,0,0,0,0,0,0,0.0,0.0,0.0,0.0,0,0,0,31,Torino,ITA,GK,Goalkeeper,1,1,False,0.0,0.0,0.0,0.0,0.0,0.0,0.0,0.0,0.0,True,False,,False,,False,,False
Alberto costa,2024-2025,9,3,357,4.0,0,1,1,0,0,0,3,0,0.6,0.6,0.2,0.8,8,8,25,20,Juventus,POR,DF,Defender,1,1,False,0.0,0.25,0.25,0.15,0.05,0.15,2.0,2.0,6.25,True,False,,False,,False,,False
Alejandro Jiménez,2024-2025,22,14,1266,14.1,0,1,1,0,0,0,6,0,0.8,0.8,1.3,2.1,55,37,72,19,Milan,ESP,"DF,FW",Defender,2,1,False,0.0,0.07092198581560284,0.07092198581560284,0.056737588652482275,0.0921985815602837,0.056737588652482275,3.900709219858156,2.624113475177305,5.1063829787234045,False,False,,False,,False,,False
Alen Sherri,2024-2025,7,7,621,6.9,0,0,0,0,0,0,0,0,0.0,0.0,0.0,0.0,0,0,0,26,Cagliari,ALB,GK,Goalkeeper,1,1,False,0.0,0.0,0.0,0.0,0.0,0.0,0.0,0.0,0.0,False,False,,False,,False,,False
Alessandro Bastoni,2024-2025,32,30,2333,25.9,1,5,6,1,0,0,6,1,0.8,0.8,2.3,3.2,62,162,83,25,Inter,ITA,DF,Defender,1,1,False,0.03861003861003861,0.19305019305019305,0.23166023166023167,0.030888030888030892,0.0888030888030888,0.030888030888030892,2.393822393822394,6.254826254826255,3.204633204633205,False,True,,False,,False,,False
Alessandro Bianco,2024-2025,35,29,2618,29.099999999999998,1,0,1,1,0,0,9,0,1.3,1.3,1.2,2.5,35,125,25,21,MULTI:Fiorentina|Monza,ITA,MF,Midfielder,1,2,True,0.03436426116838488,0.0,0.03436426116838488,0.04467353951890035,0.041237113402061855,0.04467353951890035,1.202749140893471,4.295532646048111,0.859106529209622,False,False,,False,,False,,False
Alessandro Buongiorno,2024-2025,22,22,1924,21.4,1,0,1,1,0,0,2,0,0.8,0.8,0.6,1.4,27,82,8,25,Napoli,ITA,DF,Defender,1,1,False,0.04672897196261683,0.0,0.04672897196261683,0.03738317757009346,0.028037383177570093,0.03738317757009346,1.2616822429906542,3.8317757009345796,0.3738317757009346,False,False,,False,,False,,False
Alessandro Circati,2024-2025,6,6,540,6.0,0,0,0,0,0,0,1,0,0.3,0.3,0.0,0.3,1,10,0,20,Parma,AUS,DF,Defender,1,1,False,0.0,0.0,0.0,0.049999999999999996,0.0,0.049999999999999996,0.16666666666666666,1.6666666666666667,0.0,False,False,,False,,False,,False
Alessandro Deiola,2024-2025,29,16,1432,15.9,2,1,3,2,0,0,6,0,1.7,1.7,0.6,2.4,11,40,36,28,Cagliari,ITA,MF,Midfielder,1,1,False,0.12578616352201258,0.06289308176100629,0.18867924528301885,0.10691823899371068,0.03773584905660377,0.10691823899371068,0.6918238993710691,2.5157232704402515,2.2641509433962264,False,False,,False,,False,,False
Alessandro Florenzi,2024-2025,1,0,5,0.1,0,0,0,0,0,0,0,0,0.0,0.0,0.0,0.0,0,0,0,33,Milan,ITA,FW,Forward,1,1,False,0.0,0.0,0.0,0.0,0.0,0.0,0.0,0.0,0.0,True,False,,False,,False,,False
Alessandro Gabrielloni,2024-2025,15,0,142,1.6,1,1,2,1,0,0,1,0,0.3,0.3,0.8,1.1,5,6,13,30,Como,ITA,"FW,MF",Forward,2,1,False,0.625,0.625,1.25,0.18749999999999997,0.5,0.18749999999999997,3.125,3.75,8.125,True,False,,False,,False,,False
Alessandro Marcandalli,2024-2025,10,6,400,4.4,0,0,0,0,0,0,2,0,0.3,0.3,0.0,0.3,2,11,1,21,MULTI:Genoa|Venezia,ITA,DF,Defender,1,2,True,0.0,0.0,0.0,0.06818181818181818,0.0,0.06818181818181818,0.45454545454545453,2.5,0.22727272727272727,True,False,,False,,False,,False
Alessandro Vogliacco,2024-2025,22,18,1487,16.5,2,0,2,2,0,0,5,0,1.4000000000000001,1.4000000000000001,0.1,1.5999999999999999,11,47,2,25,MULTI:Genoa|Parma,ITA,DF,Defender,1,2,True,0.12121212121212122,0.0,0.12121212121212122,0.08484848484848485,0.006060606060606061,0.08484848484848485,0.6666666666666666,2.8484848484848486,0.12121212121212122,False,False,,False,,False,,False
Alessandro Zanoli,2024-2025,31,19,1711,19.0,1,0,1,1,0,0,3,0,0.4,0.4,1.6,2.0,65,27,90,23,Genoa,ITA,"FW,DF",Forward,2,1,False,0.05263157894736842,0.0,0.05263157894736842,0.021052631578947368,0.08421052631578947,0.021052631578947368,3.4210526315789473,1.4210526315789473,4.7368421052631575,False,False,,False,,False,,False
Alessio Cacciamani,2024-2025,2,0,31,0.3,0,0,0,0,0,0,0,0,0.0,0.0,0.0,0.0,2,1,2,17,Torino,ITA,"MF,DF",Midfielder,2,1,False,0.0,0.0,0.0,0.0,0.0,0.0,6.666666666666667,3.3333333333333335,6.666666666666667,True,False,,False,,False,,False
Alessio Iovine,2024-2025,10,3,387,4.3,0,0,0,0,0,0,2,0,0.0,0.0,0.2,0.2,9,6,8,33,Como,ITA,"DF,FW",Defender,2,1,False,0.0,0.0,0.0,0.0,0.04651162790697675,0.0,2.0930232558139537,1.3953488372093024,1.8604651162790697,True,False,,False,,False,,False
Alessio Romagnoli,2024-2025,32,31,2672,29.7,2,0,2,2,0,0,4,2,2.4,2.4,0.3,2.6,8,90,4,29,Lazio,ITA,DF,Defender,1,1,False,0.06734006734006734,0.0,0.06734006734006734,0.0808080808080808,0.0101010101010101,0.0808080808080808,0.26936026936026936,3.0303030303030303,0.13468013468013468,False,False,,False,,False,,False
Alessio Zerbin,2024-2025,20,17,1520,16.9,1,1,2,1,0,0,4,0,1.9,1.9,2.1,3.9,53,54,70,25,MULTI:Napoli|Venezia,ITA,"DF,FW",Defender,2,2,True,0.0591715976331361,0.0591715976331361,0.1183431952662722,0.11242603550295859,0.12426035502958581,0.11242603550295859,3.1360946745562135,3.1952662721893494,4.142011834319527,False,False,,False,,False,,False
Alex Meret,2024-2025,34,34,3005,33.4,0,0,0,0,0,0,0,0,0.0,0.0,0.0,0.0,0,1,0,27,Napoli,ITA,GK,Goalkeeper,1,1,False,0.0,0.0,0.0,0.0,0.0,0.0,0.0,0.029940119760479042,0.0,False,False,,False,,False,,False
Alexis Saelemaekers,2024-2025,23,18,1479,16.4,7,3,10,7,0,0,4,0,2.5,2.5,2.7,5.199999999999999,46,57,149,25,MULTI:Milan|Roma,BEL,"DF,FW",Defender,2,2,True,0.426829268292683,0.1829268292682927,0.6097560975609757,0.15243902439024393,0.16463414634146345,0.15243902439024393,2.804878048780488,3.4756097560975614,9.085365853658537,False,False,,False,,False,,False
Alexis Sánchez,2024-2025,13,6,437,4.9,0,0,0,0,0,0,0,0,0.8,0.8,0.2,1.0,2,19,19,35,Udinese,CHI,FW,Forward,1,1,False,0.0,0.0,0.0,0.16326530612244897,0.04081632653061224,0.16326530612244897,0.4081632653061224,3.877551020408163,3.877551020408163,True,False,,False,,False,,False
Alfred Duncan,2024-2025,16,12,957,10.6,0,0,0,0,0,0,2,0,0.8,0.8,1.1,1.9,11,53,12,31,Venezia,GHA,MF,Midfielder,1,1,False,0.0,0.0,0.0,0.07547169811320756,0.1037735849056604,0.07547169811320756,1.0377358490566038,5.0,1.1320754716981132,False,False,,False,,False,,False
Ali Dembélé,2024-2025,15,4,388,4.3,1,0,1,1,0,0,4,1,0.4,0.4,0.1,0.5,8,12,8,20,Torino,FRA,DF,Defender,1,1,False,0.23255813953488372,0.0,0.23255813953488372,0.0930232558139535,0.023255813953488375,0.0930232558139535,1.8604651162790697,2.7906976744186047,1.8604651162790697,True,False,,False,,False,,False
Ali Jasim,2024-2025,2,0,10,0.1,0,0,0,0,0,0,0,0,0.0,0.0,0.0,0.0,1,1,1,20,Como,IRQ,"FW,DF",Forward,2,1,False,0.0,0.0,0.0,0.0,0.0,0.0,10.0,10.0,10.0,True,False,,False,,False,,False
Alieu Fadera,2024-2025,28,20,1644,18.3,1,3,4,1,0,0,2,1,1.7,1.7,4.0,5.7,74,36,160,22,Como,GAM,"FW,DF",Forward,2,1,False,0.0546448087431694,0.16393442622950818,0.2185792349726776,0.09289617486338797,0.2185792349726776,0.09289617486338797,4.043715846994536,1.9672131147540983,8.743169398907103,False,False,,False,,False,,False
Alphadjo Cissè,2024-2025,2,0,9,0.1,0,0,0,0,0,0,0,0,0.0,0.0,0.0,0.0,0,1,0,17,Hellas Verona,ITA,"FW,MF",Forward,2,1,False,0.0,0.0,0.0,0.0,0.0,0.0,0.0,10.0,0.0,True,False,,False,,False,,False
Amin Sarr,2024-2025,32,25,1907,21.2,4,1,5,4,0,0,1,0,3.2,3.2,2.1,5.4,31,41,103,23,Hellas Verona,SWE,FW,Forward,1,1,False,0.18867924528301888,0.04716981132075472,0.2358490566037736,0.15094339622641512,0.09905660377358491,0.15094339622641512,1.4622641509433962,1.9339622641509435,4.858490566037736,False,False,,False,,False,,False
Amir Richardson,2024-2025,26,10,1024,11.4,1,1,2,1,0,0,6,0,0.9,0.9,0.6,1.5,19,47,31,22,Fiorentina,MAR,MF,Midfielder,1,1,False,0.08771929824561403,0.08771929824561403,0.17543859649122806,0.07894736842105263,0.05263157894736842,0.07894736842105263,1.6666666666666665,4.12280701754386,2.719298245614035,False,False,,False,,False,,False
Amir Rrahmani,2024-2025,38,38,3406,37.8,1,3,4,1,0,0,2,0,2.9,2.9,1.1,4.0,30,188,2,30,Napoli,KVX,DF,Defender,1,1,False,0.026455026455026457,0.07936507936507937,0.10582010582010583,0.07671957671957673,0.029100529100529106,0.07671957671957673,0.7936507936507937,4.973544973544974,0.052910052910052914,False,False,,False,,False,,False
Anass Salah-Eddine,2024-2025,3,2,152,1.7,0,1,1,0,0,0,0,0,0.3,0.3,0.1,0.5,8,2,15,22,Roma,NED,DF,Defender,1,1,False,0.0,0.5882352941176471,0.5882352941176471,0.17647058823529413,0.05882352941176471,0.17647058823529413,4.705882352941177,1.1764705882352942,8.823529411764707,True,False,,False,,False,,False
Anastasios Douvikas,2024-2025,13,6,580,6.4,2,2,4,2,0,0,1,0,2.5,2.5,1.1,3.7,8,6,36,24,Como,GRE,FW,Forward,1,1,False,0.3125,0.3125,0.625,0.390625,0.171875,0.390625,1.25,0.9375,5.625,False,False,,False,,False,,False
Andre-Frank Zambo Anguissa,2024-2025,35,32,2852,31.7,6,4,10,6,0,0,5,0,4.4,4.4,2.4,6.8,24,144,119,28,Napoli,CMR,MF,Midfielder,1,1,False,0.18927444794952683,0.12618296529968454,0.31545741324921134,0.13880126182965302,0.07570977917981073,0.13880126182965302,0.7570977917981073,4.542586750788644,3.7539432176656153,False,False,,False,,False,,False
Andrea Belotti,2024-2025,18,7,593,6.6,2,0,2,2,0,0,1,0,2.5,2.5,0.4,2.8,9,9,33,30,Como,ITA,FW,Forward,1,1,False,0.30303030303030304,0.0,0.30303030303030304,0.3787878787878788,0.060606060606060615,0.3787878787878788,1.3636363636363638,1.3636363636363638,5.0,False,False,,False,,False,,False
Andrea Cambiaso,2024-2025,33,25,2221,24.7,2,3,5,2,0,0,4,0,0.7,0.7,2.6,3.3,78,111,122,24,Juventus,ITA,"DF,FW",Defender,2,1,False,0.08097165991902834,0.12145748987854252,0.20242914979757085,0.02834008097165992,0.10526315789473685,0.02834008097165992,3.1578947368421053,4.493927125506073,4.939271255060729,False,False,,False,,False,,False
Andrea Carboni,2024-2025,26,25,2191,24.3,0,1,1,0,0,0,5,0,0.3,0.3,0.3,0.6,9,51,32,23,Monza,ITA,DF,Defender,1,1,False,0.0,0.0411522633744856,0.0411522633744856,0.012345679012345678,0.012345679012345678,0.012345679012345678,0.37037037037037035,2.0987654320987654,1.316872427983539,False,False,,False,,False,,False
Andrea Colpani,2024-2025,24,17,1432,15.9,2,1,3,2,0,0,1,0,2.7,2.7,1.3,3.9,37,57,129,25,Fiorentina,ITA,"FW,MF",Forward,2,1,False,0.12578616352201258,0.06289308176100629,0.18867924528301885,0.169811320754717,0.08176100628930817,0.169811320754717,2.3270440251572326,3.5849056603773586,8.11320754716981,False,False,,False,,False,,False
Andrea Mazza,2024-2025,1,0,8,0.1,0,0,0,0,0,0,0,0,0.0,0.0,0.0,0.0,0,0,0,20,Monza,ITA,GK,Goalkeeper,1,1,False,0.0,0.0,0.0,0.0,0.0,0.0,0.0,0.0,0.0,True,False,,False,,False,,False
Andrea Petagna,2024-2025,13,2,335,3.7,0,0,0,0,0,0,1,0,0.2,0.2,0.0,0.2,2,1,17,29,Monza,ITA,FW,Forward,1,1,False,0.0,0.0,0.0,0.05405405405405406,0.0,0.05405405405405406,0.5405405405405405,0.27027027027027023,4.594594594594595,True,False,,False,,False,,False
Andrea Pinamonti,2024-2025,36,33,2850,31.7,10,1,11,10,0,1,4,0,7.7,7.0,1.7,8.7,20,46,132,25,Genoa,ITA,FW,Forward,1,1,False,0.31545741324921134,0.031545741324921134,0.3470031545741325,0.24290220820189276,0.05362776025236593,0.22082018927444796,0.6309148264984227,1.4511041009463723,4.16403785488959,False,False,,False,,False,,False
Andy Pelmard,2024-2025,3,1,129,1.4,0,0,0,0,0,0,1,0,0.0,0.0,0.0,0.0,1,1,0,24,Lecce,FRA,DF,Defender,1,1,False,0.0,0.0,0.0,0.0,0.0,0.0,0.7142857142857143,0.7142857142857143,0.0,True,False,,False,,False,,False
Ange-Yoan Bonny,2024-2025,37,30,2529,28.1,6,4,10,4,2,3,2,0,9.4,7.1,2.9,9.9,41,53,163,20,Parma,FRA,FW,Forward,1,1,False,0.21352313167259784,0.14234875444839856,0.3558718861209964,0.33451957295373663,0.10320284697508895,0.25266903914590744,1.4590747330960854,1.886120996441281,5.800711743772242,False,False,,False,,False,,False
Angeliño,2024-2025,38,36,3177,35.3,2,1,3,2,0,0,1,0,1.4,1.4,3.7,5.1,66,172,172,27,Roma,ESP,DF,Defender,1,1,False,0.056657223796034,0.028328611898017,0.08498583569405099,0.039660056657223795,0.10481586402266291,0.039660056657223795,1.869688385269122,4.872521246458924,4.872521246458924,False,False,,False,,False,,False
Ante Rebić,2024-2025,27,7,788,8.8,1,0,1,1,0,0,3,2,2.1,2.1,2.1,4.2,17,36,63,30,Lecce,CRO,"FW,MF",Forward,2,1,False,0.11363636363636363,0.0,0.11363636363636363,0.23863636363636362,0.23863636363636362,0.23863636363636362,1.9318181818181817,4.090909090909091,7.159090909090908,False,False,,False,,False,,False
Antoine Bernede,2024-2025,14,7,594,6.6,1,0,1,1,0,0,2,0,0.8,0.8,0.5,1.2,7,29,22,25,Hellas Verona,FRA,MF,Midfielder,1,1,False,0.15151515151515152,0.0,0.15151515151515152,0.12121212121212123,0.07575757575757576,0.12121212121212123,1.0606060606060606,4.3939393939393945,3.3333333333333335,False,False,,False,,False,,False
Antoine Hainaut,2024-2025,25,10,1206,13.4,2,0,2,2,0,0,4,0,0.8,0.8,1.0,1.8,22,34,37,22,Parma,FRA,"DF,FW",Defender,2,1,False,0.14925373134328357,0.0,0.14925373134328357,0.05970149253731343,0.07462686567164178,0.05970149253731343,1.6417910447761193,2.5373134328358207,2.761194029850746,False,False,,False,,False,,False
Antoine Makoumbou,2024-2025,33,27,2150,23.9,0,3,3,0,0,0,4,1,0.3,0.3,0.9,1.3,11,92,14,26,Cagliari,CGO,MF,Midfielder,1,1,False,0.0,0.12552301255230125,0.12552301255230125,0.012552301255230125,0.03765690376569038,0.012552301255230125,0.46025104602510464,3.8493723849372388,0.5857740585774059,False,False,,False,,False,,False
Antonino Gallo,2024-2025,31,31,2609,29.0,0,2,2,0,0,0,3,1,0.3,0.3,2.7,3.0,57,107,110,24,Lecce,ITA,DF,Defender,1,1,False,0.0,0.06896551724137931,0.06896551724137931,0.010344827586206896,0.09310344827586207,0.010344827586206896,1.9655172413793103,3.689655172413793,3.793103448275862,False,False,,False,,False,,False
Antonio Candela,2024-2025,14,12,1008,11.2,0,1,1,0,0,0,2,0,0.3,0.3,0.8,1.2,12,27,25,24,Venezia,ITA,DF,Defender,1,1,False,0.0,0.08928571428571429,0.08928571428571429,0.026785714285714288,0.07142857142857144,0.026785714285714288,1.0714285714285714,2.410714285714286,2.232142857142857,False,False,,False,,False,,False
Antonio Raimondo,2024-2025,9,0,94,1.0,0,0,0,0,0,0,0,0,0.3,0.3,0.1,0.4,2,2,7,20,Venezia,ITA,"FW,DF",Forward,2,1,False,0.0,0.0,0.0,0.3,0.1,0.3,2.0,2.0,7.0,True,False,,False,,False,,False
Antonio Sanabria,2024-2025,26,16,1318,14.6,2,1,3,2,0,1,2,0,2.9,2.1,0.5,2.6,6,18,54,28,Torino,PAR,FW,Forward,1,1,False,0.136986301369863,0.0684931506849315,0.20547945205479454,0.19863013698630136,0.03424657534246575,0.14383561643835618,0.4109589041095891,1.2328767123287672,3.6986301369863015,False,False,,False,,False,,False
Antonín Barák,2024-2025,1,1,54,0.6,0,0,0,0,0,0,0,0,0.1,0.1,0.3,0.4,2,2,5,29,Fiorentina,CZE,MF,Midfielder,1,1,False,0.0,0.0,0.0,0.16666666666666669,0.5,0.16666666666666669,3.3333333333333335,3.3333333333333335,8.333333333333334,True,False,,False,,False,,False
Ardian Ismajli,2024-2025,29,29,2508,27.9,0,0,0,0,0,0,3,0,0.3,0.3,0.0,0.4,3,38,1,27,Empoli,ALB,DF,Defender,1,1,False,0.0,0.0,0.0,0.010752688172043012,0.0,0.010752688172043012,0.10752688172043011,1.3620071684587813,0.03584229390681004,False,False,,False,,False,,False
Arijon Ibrahimović,2024-2025,1,0,8,0.1,0,0,0,0,0,0,0,0,0.1,0.1,0.0,0.1,0,0,0,18,Lazio,GER,MF,Midfielder,1,1,False,0.0,0.0,0.0,1.0,0.0,1.0,0.0,0.0,0.0,True,False,,False,,False,,False
Armando Izzo,2024-2025,30,28,2435,27.1,1,1,2,1,0,0,12,0,0.4,0.4,0.8,1.2,12,72,12,32,Monza,ITA,DF,Defender,1,1,False,0.03690036900369004,0.03690036900369004,0.07380073800738007,0.014760147601476014,0.02952029520295203,0.014760147601476014,0.44280442804428044,2.6568265682656826,0.44280442804428044,False,False,,False,,False,,False
Artem Dovbyk,2024-2025,32,27,2418,26.9,12,2,14,10,2,2,0,0,11.9,10.3,2.4,12.7,24,16,175,27,Roma,UKR,FW,Forward,1,1,False,0.446096654275093,0.07434944237918216,0.5204460966542751,0.44237918215613387,0.08921933085501858,0.38289962825278817,0.892193308550186,0.5947955390334573,6.505576208178439,False,False,,False,,False,,False
Arthur Atta,2024-2025,27,12,1251,13.9,0,1,1,0,0,0,5,0,1.3,1.3,1.4,2.8,31,57,77,21,Udinese,FRA,"MF,FW",Midfielder,2,1,False,0.0,0.07194244604316546,0.07194244604316546,0.09352517985611511,0.10071942446043164,0.09352517985611511,2.2302158273381294,4.100719424460432,5.539568345323741,False,False,,False,,False,,False
Arvid Brorsson,2024-2025,6,3,362,4.0,0,0,0,0,0,0,0,0,0.0,0.0,0.0,0.0,1,9,1,25,Monza,SWE,DF,Defender,1,1,False,0.0,0.0,0.0,0.0,0.0,0.0,0.25,2.25,0.25,True,False,,False,,False,,False
Assane Diao,2024-2025,15,14,1252,13.9,8,1,9,8,0,0,2,0,4.0,4.0,0.4,4.4,50,36,116,18,Como,SEN,"FW,MF",Forward,2,1,False,0.5755395683453237,0.07194244604316546,0.6474820143884892,0.28776978417266186,0.02877697841726619,0.28776978417266186,3.597122302158273,2.5899280575539567,8.345323741007194,False,False,,False,,False,,False
Balthazar Pierret,2024-2025,30,21,1723,19.1,0,0,0,0,0,0,2,0,0.2,0.2,0.4,0.6,13,82,13,24,Lecce,FRA,MF,Midfielder,1,1,False,0.0,0.0,0.0,0.010471204188481676,0.020942408376963352,0.010471204188481676,0.6806282722513088,4.293193717277487,0.6806282722513088,False,False,,False,,False,,False
Ben Godfrey,2024-2025,1,0,23,0.3,0,0,0,0,0,0,0,0,0.0,0.0,0.0,0.0,0,1,1,26,Atalanta,ENG,DF,Defender,1,1,False,0.0,0.0,0.0,0.0,0.0,0.0,0.0,3.3333333333333335,3.3333333333333335,True,False,,False,,False,,False
Ben Lhassine Kone,2024-2025,4,0,51,0.6,0,0,0,0,0,0,1,0,0.0,0.0,0.0,0.0,0,3,1,24,Como,CIV,MF,Midfielder,1,1,False,0.0,0.0,0.0,0.0,0.0,0.0,0.0,5.0,1.6666666666666667,True,False,,False,,False,,False
Benjamin Pavard,2024-2025,23,18,1584,17.6,0,1,1,0,0,0,4,0,0.5,0.5,0.8,1.3,13,92,26,28,Inter,FRA,DF,Defender,1,1,False,0.0,0.056818181818181816,0.056818181818181816,0.028409090909090908,0.045454545454545456,0.028409090909090908,0.7386363636363635,5.227272727272727,1.477272727272727,False,True,,False,,False,,False
Benjamin Siegrist,2024-2025,2,2,152,1.7,0,0,0,0,0,0,0,0,0.0,0.0,0.0,0.0,0,0,0,32,Genoa,SUI,GK,Goalkeeper,1,1,False,0.0,0.0,0.0,0.0,0.0,0.0,0.0,0.0,0.0,True,False,,False,,False,,False
Benjamín Domínguez,2024-2025,24,16,1281,14.2,3,2,5,3,0,0,0,0,2.2,2.2,0.8,3.1,50,32,123,20,Bologna,ARG,FW,Forward,1,1,False,0.21126760563380284,0.14084507042253522,0.35211267605633806,0.15492957746478875,0.05633802816901409,0.15492957746478875,3.5211267605633805,2.2535211267605635,8.661971830985916,False,False,,False,,False,,False
Berat Djimsiti,2024-2025,34,32,2640,29.3,1,2,3,1,0,0,6,0,2.7,2.7,1.3,3.9,32,109,42,31,Atalanta,ALB,DF,Defender,1,1,False,0.034129692832764506,0.06825938566552901,0.10238907849829351,0.09215017064846416,0.04436860068259386,0.09215017064846416,1.0921501706484642,3.720136518771331,1.4334470989761092,False,False,,False,,False,,False
Billy Gilmour,2024-2025,26,13,1177,13.1,0,1,1,0,0,0,0,0,0.5,0.5,1.8,2.3,11,67,18,23,Napoli,SCO,MF,Midfielder,1,1,False,0.0,0.07633587786259542,0.07633587786259542,0.03816793893129771,0.13740458015267176,0.03816793893129771,0.8396946564885497,5.114503816793893,1.3740458015267176,False,False,,False,,False,,False
Bjarki Bjarkason,2024-2025,9,1,165,1.8,0,0,0,0,0,0,2,0,0.0,0.0,0.1,0.1,6,10,13,24,Venezia,ISL,"DF,MF",Defender,2,1,False,0.0,0.0,0.0,0.0,0.05555555555555556,0.0,3.333333333333333,5.555555555555555,7.222222222222222,True,False,,False,,False,,False
Bob Murphy Omoregbe,2024-2025,1,0,3,0.0,0,0,0,0,0,0,0,0,0.0,0.0,0.0,0.0,0,0,1,20,Milan,ITA,MF,Midfielder,1,1,False,,,,,,,,,,True,False,,False,,False,,False
Borna Sosa,2024-2025,19,14,1181,13.1,0,0,0,0,0,0,0,0,0.3,0.3,0.7,1.0,13,51,49,26,Torino,CRO,DF,Defender,1,1,False,0.0,0.0,0.0,0.022900763358778626,0.05343511450381679,0.022900763358778626,0.9923664122137404,3.8931297709923665,3.740458015267176,False,False,,False,,False,,False
Botond Balogh,2024-2025,29,23,2053,22.8,0,1,1,0,0,0,5,0,0.4,0.4,0.1,0.5,7,37,1,22,Parma,HUN,DF,Defender,1,1,False,0.0,0.043859649122807015,0.043859649122807015,0.017543859649122806,0.0043859649122807015,0.017543859649122806,0.30701754385964913,1.6228070175438596,0.043859649122807015,False,False,,False,,False,,False
Boulaye Dia,2024-2025,35,27,2177,24.2,9,3,12,9,0,0,2,0,7.1,7.1,4.2,11.3,23,51,114,27,Lazio,SEN,"MF,FW",Midfielder,2,1,False,0.37190082644628103,0.12396694214876033,0.49586776859504134,0.2933884297520661,0.17355371900826447,0.2933884297520661,0.9504132231404959,2.1074380165289255,4.710743801652892,False,False,,False,,False,,False
Brenner,2024-2025,9,5,386,4.3,1,2,3,1,0,0,0,0,0.6,0.6,0.5,1.1,5,7,16,24,Udinese,BRA,"MF,FW",Midfielder,2,1,False,0.23255813953488372,0.46511627906976744,0.6976744186046512,0.13953488372093023,0.11627906976744186,0.13953488372093023,1.1627906976744187,1.627906976744186,3.7209302325581395,True,False,,False,,False,,False
Brooke Norton-Cuffy,2024-2025,14,8,719,8.0,0,0,0,0,0,0,0,0,0.3,0.3,0.2,0.4,12,18,21,20,Genoa,ENG,"DF,FW",Defender,2,1,False,0.0,0.0,0.0,0.0375,0.025,0.0375,1.5,2.25,2.625,False,False,,False,,False,,False
Bryan Cristante,2024-2025,30,23,2045,22.7,4,2,6,4,0,0,8,0,2.1,2.1,1.4,3.5,25,145,41,29,Roma,ITA,MF,Midfielder,1,1,False,0.1762114537444934,0.0881057268722467,0.2643171806167401,0.09251101321585904,0.06167400881057269,0.09251101321585904,1.1013215859030838,6.387665198237886,1.8061674008810573,False,False,,False,,False,,False
Caleb Ekuban,2024-2025,18,3,555,6.2,1,3,4,1,0,0,1,0,2.8,2.8,0.8,3.5,7,8,42,30,Genoa,GHA,FW,Forward,1,1,False,0.16129032258064516,0.48387096774193544,0.6451612903225806,0.4516129032258064,0.12903225806451613,0.4516129032258064,1.129032258064516,1.2903225806451613,6.774193548387097,False,False,,False,,False,,False
Carlos Augusto,2024-2025,28,15,1625,18.1,3,2,5,3,0,0,1,0,2.8,2.8,1.6,4.4,31,80,83,25,Inter,BRA,DF,Defender,1,1,False,0.16574585635359115,0.11049723756906077,0.2762430939226519,0.15469613259668505,0.08839779005524862,0.15469613259668505,1.7127071823204418,4.41988950276243,4.585635359116022,False,True,,False,,False,,False
Casper Tengstedt,2024-2025,25,20,1517,16.9,6,1,7,5,1,1,2,0,5.3,4.5,0.9,5.4,29,29,85,24,Hellas Verona,DEN,FW,Forward,1,1,False,0.3550295857988166,0.0591715976331361,0.4142011834319527,0.3136094674556213,0.053254437869822494,0.26627218934911245,1.7159763313609468,1.7159763313609468,5.029585798816568,False,False,,False,,False,,False
Cesare Casadei,2024-2025,15,13,1017,11.3,1,1,2,1,0,0,1,0,1.2,1.2,0.4,1.5,14,36,12,21,Torino,ITA,MF,Midfielder,1,1,False,0.08849557522123894,0.08849557522123894,0.17699115044247787,0.10619469026548671,0.035398230088495575,0.10619469026548671,1.238938053097345,3.1858407079646014,1.0619469026548671,False,False,,False,,False,,False
Charalampos Lykogiannis,2024-2025,17,12,1048,11.6,0,4,4,0,0,0,3,0,0.2,0.2,1.6,1.8,10,49,36,30,Bologna,GRE,DF,Defender,1,1,False,0.0,0.3448275862068966,0.3448275862068966,0.017241379310344827,0.13793103448275862,0.017241379310344827,0.8620689655172414,4.224137931034483,3.103448275862069,False,False,,False,,False,,False
Charles De Ketelaere,2024-2025,36,25,2070,23.0,7,7,14,7,0,0,1,0,7.3,7.3,6.0,13.2,108,140,211,23,Atalanta,BEL,"MF,FW",Midfielder,2,1,False,0.30434782608695654,0.30434782608695654,0.6086956521739131,0.3173913043478261,0.2608695652173913,0.3173913043478261,4.695652173913044,6.086956521739131,9.173913043478262,False,False,,False,,False,,False
Che Adams,2024-2025,36,30,2652,29.5,9,3,12,9,0,1,2,0,9.0,8.2,2.0,10.2,23,40,153,28,Torino,SCO,FW,Forward,1,1,False,0.3050847457627119,0.1016949152542373,0.4067796610169492,0.3050847457627119,0.06779661016949153,0.27796610169491526,0.7796610169491526,1.3559322033898304,5.186440677966102,False,False,,False,,False,,False
Cheick Oumar Conde,2024-2025,9,1,151,1.7,0,0,0,0,0,0,2,0,0.0,0.0,0.0,0.0,2,8,5,24,Venezia,GUI,MF,Midfielder,1,1,False,0.0,0.0,0.0,0.0,0.0,0.0,1.1764705882352942,4.705882352941177,2.9411764705882355,True,False,,False,,False,,False
Cheikh Tidiane Niasse,2024-2025,11,8,755,8.4,0,0,0,0,0,0,4,0,0.4,0.4,0.1,0.5,5,25,15,24,Hellas Verona,SEN,MF,Midfielder,1,1,False,0.0,0.0,0.0,0.047619047619047616,0.011904761904761904,0.047619047619047616,0.5952380952380952,2.9761904761904763,1.7857142857142856,False,False,,False,,False,,False
Cher Ndour,2024-2025,9,4,406,4.5,0,0,0,0,0,0,1,0,0.1,0.1,0.0,0.2,12,17,26,20,Fiorentina,ITA,"MF,DF",Midfielder,2,1,False,0.0,0.0,0.0,0.022222222222222223,0.0,0.022222222222222223,2.6666666666666665,3.7777777777777777,5.777777777777778,True,False,,False,,False,,False
Christian Gytkjær,2024-2025,29,6,754,8.4,2,1,3,1,1,1,0,0,2.4,1.6,0.5,2.1,3,5,52,34,Venezia,DEN,FW,Forward,1,1,False,0.23809523809523808,0.11904761904761904,0.35714285714285715,0.2857142857142857,0.05952380952380952,0.19047619047619047,0.35714285714285715,0.5952380952380952,6.19047619047619,False,False,,False,,False,,False
Christian Kabasele,2024-2025,16,12,1161,12.9,2,0,2,2,0,0,0,0,1.5,1.5,0.4,1.9,9,44,7,33,Udinese,BEL,DF,Defender,1,1,False,0.15503875968992248,0.0,0.15503875968992248,0.11627906976744186,0.031007751937984496,0.11627906976744186,0.6976744186046512,3.4108527131782944,0.5426356589147286,False,False,,False,,False,,False
Christian Kouamé,2024-2025,26,10,1129,12.5,1,1,2,1,0,0,1,0,3.8000000000000003,3.8000000000000003,2.2,5.8,12,29,85,26,MULTI:Empoli|Fiorentina,CIV,"FW,MF",Forward,2,2,True,0.08,0.08,0.16,0.30400000000000005,0.17600000000000002,0.30400000000000005,0.96,2.32,6.8,False,False,,False,,False,,False
Christian Pulisic,2024-2025,34,29,2478,27.5,11,9,20,8,3,4,1,0,12.0,8.9,6.4,15.2,121,105,191,25,Milan,USA,"FW,MF",Forward,2,1,False,0.4,0.32727272727272727,0.7272727272727273,0.43636363636363634,0.23272727272727273,0.32363636363636367,4.4,3.8181818181818183,6.945454545454545,False,False,,False,,False,,False
Christos Mandas,2024-2025,9,9,810,9.0,0,0,0,0,0,0,0,0,0.0,0.0,0.0,0.0,0,3,0,22,Lazio,GRE,GK,Goalkeeper,1,1,False,0.0,0.0,0.0,0.0,0.0,0.0,0.0,0.3333333333333333,0.0,False,False,,False,,False,,False
Cristiano Biraghi,2024-2025,23,18,1591,17.7,1,0,1,1,0,0,1,0,0.7,0.7,3.0,3.6,27,51,66,31,MULTI:Fiorentina|Torino,ITA,DF,Defender,1,2,True,0.05649717514124294,0.0,0.05649717514124294,0.03954802259887005,0.16949152542372883,0.03954802259887005,1.5254237288135595,2.88135593220339,3.728813559322034,False,False,,False,,False,,False
Cyril Ngonge,2024-2025,18,1,216,2.4,0,0,0,0,0,0,2,0,0.7,0.7,0.4,1.1,7,8,36,24,Napoli,BEL,FW,Forward,1,1,False,0.0,0.0,0.0,0.2916666666666667,0.16666666666666669,0.2916666666666667,2.916666666666667,3.3333333333333335,15.0,True,False,,False,,False,,False
Dailon Livramento,2024-2025,29,8,940,10.4,1,1,2,1,0,0,2,1,1.8,1.8,0.9,2.7,23,13,67,23,Hellas Verona,CPV,"FW,MF",Forward,2,1,False,0.09615384615384615,0.09615384615384615,0.1923076923076923,0.17307692307692307,0.08653846153846154,0.17307692307692307,2.2115384615384617,1.25,6.4423076923076925,False,False,,False,,False,,False
Damián Pizarro,2024-2025,2,0,16,0.2,0,0,0,0,0,0,0,0,0.0,0.0,0.0,0.0,0,0,0,19,Udinese,CHI,"FW,MF",Forward,2,1,False,0.0,0.0,0.0,0.0,0.0,0.0,0.0,0.0,0.0,True,False,,False,,False,,False
Dan Ndoye,2024-2025,30,26,2143,23.8,8,4,12,6,2,2,4,0,7.0,5.4,3.8,9.2,132,74,231,23,Bologna,SUI,FW,Forward,1,1,False,0.3361344537815126,0.1680672268907563,0.5042016806722689,0.29411764705882354,0.15966386554621848,0.226890756302521,5.546218487394958,3.1092436974789917,9.705882352941176,False,False,,False,,False,,False
Daniel Bandeira,2024-2025,11,4,407,4.5,0,0,0,0,0,0,1,0,0.0,0.0,0.1,0.2,1,25,4,24,Hellas Verona,POR,MF,Midfielder,1,1,False,0.0,0.0,0.0,0.0,0.022222222222222223,0.0,0.2222222222222222,5.555555555555555,0.8888888888888888,True,False,,False,,False,,False
Daniel Fila,2024-2025,10,6,492,5.5,2,0,2,2,0,0,3,1,1.4,1.4,0.3,1.8,5,8,30,21,Venezia,CZE,FW,Forward,1,1,False,0.36363636363636365,0.0,0.36363636363636365,0.2545454545454545,0.05454545454545454,0.2545454545454545,0.9090909090909091,1.4545454545454546,5.454545454545454,False,False,,False,,False,,False
Daniel Maldini,2024-2025,30,18,1564,17.4,6,0,6,6,0,0,5,0,6.699999999999999,6.699999999999999,1.1,7.800000000000001,53,41,96,22,MULTI:Atalanta|Monza,ITA,"MF,FW",Midfielder,2,2,True,0.3448275862068966,0.0,0.3448275862068966,0.3850574712643678,0.06321839080459771,0.3850574712643678,3.0459770114942533,2.35632183908046,5.517241379310345,False,False,,False,,False,,False
Daniel Mosquera,2024-2025,35,12,1375,15.3,5,1,6,5,0,0,4,0,6.6,6.6,1.3,7.9,17,25,83,24,Hellas Verona,COL,FW,Forward,1,1,False,0.32679738562091504,0.06535947712418301,0.39215686274509803,0.4313725490196078,0.08496732026143791,0.4313725490196078,1.1111111111111112,1.6339869281045751,5.424836601307189,False,False,,False,,False,,False
Daniel Oyegoke,2024-2025,5,0,103,1.1,0,0,0,0,0,0,1,0,0.0,0.0,0.0,0.0,2,2,5,21,Hellas Verona,ENG,DF,Defender,1,1,False,0.0,0.0,0.0,0.0,0.0,0.0,1.8181818181818181,1.8181818181818181,4.545454545454545,True,False,,False,,False,,False
Daniele Baselli,2024-2025,2,1,22,0.2,0,0,0,0,0,0,0,0,0.0,0.0,0.0,0.0,2,4,0,32,Como,ITA,MF,Midfielder,1,1,False,0.0,0.0,0.0,0.0,0.0,0.0,10.0,20.0,0.0,True,False,,False,,False,,False
Daniele Ghilardi,2024-2025,24,21,2029,22.5,0,0,0,0,0,0,7,1,0.6,0.6,0.2,0.8,16,57,7,21,Hellas Verona,ITA,DF,Defender,1,1,False,0.0,0.0,0.0,0.026666666666666665,0.008888888888888889,0.026666666666666665,0.7111111111111111,2.533333333333333,0.3111111111111111,False,False,,False,,False,,False
Daniele Padelli,2024-2025,1,1,90,1.0,0,0,0,0,0,0,0,0,0.0,0.0,0.0,0.0,0,0,0,38,Udinese,ITA,GK,Goalkeeper,1,1,False,0.0,0.0,0.0,0.0,0.0,0.0,0.0,0.0,0.0,True,False,,False,,False,,False
Daniele Sommariva,2024-2025,1,0,28,0.3,0,0,0,0,0,0,0,0,0.0,0.0,0.0,0.0,0,0,0,27,Genoa,ITA,GK,Goalkeeper,1,1,False,0.0,0.0,0.0,0.0,0.0,0.0,0.0,0.0,0.0,True,False,,False,,False,,False
Danilo,2024-2025,12,6,581,6.5,0,1,1,0,0,0,2,0,0.1,0.1,0.4,0.5,16,45,7,33,Juventus,BRA,DF,Defender,1,1,False,0.0,0.15384615384615385,0.15384615384615385,0.015384615384615385,0.06153846153846154,0.015384615384615385,2.4615384615384617,6.923076923076923,1.0769230769230769,False,False,,False,,False,,False
Danilo Cataldi,2024-2025,24,22,1712,19.0,3,0,3,3,0,0,1,0,1.1,1.1,0.8,1.9,18,90,16,29,Fiorentina,ITA,MF,Midfielder,1,1,False,0.15789473684210525,0.0,0.15789473684210525,0.05789473684210527,0.042105263157894736,0.05789473684210527,0.9473684210526315,4.7368421052631575,0.8421052631578947,False,False,,False,,False,,False
Danilo D'Ambrosio,2024-2025,20,12,1095,12.2,0,1,1,0,0,0,2,1,0.5,0.5,0.4,0.9,10,34,16,35,Monza,ITA,DF,Defender,1,1,False,0.0,0.0819672131147541,0.0819672131147541,0.04098360655737705,0.03278688524590164,0.04098360655737705,0.819672131147541,2.7868852459016393,1.3114754098360657,False,False,,False,,False,,False
Danilo Veiga,2024-2025,13,2,374,4.2,0,0,0,0,0,0,0,0,0.6,0.6,0.3,0.9,10,10,13,21,Lecce,POR,DF,Defender,1,1,False,0.0,0.0,0.0,0.14285714285714285,0.07142857142857142,0.14285714285714285,2.380952380952381,2.380952380952381,3.095238095238095,True,False,,False,,False,,False
Dany Mota,2024-2025,31,24,2104,23.4,5,2,7,5,0,0,3,0,5.1,5.1,1.8,6.9,53,47,139,26,Monza,POR,"FW,MF",Forward,2,1,False,0.2136752136752137,0.08547008547008547,0.29914529914529914,0.21794871794871795,0.07692307692307693,0.21794871794871795,2.264957264957265,2.0085470085470085,5.94017094017094,False,False,,False,,False,,False
Darko Lazović,2024-2025,27,17,1459,16.2,2,3,5,1,1,1,0,0,2.5,1.7,3.4,5.1,22,40,88,33,Hellas Verona,SRB,"DF,MF",Defender,2,1,False,0.1234567901234568,0.1851851851851852,0.308641975308642,0.154320987654321,0.20987654320987656,0.10493827160493828,1.3580246913580247,2.469135802469136,5.432098765432099,False,False,,False,,False,,False
David Akpan Ankeye,2024-2025,4,0,45,0.5,0,0,0,0,0,0,0,0,0.0,0.0,0.0,0.0,0,1,3,22,Genoa,NGA,"FW,MF",Forward,2,1,False,0.0,0.0,0.0,0.0,0.0,0.0,0.0,2.0,6.0,True,False,,False,,False,,False
David Neres,2024-2025,28,13,1283,14.3,2,4,6,2,0,0,1,0,2.7,2.7,3.5,6.2,73,32,143,27,Napoli,BRA,FW,Forward,1,1,False,0.13986013986013984,0.2797202797202797,0.4195804195804196,0.1888111888111888,0.24475524475524474,0.1888111888111888,5.104895104895105,2.2377622377622375,10.0,False,False,,False,,False,,False
David de Gea,2024-2025,34,34,3060,34.0,0,1,1,0,0,0,1,0,0.0,0.0,0.4,0.4,0,0,0,33,Fiorentina,ESP,GK,Goalkeeper,1,1,False,0.0,0.029411764705882353,0.029411764705882353,0.0,0.011764705882352941,0.0,0.0,0.0,0.0,False,False,,False,,False,,False
Davide Bartesaghi,2024-2025,4,1,118,1.3,0,0,0,0,0,0,0,1,0.0,0.0,0.1,0.1,2,2,17,18,Milan,ITA,DF,Defender,1,1,False,0.0,0.0,0.0,0.0,0.07692307692307693,0.0,1.5384615384615383,1.5384615384615383,13.076923076923077,True,False,,False,,False,,False
Davide Calabria,2024-2025,18,11,948,10.5,0,1,1,0,0,0,3,0,0.4,0.4,1.5,1.9,15,64,51,27,MULTI:Bologna|Milan,ITA,DF,Defender,1,2,True,0.0,0.09523809523809523,0.09523809523809523,0.0380952380952381,0.14285714285714285,0.0380952380952381,1.4285714285714286,6.095238095238095,4.857142857142857,False,False,,False,,False,,False
Davide Faraoni,2024-2025,8,3,260,2.9,0,0,0,0,0,0,1,0,0.2,0.2,0.1,0.3,2,3,13,32,Hellas Verona,ITA,DF,Defender,1,1,False,0.0,0.0,0.0,0.06896551724137931,0.034482758620689655,0.06896551724137931,0.6896551724137931,1.0344827586206897,4.482758620689656,True,False,,False,,False,,False
Davide Frattesi,2024-2025,27,9,1158,12.9,5,1,6,5,0,0,1,0,4.0,4.0,0.8,4.8,23,31,50,24,Inter,ITA,MF,Midfielder,1,1,False,0.38759689922480617,0.07751937984496124,0.46511627906976744,0.31007751937984496,0.06201550387596899,0.31007751937984496,1.7829457364341086,2.4031007751937983,3.875968992248062,False,True,,False,,False,,False
Davide Zappacosta,2024-2025,30,26,2067,23.0,4,2,6,4,0,0,3,0,2.2,2.2,2.1,4.3,67,107,139,32,Atalanta,ITA,DF,Defender,1,1,False,0.17391304347826086,0.08695652173913043,0.2608695652173913,0.09565217391304348,0.09130434782608696,0.09565217391304348,2.9130434782608696,4.6521739130434785,6.043478260869565,False,False,,False,,False,,False
Dele Alli,2024-2025,1,0,9,0.1,0,0,0,0,0,0,0,1,0.0,0.0,0.0,0.0,0,0,1,28,Como,ENG,MF,Midfielder,1,1,False,0.0,0.0,0.0,0.0,0.0,0.0,0.0,0.0,10.0,True,False,,False,,False,,False
Dennis Man,2024-2025,33,23,1995,22.2,4,4,8,4,0,0,0,0,5.5,5.5,4.2,9.7,67,60,142,25,Parma,ROU,"FW,MF",Forward,2,1,False,0.1801801801801802,0.1801801801801802,0.3603603603603604,0.24774774774774774,0.1891891891891892,0.24774774774774774,3.0180180180180183,2.7027027027027026,6.396396396396397,False,False,,False,,False,,False
Denzel Dumfries,2024-2025,28,19,1865,20.7,7,2,9,7,0,0,4,0,5.4,5.4,3.2,8.6,55,51,173,28,Inter,NED,"DF,FW",Defender,2,1,False,0.33816425120772947,0.0966183574879227,0.43478260869565216,0.26086956521739135,0.15458937198067635,0.26086956521739135,2.6570048309178746,2.4637681159420293,8.357487922705314,False,True,,False,,False,,False
Devis Vásquez,2024-2025,32,32,2880,32.0,0,0,0,0,0,0,2,0,0.0,0.0,0.0,0.0,0,0,0,26,Empoli,COL,GK,Goalkeeper,1,1,False,0.0,0.0,0.0,0.0,0.0,0.0,0.0,0.0,0.0,False,False,,False,,False,,False
Devyne Rensch,2024-2025,14,5,469,5.2,0,1,1,0,0,0,0,0,0.3,0.3,0.8,1.0,2,14,25,21,Roma,NED,DF,Defender,1,1,False,0.0,0.1923076923076923,0.1923076923076923,0.05769230769230769,0.15384615384615385,0.05769230769230769,0.3846153846153846,2.692307692307692,4.8076923076923075,False,False,,False,,False,,False
Diego Coppola,2024-2025,34,33,2927,32.5,2,0,2,2,0,0,10,0,0.7,0.7,0.1,0.8,4,48,3,20,Hellas Verona,ITA,DF,Defender,1,1,False,0.06153846153846154,0.0,0.06153846153846154,0.021538461538461538,0.003076923076923077,0.021538461538461538,0.12307692307692308,1.476923076923077,0.09230769230769231,False,False,,False,,False,,False
Diego Pugno,2024-2025,1,0,7,0.1,0,0,0,0,0,0,0,0,0.0,0.0,0.1,0.1,0,0,0,18,Juventus,ITA,FW,Forward,1,1,False,0.0,0.0,0.0,0.0,1.0,0.0,0.0,0.0,0.0,True,False,,False,,False,,False
Dodô,2024-2025,34,34,3025,33.6,0,4,4,0,0,0,8,0,1.4,1.4,4.2,5.6,143,128,193,25,Fiorentina,BRA,DF,Defender,1,1,False,0.0,0.11904761904761904,0.11904761904761904,0.041666666666666664,0.125,0.041666666666666664,4.2559523809523805,3.8095238095238093,5.744047619047619,False,False,,False,,False,,False
Domagoj Bradarić,2024-2025,28,24,1933,21.5,1,0,1,1,0,0,6,0,0.8,0.8,2.2,3.0,30,46,83,24,Hellas Verona,CRO,DF,Defender,1,1,False,0.046511627906976744,0.0,0.046511627906976744,0.037209302325581395,0.10232558139534885,0.037209302325581395,1.3953488372093024,2.13953488372093,3.86046511627907,False,False,,False,,False,,False
Domen Črnigoj,2024-2025,8,1,136,1.5,0,0,0,0,0,0,0,0,0.1,0.1,0.0,0.1,4,4,6,28,Venezia,SVN,MF,Midfielder,1,1,False,0.0,0.0,0.0,0.06666666666666667,0.0,0.06666666666666667,2.6666666666666665,2.6666666666666665,4.0,True,False,,False,,False,,False
Douglas Luiz,2024-2025,19,3,529,5.9,0,0,0,0,0,0,2,0,0.6,0.6,1.0,1.6,16,35,12,26,Juventus,BRA,MF,Midfielder,1,1,False,0.0,0.0,0.0,0.10169491525423728,0.1694915254237288,0.10169491525423728,2.711864406779661,5.932203389830508,2.0338983050847457,False,False,,False,,False,,False
Drissa Camara,2024-2025,21,1,447,5.0,0,0,0,0,0,0,3,0,1.2,1.2,0.8,2.0,18,27,35,22,Parma,CIV,"MF,FW",Midfielder,2,1,False,0.0,0.0,0.0,0.24,0.16,0.24,3.6,5.4,7.0,True,False,,False,,False,,False
Duván Zapata,2024-2025,7,7,587,6.5,3,0,3,3,0,0,1,0,3.4,3.4,0.5,3.9,6,7,36,33,Torino,COL,FW,Forward,1,1,False,0.46153846153846156,0.0,0.46153846153846156,0.5230769230769231,0.07692307692307693,0.5230769230769231,0.9230769230769231,1.0769230769230769,5.538461538461538,False,False,,False,,False,,False
Dušan Vlahović,2024-2025,29,21,1784,19.8,10,4,14,6,4,4,3,0,12.3,9.2,1.3,10.5,27,22,117,24,Juventus,SRB,FW,Forward,1,1,False,0.5050505050505051,0.20202020202020202,0.7070707070707071,0.6212121212121212,0.06565656565656566,0.4646464646464646,1.3636363636363635,1.1111111111111112,5.909090909090909,False,False,,False,,False,,False
Edoardo Bove,2024-2025,11,10,836,9.3,1,2,3,1,0,0,3,0,0.6,0.6,1.5,2.1,12,37,24,22,Fiorentina,ITA,"MF,FW",Midfielder,2,1,False,0.1075268817204301,0.2150537634408602,0.3225806451612903,0.06451612903225806,0.16129032258064516,0.06451612903225806,1.2903225806451613,3.9784946236559136,2.5806451612903225,False,False,,False,,False,,False
Edoardo Goldaniga,2024-2025,32,28,2532,28.1,1,0,1,1,0,0,12,1,2.5,2.5,0.3,2.8,20,81,8,30,Como,ITA,DF,Defender,1,1,False,0.03558718861209964,0.0,0.03558718861209964,0.0889679715302491,0.010676156583629892,0.0889679715302491,0.7117437722419928,2.882562277580071,0.2846975088967971,False,False,,False,,False,,False
Eldor Shomurodov,2024-2025,27,11,1097,12.2,4,4,8,4,0,0,1,0,4.7,4.7,1.3,6.1,19,21,62,29,Roma,UZB,"FW,MF",Forward,2,1,False,0.3278688524590164,0.3278688524590164,0.6557377049180328,0.3852459016393443,0.10655737704918034,0.3852459016393443,1.557377049180328,1.7213114754098362,5.081967213114754,False,False,,False,,False,,False
Elia Caprile,2024-2025,22,21,1945,21.6,0,0,0,0,0,0,0,0,0.0,0.0,0.0,0.0,0,0,0,22,MULTI:Cagliari|Napoli,ITA,GK,Goalkeeper,1,2,True,0.0,0.0,0.0,0.0,0.0,0.0,0.0,0.0,0.0,False,False,,False,,False,,False
Elif Elmas,2024-2025,13,12,1021,11.3,4,0,4,4,0,0,0,0,1.4,1.4,0.4,1.8,42,34,58,24,Torino,MKD,"FW,MF",Forward,2,1,False,0.35398230088495575,0.0,0.35398230088495575,0.1238938053097345,0.035398230088495575,0.1238938053097345,3.716814159292035,3.0088495575221237,5.132743362831858,False,False,,False,,False,,False
Elseid Hysaj,2024-2025,11,4,424,4.7,0,3,3,0,0,0,2,1,0.2,0.2,1.6,1.8,4,14,18,30,Lazio,ALB,DF,Defender,1,1,False,0.0,0.6382978723404255,0.6382978723404255,0.0425531914893617,0.3404255319148936,0.0425531914893617,0.851063829787234,2.978723404255319,3.829787234042553,True,False,,False,,False,,False
Emanuele Valeri,2024-2025,35,34,2873,31.9,2,6,8,1,1,1,1,0,1.8,1.0,4.7,5.8,79,93,109,25,Parma,ITA,DF,Defender,1,1,False,0.06269592476489029,0.18808777429467086,0.25078369905956116,0.05642633228840126,0.14733542319749218,0.031347962382445145,2.4764890282131664,2.9153605015673985,3.4169278996865207,False,False,,False,,False,,False
Emerson,2024-2025,17,16,1377,15.3,0,0,0,0,0,0,5,0,0.4,0.4,0.7,1.1,23,68,71,25,Milan,BRA,DF,Defender,1,1,False,0.0,0.0,0.0,0.026143790849673203,0.0457516339869281,0.026143790849673203,1.5032679738562091,4.444444444444445,4.640522875816993,False,False,,False,,False,,False
Emil Audero,2024-2025,8,8,720,8.0,0,0,0,0,0,0,0,0,0.0,0.0,0.0,0.0,0,0,0,27,Como,IDN,GK,Goalkeeper,1,1,False,0.0,0.0,0.0,0.0,0.0,0.0,0.0,0.0,0.0,False,False,,False,,False,,False
Emil Bohinen,2024-2025,3,1,166,1.8,0,0,0,0,0,0,0,0,0.1,0.1,0.1,0.2,6,5,2,25,Genoa,NOR,MF,Midfielder,1,1,False,0.0,0.0,0.0,0.05555555555555556,0.05555555555555556,0.05555555555555556,3.333333333333333,2.7777777777777777,1.1111111111111112,True,False,,False,,False,,False
Emil Holm,2024-2025,21,12,1137,12.6,1,1,2,1,0,0,3,0,0.6,0.6,0.7,1.3,29,49,43,24,Bologna,SWE,DF,Defender,1,1,False,0.07936507936507936,0.07936507936507936,0.15873015873015872,0.047619047619047616,0.05555555555555555,0.047619047619047616,2.301587301587302,3.888888888888889,3.412698412698413,False,False,,False,,False,,False
Emmanuel Ekong,2024-2025,15,0,186,2.1,0,0,0,0,0,0,1,0,0.1,0.1,0.1,0.2,8,5,19,22,Empoli,SWE,"MF,FW",Midfielder,2,1,False,0.0,0.0,0.0,0.047619047619047616,0.047619047619047616,0.047619047619047616,3.8095238095238093,2.380952380952381,9.047619047619047,True,False,,False,,False,,False
Emmanuel Gyasi,2024-2025,37,37,3217,35.7,2,1,3,2,0,0,5,0,3.9,3.9,0.7,4.6,22,53,108,30,Empoli,GHA,"DF,FW",Defender,2,1,False,0.05602240896358543,0.028011204481792715,0.08403361344537814,0.10924369747899158,0.019607843137254898,0.10924369747899158,0.6162464985994397,1.4845938375350138,3.0252100840336134,False,False,,False,,False,,False
Enrico Del Prato,2024-2025,34,32,2947,32.7,4,0,4,4,0,0,8,0,2.0,2.0,1.2,3.2,8,81,31,24,Parma,ITA,DF,Defender,1,1,False,0.12232415902140671,0.0,0.12232415902140671,0.061162079510703356,0.03669724770642201,0.061162079510703356,0.24464831804281342,2.477064220183486,0.948012232415902,False,False,,False,,False,,False
Enzo Ebosse,2024-2025,2,0,90,1.0,0,0,0,0,0,0,1,0,0.0,0.0,0.0,0.0,0,5,0,25,Udinese,CMR,DF,Defender,1,1,False,0.0,0.0,0.0,0.0,0.0,0.0,0.0,5.0,0.0,True,False,,False,,False,,False
Enzo Le Fée,2024-2025,6,4,318,3.5,0,0,0,0,0,0,1,0,0.2,0.2,0.1,0.3,15,28,3,24,Roma,FRA,MF,Midfielder,1,1,False,0.0,0.0,0.0,0.05714285714285715,0.028571428571428574,0.05714285714285715,4.285714285714286,8.0,0.8571428571428571,True,False,,False,,False,,False
Estanis,2024-2025,1,0,9,0.1,0,0,0,0,0,0,0,0,0.1,0.1,0.2,0.2,1,0,1,20,Bologna,ESP,FW,Forward,1,1,False,0.0,0.0,0.0,1.0,2.0,1.0,10.0,0.0,10.0,True,False,,False,,False,,False
Eybi Nije,2024-2025,16,0,394,4.4,1,0,1,1,0,0,1,0,1.5,1.5,0.4,1.9,10,7,26,19,Torino,SWE,"FW,MF",Forward,2,1,False,0.22727272727272727,0.0,0.22727272727272727,0.3409090909090909,0.09090909090909091,0.3409090909090909,2.2727272727272725,1.5909090909090908,5.909090909090908,True,False,,False,,False,,False
Fabiano Parisi,2024-2025,25,11,1049,11.7,2,0,2,2,0,0,3,0,0.5,0.5,0.8,1.3,25,40,35,23,Fiorentina,ITA,"DF,MF",Defender,2,1,False,0.17094017094017094,0.0,0.17094017094017094,0.042735042735042736,0.06837606837606838,0.042735042735042736,2.1367521367521367,3.418803418803419,2.9914529914529915,False,False,,False,,False,,False
Fabio Miretti,2024-2025,25,22,1677,18.6,3,3,6,3,0,0,2,0,3.1,3.1,2.0,5.1,33,54,100,20,Genoa,ITA,"MF,FW",Midfielder,2,1,False,0.16129032258064516,0.16129032258064516,0.3225806451612903,0.16666666666666666,0.1075268817204301,0.16666666666666666,1.7741935483870965,2.9032258064516125,5.376344086021505,False,False,,False,,False,,False
Fali Candé,2024-2025,17,17,1530,17.0,1,1,2,1,0,0,4,0,1.1,1.1,0.6,1.7,5,47,3,26,Venezia,GNB,DF,Defender,1,1,False,0.058823529411764705,0.058823529411764705,0.11764705882352941,0.06470588235294118,0.03529411764705882,0.06470588235294118,0.29411764705882354,2.764705882352941,0.17647058823529413,False,False,,False,,False,,False
Faride Alidou,2024-2025,3,0,71,0.8,0,0,0,0,0,0,0,0,0.0,0.0,0.0,0.0,1,1,2,23,Hellas Verona,GER,"FW,MF",Forward,2,1,False,0.0,0.0,0.0,0.0,0.0,0.0,1.25,1.25,2.5,True,False,,False,,False,,False
Faustino Anjorin,2024-2025,22,14,1114,12.4,2,3,5,2,0,0,3,0,0.9,0.9,1.7,2.5,28,55,35,22,Empoli,ENG,MF,Midfielder,1,1,False,0.16129032258064516,0.24193548387096772,0.4032258064516129,0.07258064516129033,0.13709677419354838,0.07258064516129033,2.258064516129032,4.435483870967742,2.82258064516129,False,False,,False,,False,,False
Federico Accornero,2024-2025,1,0,5,0.1,0,0,0,0,0,0,0,0,0.0,0.0,0.0,0.0,0,0,0,20,Genoa,ITA,MF,Midfielder,1,1,False,0.0,0.0,0.0,0.0,0.0,0.0,0.0,0.0,0.0,True,False,,False,,False,,False
Federico Barba,2024-2025,7,5,431,4.8,0,0,0,0,0,0,0,0,0.2,0.2,0.0,0.2,5,25,5,30,Como,ITA,DF,Defender,1,1,False,0.0,0.0,0.0,0.04166666666666667,0.0,0.04166666666666667,1.0416666666666667,5.208333333333334,1.0416666666666667,True,False,,False,,False,,False
Federico Baschirotto,2024-2025,38,38,3420,38.0,2,0,2,2,0,0,3,0,1.2,1.2,0.2,1.4,13,71,5,27,Lecce,ITA,DF,Defender,1,1,False,0.05263157894736842,0.0,0.05263157894736842,0.031578947368421054,0.005263157894736842,0.031578947368421054,0.34210526315789475,1.868421052631579,0.13157894736842105,False,False,,False,,False,,False
Federico Cassa,2024-2025,2,0,14,0.2,0,0,0,0,0,0,0,0,0.0,0.0,0.0,0.0,1,1,2,18,Atalanta,ITA,"MF,FW",Midfielder,2,1,False,0.0,0.0,0.0,0.0,0.0,0.0,5.0,5.0,10.0,True,False,,False,,False,,False
Federico Dimarco,2024-2025,32,28,2140,23.8,4,7,11,4,0,0,3,0,3.3,3.3,6.1,9.5,47,83,232,26,Inter,ITA,"DF,FW",Defender,2,1,False,0.1680672268907563,0.29411764705882354,0.4621848739495798,0.13865546218487393,0.25630252100840334,0.13865546218487393,1.9747899159663864,3.4873949579831933,9.747899159663865,False,True,,False,,False,,False
Federico Gatti,2024-2025,30,26,2195,24.4,1,0,1,1,0,0,2,0,2.5,2.5,0.5,2.9,24,73,6,26,Juventus,ITA,DF,Defender,1,1,False,0.04098360655737705,0.0,0.04098360655737705,0.10245901639344263,0.020491803278688527,0.10245901639344263,0.9836065573770493,2.9918032786885247,0.24590163934426232,False,False,,False,,False,,False
Federico Ravaglia,2024-2025,12,11,1056,11.7,0,0,0,0,0,0,0,0,0.0,0.0,0.0,0.0,0,0,0,24,Bologna,ITA,GK,Goalkeeper,1,1,False,0.0,0.0,0.0,0.0,0.0,0.0,0.0,0.0,0.0,False,False,,False,,False,,False
Fellipe Jack,2024-2025,7,1,171,1.9,0,0,0,0,0,0,2,0,0.0,0.0,0.1,0.1,2,8,1,18,Como,BRA,DF,Defender,1,1,False,0.0,0.0,0.0,0.0,0.052631578947368425,0.0,1.0526315789473684,4.2105263157894735,0.5263157894736842,True,False,,False,,False,,False
Fikayo Tomori,2024-2025,22,19,1593,17.7,0,1,1,0,0,0,4,1,0.1,0.1,0.7,0.8,8,63,3,26,Milan,ENG,DF,Defender,1,1,False,0.0,0.05649717514124294,0.05649717514124294,0.005649717514124295,0.03954802259887005,0.005649717514124295,0.4519774011299435,3.5593220338983054,0.16949152542372883,False,False,,False,,False,,False
Filip Marchwiński,2024-2025,1,0,15,0.2,0,0,0,0,0,0,0,0,0.0,0.0,0.0,0.0,0,0,0,22,Lecce,POL,MF,Midfielder,1,1,False,0.0,0.0,0.0,0.0,0.0,0.0,0.0,0.0,0.0,True,False,,False,,False,,False
Filip Stankovic,2024-2025,16,16,1367,15.2,0,0,0,0,0,0,1,0,0.0,0.0,0.0,0.0,0,0,0,22,Venezia,SRB,GK,Goalkeeper,1,1,False,0.0,0.0,0.0,0.0,0.0,0.0,0.0,0.0,0.0,False,False,,False,,False,,False
Filippo Melegoni,2024-2025,3,1,89,1.0,0,1,1,0,0,0,0,0,0.0,0.0,0.5,0.5,0,1,2,25,Genoa,ITA,"MF,FW",Midfielder,2,1,False,0.0,1.0,1.0,0.0,0.5,0.0,0.0,1.0,2.0,True,False,,False,,False,,False
Filippo Terracciano,2024-2025,13,6,539,6.0,0,0,0,0,0,0,3,0,0.2,0.2,0.1,0.3,5,14,9,21,Milan,ITA,"DF,MF",Defender,2,1,False,0.0,0.0,0.0,0.03333333333333333,0.016666666666666666,0.03333333333333333,0.8333333333333334,2.3333333333333335,1.5,False,False,,False,,False,,False
Fisayo Dele-Bashiru,2024-2025,20,12,947,10.5,3,1,4,3,0,0,0,0,1.1,1.1,0.8,1.9,23,26,57,23,Lazio,NGA,"MF,FW",Midfielder,2,1,False,0.2857142857142857,0.09523809523809523,0.38095238095238093,0.10476190476190476,0.0761904761904762,0.10476190476190476,2.1904761904761907,2.4761904761904763,5.428571428571429,False,False,,False,,False,,False
Flavius Daniliuc,2024-2025,18,9,1004,11.2,0,0,0,0,0,0,0,0,0.1,0.1,0.1,0.2,8,38,8,23,Hellas Verona,AUT,DF,Defender,1,1,False,0.0,0.0,0.0,0.00892857142857143,0.00892857142857143,0.00892857142857143,0.7142857142857143,3.3928571428571432,0.7142857142857143,False,False,,False,,False,,False
Florian Thauvin,2024-2025,25,24,1956,21.7,8,3,11,7,1,3,0,0,8.1,5.7,3.8,9.5,92,90,148,31,Udinese,FRA,"FW,MF",Forward,2,1,False,0.3686635944700461,0.1382488479262673,0.5069124423963134,0.37327188940092165,0.17511520737327188,0.26267281105990786,4.23963133640553,4.147465437788019,6.820276497695853,False,False,,False,,False,,False
Florinel Coman,2024-2025,9,2,263,2.9,1,0,1,1,0,0,2,0,0.2,0.2,0.0,0.2,5,5,22,26,Cagliari,ROU,"FW,MF",Forward,2,1,False,0.3448275862068966,0.0,0.3448275862068966,0.06896551724137931,0.0,0.06896551724137931,1.7241379310344829,1.7241379310344829,7.586206896551724,True,False,,False,,False,,False
Francesco Acerbi,2024-2025,23,20,1710,19.0,0,1,1,0,0,0,0,0,0.4,0.4,0.6,1.0,19,62,22,36,Inter,ITA,DF,Defender,1,1,False,0.0,0.05263157894736842,0.05263157894736842,0.021052631578947368,0.031578947368421054,0.021052631578947368,1.0,3.263157894736842,1.1578947368421053,False,True,,False,,False,,False
Francesco Camarda,2024-2025,10,1,206,2.3,0,0,0,0,0,0,0,0,0.6,0.6,0.5,1.1,2,1,16,16,Milan,ITA,"FW,MF",Forward,2,1,False,0.0,0.0,0.0,0.2608695652173913,0.2173913043478261,0.2608695652173913,0.8695652173913044,0.4347826086956522,6.9565217391304355,True,False,,False,,False,,False
Francesco Caputo,2024-2025,1,0,6,0.1,0,0,0,0,0,0,0,0,0.0,0.0,0.0,0.0,0,0,1,36,Empoli,ITA,FW,Forward,1,1,False,0.0,0.0,0.0,0.0,0.0,0.0,0.0,0.0,10.0,True,False,,False,,False,,False
Francesco Zampano,2024-2025,24,17,1639,18.2,1,2,3,1,0,0,5,0,1.0,1.0,0.8,1.8,42,41,85,30,Venezia,ITA,DF,Defender,1,1,False,0.054945054945054944,0.10989010989010989,0.16483516483516483,0.054945054945054944,0.04395604395604396,0.054945054945054944,2.307692307692308,2.2527472527472527,4.670329670329671,False,False,,False,,False,,False
Francisco Conceição,2024-2025,26,12,1340,14.9,3,3,6,3,0,0,5,1,2.3,2.3,4.3,6.6,95,35,143,21,Juventus,POR,"FW,MF",Forward,2,1,False,0.20134228187919462,0.20134228187919462,0.40268456375838924,0.15436241610738252,0.2885906040268456,0.15436241610738252,6.375838926174496,2.348993288590604,9.59731543624161,False,False,,False,,False,,False
Franco Carboni,2024-2025,8,3,226,2.5,0,0,0,0,0,0,2,0,0.0,0.0,0.1,0.1,2,6,11,21,Venezia,ITA,DF,Defender,1,1,False,0.0,0.0,0.0,0.0,0.04,0.0,0.8,2.4,4.4,True,False,,False,,False,,False
Frederic Guilbert,2024-2025,31,31,2435,27.1,0,1,1,0,0,0,3,2,0.3,0.3,1.8,2.1,48,88,45,29,Lecce,FRA,DF,Defender,1,1,False,0.0,0.03690036900369004,0.03690036900369004,0.01107011070110701,0.06642066420664207,0.01107011070110701,1.7712177121771218,3.2472324723247232,1.6605166051660516,False,False,,False,,False,,False
Gabriel Charpentier,2024-2025,10,0,271,3.0,1,2,3,1,0,0,1,0,1.3,1.3,0.9,2.3,6,7,16,25,Parma,CGO,FW,Forward,1,1,False,0.3333333333333333,0.6666666666666666,1.0,0.43333333333333335,0.3,0.43333333333333335,2.0,2.3333333333333335,5.333333333333333,True,False,,False,,False,,False
Gabriel Strefezza,2024-2025,37,32,2619,29.1,6,4,10,6,0,0,5,0,3.7,3.7,3.9,7.6,80,106,190,27,Como,BRA,"FW,MF",Forward,2,1,False,0.20618556701030927,0.1374570446735395,0.3436426116838488,0.12714776632302405,0.13402061855670103,0.12714776632302405,2.7491408934707904,3.642611683848797,6.529209621993127,False,False,,False,,False,,False
Gabriele Zappa,2024-2025,37,35,3060,34.0,2,0,2,2,0,0,4,0,0.9,0.9,3.6,4.5,57,146,82,24,Cagliari,ITA,DF,Defender,1,1,False,0.058823529411764705,0.0,0.058823529411764705,0.026470588235294117,0.10588235294117647,0.026470588235294117,1.6764705882352942,4.294117647058823,2.411764705882353,False,False,,False,,False,,False
Gaby Jean,2024-2025,19,16,1388,15.4,0,0,0,0,0,0,0,0,0.1,0.1,0.1,0.2,8,42,3,24,Lecce,FRA,DF,Defender,1,1,False,0.0,0.0,0.0,0.006493506493506494,0.006493506493506494,0.006493506493506494,0.5194805194805194,2.727272727272727,0.19480519480519481,False,False,,False,,False,,False
Gaetano Castrovilli,2024-2025,21,8,744,8.2,0,0,0,0,0,0,0,0,0.4,0.4,1.1,1.5,15,34,34,27,MULTI:Lazio|Monza,ITA,"MF,FW",Midfielder,2,2,True,0.0,0.0,0.0,0.04878048780487806,0.13414634146341467,0.04878048780487806,1.829268292682927,4.146341463414634,4.146341463414634,False,False,,False,,False,,False
Gaetano Oristanio,2024-2025,37,29,2315,25.7,3,3,6,3,0,0,3,0,4.1,4.1,2.6,6.8,72,64,131,21,Venezia,ITA,"FW,MF",Forward,2,1,False,0.11673151750972763,0.11673151750972763,0.23346303501945526,0.15953307392996108,0.10116731517509728,0.15953307392996108,2.8015564202334633,2.490272373540856,5.09727626459144,False,False,,False,,False,,False
Gastón Pereiro,2024-2025,2,0,31,0.3,0,0,0,0,0,0,0,0,0.0,0.0,0.0,0.0,0,2,2,29,Genoa,URU,MF,Midfielder,1,1,False,0.0,0.0,0.0,0.0,0.0,0.0,0.0,6.666666666666667,6.666666666666667,True,False,,False,,False,,False
Giacomo Raspadori,2024-2025,26,11,1103,12.3,6,1,7,6,0,0,1,0,4.0,4.0,2.4,6.4,18,42,57,24,Napoli,ITA,"FW,MF",Forward,2,1,False,0.4878048780487805,0.08130081300813008,0.5691056910569106,0.3252032520325203,0.19512195121951217,0.3252032520325203,1.4634146341463414,3.4146341463414633,4.634146341463414,False,False,,False,,False,,False
Giangiacomo Magnani,2024-2025,17,11,1065,11.8,1,0,1,1,0,0,2,0,1.1,1.1,0.0,1.2,4,31,7,28,Hellas Verona,ITA,DF,Defender,1,1,False,0.0847457627118644,0.0,0.0847457627118644,0.09322033898305085,0.0,0.09322033898305085,0.3389830508474576,2.6271186440677963,0.5932203389830508,False,False,,False,,False,,False
Gianluca Busio,2024-2025,33,28,2518,28.0,2,0,2,2,0,0,4,0,2.4,2.4,1.6,4.0,60,95,135,22,Venezia,USA,MF,Midfielder,1,1,False,0.07142857142857142,0.0,0.07142857142857142,0.08571428571428572,0.05714285714285715,0.08571428571428572,2.142857142857143,3.392857142857143,4.821428571428571,False,False,,False,,False,,False
Gianluca Caprari,2024-2025,34,18,1651,18.3,3,2,5,1,2,2,3,0,4.2,2.6,2.4,5.0,43,81,104,31,Monza,ITA,"MF,FW",Midfielder,2,1,False,0.16393442622950818,0.1092896174863388,0.27322404371584696,0.22950819672131148,0.13114754098360654,0.14207650273224043,2.349726775956284,4.426229508196721,5.683060109289618,False,False,,False,,False,,False
Gianluca Gaetano,2024-2025,28,8,1009,11.2,2,4,6,2,0,0,0,0,4.9,4.9,2.2,7.1,11,41,82,24,Cagliari,ITA,"MF,FW",Midfielder,2,1,False,0.17857142857142858,0.35714285714285715,0.5357142857142857,0.43750000000000006,0.19642857142857145,0.43750000000000006,0.9821428571428572,3.660714285714286,7.321428571428572,False,False,,False,,False,,False
Gianluca Lapadula,2024-2025,12,1,310,3.4,0,0,0,0,0,0,1,0,1.4,1.4,0.1,1.4,7,7,16,34,Cagliari,PER,"FW,MF",Forward,2,1,False,0.0,0.0,0.0,0.4117647058823529,0.029411764705882356,0.4117647058823529,2.058823529411765,2.058823529411765,4.705882352941177,True,False,,False,,False,,False
Gianluca Mancini,2024-2025,37,36,3143,34.9,2,0,2,2,0,0,8,0,1.7,1.7,0.9,2.6,45,139,23,28,Roma,ITA,DF,Defender,1,1,False,0.05730659025787966,0.0,0.05730659025787966,0.04871060171919771,0.025787965616045846,0.04871060171919771,1.2893982808022924,3.982808022922636,0.6590257879656161,False,False,,False,,False,,False
Gianluca Scamacca,2024-2025,1,0,6,0.1,0,0,0,0,0,0,0,0,0.1,0.1,0.0,0.1,0,0,0,25,Atalanta,ITA,FW,Forward,1,1,False,0.0,0.0,0.0,1.0,0.0,1.0,0.0,0.0,0.0,True,False,,False,,False,,False
Giorgio Altare,2024-2025,12,8,753,8.4,0,0,0,0,0,0,2,0,0.2,0.2,0.1,0.3,4,20,5,25,Venezia,ITA,DF,Defender,1,1,False,0.0,0.0,0.0,0.023809523809523808,0.011904761904761904,0.023809523809523808,0.47619047619047616,2.380952380952381,0.5952380952380952,False,False,,False,,False,,False
Giorgio Scalvini,2024-2025,6,4,272,3.0,0,0,0,0,0,0,2,0,0.1,0.1,0.0,0.1,5,20,7,20,Atalanta,ITA,DF,Defender,1,1,False,0.0,0.0,0.0,0.03333333333333333,0.0,0.03333333333333333,1.6666666666666667,6.666666666666667,2.3333333333333335,True,False,,False,,False,,False
Giorgos Kyriakopoulos,2024-2025,34,33,2845,31.6,2,4,6,2,0,0,5,0,0.9,0.9,3.3,4.2,67,97,132,28,Monza,GRE,DF,Defender,1,1,False,0.06329113924050632,0.12658227848101264,0.18987341772151897,0.028481012658227847,0.10443037974683543,0.028481012658227847,2.120253164556962,3.069620253164557,4.177215189873418,False,False,,False,,False,,False
Giovanni Di Lorenzo,2024-2025,37,37,3330,37.0,3,2,5,3,0,0,6,0,2.8,2.8,3.9,6.7,50,224,163,30,Napoli,ITA,DF,Defender,1,1,False,0.08108108108108109,0.05405405405405406,0.13513513513513514,0.07567567567567567,0.1054054054054054,0.07567567567567567,1.3513513513513513,6.054054054054054,4.405405405405405,False,False,,False,,False,,False
Giovanni Fabbian,2024-2025,30,9,1023,11.4,3,1,4,3,0,0,2,0,2.3,2.3,1.3,3.7,14,17,43,21,Bologna,ITA,MF,Midfielder,1,1,False,0.2631578947368421,0.08771929824561403,0.3508771929824561,0.20175438596491227,0.11403508771929824,0.20175438596491227,1.2280701754385965,1.4912280701754386,3.7719298245614032,False,False,,False,,False,,False
Giovanni Leoni,2024-2025,17,14,1199,13.3,1,0,1,1,0,0,3,1,0.1,0.1,0.0,0.1,0,21,5,17,Parma,ITA,DF,Defender,1,1,False,0.07518796992481203,0.0,0.07518796992481203,0.007518796992481203,0.0,0.007518796992481203,0.0,1.5789473684210527,0.37593984962406013,False,False,,False,,False,,False
Giovanni Simeone,2024-2025,30,1,419,4.7,1,1,2,1,0,0,1,0,2.6,2.6,0.8,3.4,11,7,30,29,Napoli,ARG,FW,Forward,1,1,False,0.2127659574468085,0.2127659574468085,0.425531914893617,0.5531914893617021,0.1702127659574468,0.5531914893617021,2.3404255319148937,1.4893617021276595,6.382978723404255,True,False,,False,,False,,False
Giuseppe Ciocci,2024-2025,1,0,9,0.1,0,0,0,0,0,0,0,0,0.0,0.0,0.0,0.0,0,0,0,22,Cagliari,ITA,GK,Goalkeeper,1,1,False,0.0,0.0,0.0,0.0,0.0,0.0,0.0,0.0,0.0,True,False,,False,,False,,False
Giuseppe Pezzella,2024-2025,35,34,2878,32.0,0,3,3,0,0,0,7,0,0.6,0.6,4.6,5.2,77,80,143,26,Empoli,ITA,"DF,FW",Defender,2,1,False,0.0,0.09375,0.09375,0.01875,0.14375,0.01875,2.40625,2.5,4.46875,False,False,,False,,False,,False
Gleison Bremer,2024-2025,6,6,540,6.0,0,0,0,0,0,0,2,0,0.1,0.1,0.0,0.1,2,21,0,27,Juventus,BRA,DF,Defender,1,1,False,0.0,0.0,0.0,0.016666666666666666,0.0,0.016666666666666666,0.3333333333333333,3.5,0.0,False,False,,False,,False,,False
Grigoris Kastanos,2024-2025,27,8,872,9.7,1,1,2,1,0,0,4,0,1.0,1.0,1.7,2.7,12,34,27,26,Hellas Verona,CYP,"MF,FW",Midfielder,2,1,False,0.10309278350515465,0.10309278350515465,0.2061855670103093,0.10309278350515465,0.1752577319587629,0.10309278350515465,1.2371134020618557,3.505154639175258,2.7835051546391756,False,False,,False,,False,,False
Guillermo Maripán,2024-2025,28,27,2340,26.0,1,1,2,1,0,0,4,1,0.9,0.9,1.0,2.0,14,96,9,30,Torino,CHI,DF,Defender,1,1,False,0.038461538461538464,0.038461538461538464,0.07692307692307693,0.03461538461538462,0.038461538461538464,0.03461538461538462,0.5384615384615384,3.6923076923076925,0.34615384615384615,False,False,,False,,False,,False
Gustav Isaksen,2024-2025,37,29,2210,24.6,4,2,6,4,0,0,5,0,5.2,5.2,2.1,7.3,95,46,249,23,Lazio,DEN,FW,Forward,1,1,False,0.16260162601626016,0.08130081300813008,0.24390243902439024,0.2113821138211382,0.08536585365853658,0.2113821138211382,3.8617886178861784,1.8699186991869918,10.121951219512194,False,False,,False,,False,,False
Gvidas Gineitis,2024-2025,30,15,1430,15.9,3,1,4,3,0,0,5,0,1.3,1.3,2.0,3.3,15,36,43,20,Torino,LTU,MF,Midfielder,1,1,False,0.18867924528301885,0.06289308176100629,0.25157232704402516,0.08176100628930817,0.12578616352201258,0.08176100628930817,0.9433962264150944,2.2641509433962264,2.7044025157232703,False,False,,False,,False,,False
Hakan Çalhanoğlu,2024-2025,28,25,1879,20.9,5,6,11,2,3,4,5,0,4.4,1.3,5.6,6.9,52,173,51,30,Inter,TUR,MF,Midfielder,1,1,False,0.23923444976076558,0.28708133971291866,0.5263157894736843,0.21052631578947373,0.2679425837320574,0.06220095693779905,2.488038277511962,8.277511961722489,2.4401913875598087,False,True,,False,,False,,False
Hamza Rafia,2024-2025,18,14,1058,11.8,0,0,0,0,0,0,4,0,0.5,0.5,1.4,1.9,13,51,32,25,Lecce,TUN,MF,Midfielder,1,1,False,0.0,0.0,0.0,0.0423728813559322,0.11864406779661016,0.0423728813559322,1.1016949152542372,4.322033898305085,2.711864406779661,False,False,,False,,False,,False
Hans Nicolussi Caviglia,2024-2025,35,33,2861,31.8,4,2,6,4,0,0,7,1,2.4,2.4,2.1,4.5,20,140,22,24,Venezia,ITA,MF,Midfielder,1,1,False,0.12578616352201258,0.06289308176100629,0.18867924528301885,0.07547169811320754,0.0660377358490566,0.07547169811320754,0.6289308176100629,4.40251572327044,0.6918238993710691,False,False,,False,,False,,False
Hassane Kamara,2024-2025,30,25,2001,22.2,1,4,5,1,0,0,8,1,0.9,0.9,2.7,3.6,52,61,103,30,Udinese,CIV,DF,Defender,1,1,False,0.04504504504504505,0.1801801801801802,0.22522522522522523,0.04054054054054054,0.12162162162162163,0.04054054054054054,2.3423423423423424,2.7477477477477477,4.63963963963964,False,False,,False,,False,,False
Henrikh Mkhitaryan,2024-2025,31,29,2328,25.9,1,4,5,1,0,0,4,0,1.5,1.5,2.7,4.2,72,199,93,35,Inter,ARM,MF,Midfielder,1,1,False,0.03861003861003861,0.15444015444015444,0.19305019305019305,0.05791505791505792,0.10424710424710426,0.05791505791505792,2.77992277992278,7.683397683397684,3.590733590733591,False,True,,False,,False,,False
Hernani,2024-2025,25,15,1327,14.7,3,3,6,0,3,3,7,0,2.8,0.5,1.5,2.0,29,78,40,30,Parma,BRA,MF,Midfielder,1,1,False,0.20408163265306123,0.20408163265306123,0.40816326530612246,0.19047619047619047,0.10204081632653061,0.034013605442176874,1.9727891156462587,5.306122448979592,2.7210884353741496,False,False,,False,,False,,False
Honest Ahanor,2024-2025,6,3,270,3.0,0,0,0,0,0,0,0,0,0.5,0.5,0.1,0.6,3,3,7,16,Genoa,ITA,"DF,MF",Defender,2,1,False,0.0,0.0,0.0,0.16666666666666666,0.03333333333333333,0.16666666666666666,1.0,1.0,2.3333333333333335,True,False,,False,,False,,False
Ibrahim Sulemana,2024-2025,9,3,283,3.1,2,0,2,2,0,0,1,0,0.6,0.6,0.0,0.6,2,12,2,21,Atalanta,GHA,MF,Midfielder,1,1,False,0.6451612903225806,0.0,0.6451612903225806,0.1935483870967742,0.0,0.1935483870967742,0.6451612903225806,3.8709677419354835,0.6451612903225806,True,False,,False,,False,,False
Ignace Van Der Brempt,2024-2025,20,14,1257,14.0,0,1,1,0,0,0,3,0,0.5,0.5,0.5,0.9,19,42,34,22,Como,BEL,DF,Defender,1,1,False,0.0,0.07142857142857142,0.07142857142857142,0.03571428571428571,0.03571428571428571,0.03571428571428571,1.3571428571428572,3.0,2.4285714285714284,False,False,,False,,False,,False
Iker Bravo,2024-2025,29,4,682,7.6,2,1,3,2,0,0,3,0,0.9,0.9,0.4,1.3,7,18,39,19,Udinese,ESP,"FW,MF",Forward,2,1,False,0.2631578947368421,0.13157894736842105,0.39473684210526316,0.11842105263157895,0.052631578947368425,0.11842105263157895,0.9210526315789475,2.368421052631579,5.131578947368421,False,False,,False,,False,,False
Ionuț Radu,2024-2025,15,15,1350,15.0,0,0,0,0,0,0,1,0,0.0,0.0,0.0,0.0,0,0,0,27,Venezia,ROU,GK,Goalkeeper,1,1,False,0.0,0.0,0.0,0.0,0.0,0.0,0.0,0.0,0.0,False,False,,False,,False,,False
Isak Hien,2024-2025,30,27,2327,25.9,0,0,0,0,0,0,10,0,1.0,1.0,0.1,1.1,7,51,3,25,Atalanta,SWE,DF,Defender,1,1,False,0.0,0.0,0.0,0.03861003861003861,0.0038610038610038615,0.03861003861003861,0.2702702702702703,1.9691119691119692,0.11583011583011583,False,False,,False,,False,,False
Ismael Konate,2024-2025,12,0,116,1.3,0,1,1,0,0,0,0,0,0.2,0.2,0.0,0.2,5,2,7,18,Empoli,CIV,"FW,MF",Forward,2,1,False,0.0,0.7692307692307692,0.7692307692307692,0.15384615384615385,0.0,0.15384615384615385,3.846153846153846,1.5384615384615383,5.384615384615384,True,False,,False,,False,,False
Ismaël Bennacer,2024-2025,6,4,300,3.3,0,0,0,0,0,0,2,0,0.1,0.1,0.1,0.2,8,23,12,26,Milan,ALG,MF,Midfielder,1,1,False,0.0,0.0,0.0,0.030303030303030307,0.030303030303030307,0.030303030303030307,2.4242424242424243,6.96969696969697,3.6363636363636367,True,False,,False,,False,,False
Issa Doumbia,2024-2025,24,10,939,10.4,0,0,0,0,0,0,0,0,1.0,1.0,0.1,1.2,12,22,29,20,Venezia,ITA,MF,Midfielder,1,1,False,0.0,0.0,0.0,0.09615384615384615,0.009615384615384616,0.09615384615384615,1.1538461538461537,2.1153846153846154,2.7884615384615383,False,False,,False,,False,,False
Ivan Ilić,2024-2025,19,9,920,10.2,1,0,1,1,0,0,4,0,0.9,0.9,1.1,2.1,24,45,41,23,Torino,SRB,MF,Midfielder,1,1,False,0.09803921568627452,0.0,0.09803921568627452,0.08823529411764706,0.10784313725490198,0.08823529411764706,2.3529411764705883,4.411764705882353,4.019607843137255,False,False,,False,,False,,False
Ivan Provedel,2024-2025,29,29,2610,29.0,0,0,0,0,0,0,0,0,0.0,0.0,0.3,0.3,0,4,0,30,Lazio,ITA,GK,Goalkeeper,1,1,False,0.0,0.0,0.0,0.0,0.010344827586206896,0.0,0.0,0.13793103448275862,0.0,False,False,,False,,False,,False
Ivan Smolčić,2024-2025,9,7,630,7.0,0,0,0,0,0,0,2,0,0.4,0.4,0.1,0.6,3,23,9,23,Como,CRO,DF,Defender,1,1,False,0.0,0.0,0.0,0.05714285714285715,0.014285714285714287,0.05714285714285715,0.42857142857142855,3.2857142857142856,1.2857142857142858,False,False,,False,,False,,False
Jackson Tchatchoua,2024-2025,36,36,3167,35.2,2,3,5,2,0,0,7,1,1.6,1.6,2.8,4.5,88,72,163,22,Hellas Verona,CMR,"DF,MF",Defender,2,1,False,0.056818181818181816,0.08522727272727272,0.14204545454545453,0.045454545454545456,0.07954545454545453,0.045454545454545456,2.5,2.0454545454545454,4.6306818181818175,False,False,,False,,False,,False
Jacob Ondrejka,2024-2025,12,3,422,4.7,5,0,5,5,0,0,0,0,1.3,1.3,0.6,1.9,13,11,21,21,Parma,SWE,"MF,FW",Midfielder,2,1,False,1.0638297872340425,0.0,1.0638297872340425,0.2765957446808511,0.1276595744680851,0.2765957446808511,2.7659574468085104,2.3404255319148937,4.468085106382978,True,False,,False,,False,,False
Jacopo Bacci,2024-2025,3,0,31,0.3,0,0,0,0,0,0,0,0,0.0,0.0,0.0,0.0,0,1,0,19,Empoli,ITA,MF,Midfielder,1,1,False,0.0,0.0,0.0,0.0,0.0,0.0,0.0,3.3333333333333335,0.0,True,False,,False,,False,,False
Jacopo Fazzini,2024-2025,20,16,1383,15.4,4,1,5,4,0,0,1,1,3.1,3.1,0.5,3.6,34,49,88,21,Empoli,ITA,MF,Midfielder,1,1,False,0.2597402597402597,0.06493506493506493,0.3246753246753247,0.2012987012987013,0.032467532467532464,0.2012987012987013,2.207792207792208,3.1818181818181817,5.714285714285714,False,False,,False,,False,,False
Jacopo Seghetti,2024-2025,1,1,90,1.0,0,0,0,0,0,0,0,0,0.0,0.0,0.0,0.0,0,0,0,19,Empoli,ITA,GK,Goalkeeper,1,1,False,0.0,0.0,0.0,0.0,0.0,0.0,0.0,0.0,0.0,True,False,,False,,False,,False
Jaka Bijol,2024-2025,34,34,2963,32.9,1,0,1,1,0,0,13,1,2.0,2.0,0.6,2.6,22,98,10,25,Udinese,SVN,DF,Defender,1,1,False,0.030395136778115502,0.0,0.030395136778115502,0.060790273556231005,0.0182370820668693,0.060790273556231005,0.668693009118541,2.9787234042553195,0.303951367781155,False,False,,False,,False,,False
James Abankwah,2024-2025,6,0,88,1.0,0,0,0,0,0,0,1,0,0.1,0.1,0.0,0.1,3,4,1,20,Udinese,IRL,"DF,MF",Defender,2,1,False,0.0,0.0,0.0,0.1,0.0,0.1,3.0,4.0,1.0,True,False,,False,,False,,False
Jay Idzes,2024-2025,35,35,3127,34.7,1,0,1,1,0,0,5,0,1.8,1.8,0.7,2.5,15,84,15,24,Venezia,IDN,DF,Defender,1,1,False,0.02881844380403458,0.0,0.02881844380403458,0.05187319884726224,0.020172910662824204,0.05187319884726224,0.4322766570605187,2.4207492795389047,0.4322766570605187,False,False,,False,,False,,False
Jean Butez,2024-2025,19,18,1666,18.5,0,0,0,0,0,0,0,0,0.0,0.0,0.0,0.0,0,1,0,29,Como,FRA,GK,Goalkeeper,1,1,False,0.0,0.0,0.0,0.0,0.0,0.0,0.0,0.05405405405405406,0.0,False,False,,False,,False,,False
Jean Onana,2024-2025,9,2,304,3.4,0,0,0,0,0,0,1,0,0.0,0.0,0.1,0.1,1,11,4,24,Genoa,CMR,MF,Midfielder,1,1,False,0.0,0.0,0.0,0.0,0.029411764705882356,0.0,0.29411764705882354,3.235294117647059,1.1764705882352942,True,False,,False,,False,,False
Jean-Daniel Akpa-Akpro,2024-2025,14,12,966,10.7,0,0,0,0,0,0,4,0,0.3,0.3,0.2,0.6,21,19,22,31,Monza,CIV,MF,Midfielder,1,1,False,0.0,0.0,0.0,0.028037383177570093,0.01869158878504673,0.028037383177570093,1.9626168224299068,1.7757009345794394,2.0560747663551404,False,False,,False,,False,,False
Jeff Ekhator,2024-2025,24,6,769,8.5,1,1,2,1,0,0,1,0,1.3,1.3,1.0,2.3,4,14,51,17,Genoa,ITA,"FW,MF",Forward,2,1,False,0.11764705882352941,0.11764705882352941,0.23529411764705882,0.15294117647058825,0.11764705882352941,0.15294117647058825,0.47058823529411764,1.6470588235294117,6.0,False,False,,False,,False,,False
Jens Odgaard,2024-2025,29,24,1952,21.7,6,1,7,6,0,0,1,0,3.6,3.6,1.8,5.4,35,50,99,25,Bologna,DEN,"MF,FW",Midfielder,2,1,False,0.2764976958525346,0.04608294930875576,0.3225806451612903,0.16589861751152074,0.08294930875576037,0.16589861751152074,1.6129032258064517,2.3041474654377883,4.56221198156682,False,False,,False,,False,,False
Jesper Karlsson,2024-2025,20,9,793,8.8,2,0,2,1,1,1,3,0,2.2,1.4,0.7,2.1,17,18,63,26,MULTI:Bologna|Lecce,SWE,FW,Forward,1,2,True,0.22727272727272727,0.0,0.22727272727272727,0.25,0.07954545454545453,0.15909090909090906,1.9318181818181817,2.0454545454545454,7.159090909090908,False,False,,False,,False,,False
Jesper Karlström,2024-2025,37,36,3186,35.4,0,3,3,0,0,0,9,0,0.7,0.7,1.1,1.8,23,135,46,29,Udinese,SWE,MF,Midfielder,1,1,False,0.0,0.08474576271186442,0.08474576271186442,0.019774011299435026,0.03107344632768362,0.019774011299435026,0.6497175141242938,3.8135593220338984,1.2994350282485876,False,False,,False,,False,,False
Jesse Joronen,2024-2025,8,7,703,7.8,0,0,0,0,0,0,0,0,0.0,0.0,0.0,0.0,0,0,0,31,Venezia,FIN,GK,Goalkeeper,1,1,False,0.0,0.0,0.0,0.0,0.0,0.0,0.0,0.0,0.0,False,False,,False,,False,,False
Jhon Lucumí,2024-2025,32,29,2614,29.0,0,1,1,0,0,0,8,1,0.6,0.6,0.4,1.0,34,108,7,26,Bologna,COL,DF,Defender,1,1,False,0.0,0.034482758620689655,0.034482758620689655,0.020689655172413793,0.013793103448275864,0.020689655172413793,1.1724137931034482,3.7241379310344827,0.2413793103448276,False,False,,False,,False,,False
Joaquín Correa,2024-2025,19,6,731,8.1,2,2,4,2,0,0,3,0,2.1,2.1,2.0,4.1,22,42,45,29,Inter,ARG,"FW,MF",Forward,2,1,False,0.2469135802469136,0.2469135802469136,0.4938271604938272,0.2592592592592593,0.2469135802469136,0.2592592592592593,2.7160493827160495,5.185185185185185,5.555555555555555,False,True,,False,,False,,False
Joel Pohjanpalo,2024-2025,20,19,1603,17.8,6,0,6,3,3,4,1,0,7.5,4.3,1.7,6.0,9,29,72,29,Venezia,FIN,FW,Forward,1,1,False,0.33707865168539325,0.0,0.33707865168539325,0.42134831460674155,0.09550561797752809,0.24157303370786515,0.5056179775280899,1.6292134831460674,4.044943820224719,False,False,,False,,False,,False
Johan Vásquez,2024-2025,36,34,3041,33.8,3,0,3,3,0,0,9,0,2.4,2.4,0.3,2.7,37,96,12,25,Genoa,MEX,DF,Defender,1,1,False,0.08875739644970415,0.0,0.08875739644970415,0.07100591715976332,0.008875739644970414,0.07100591715976332,1.0946745562130178,2.840236686390533,0.3550295857988166,False,False,,False,,False,,False
John Yeboah,2024-2025,33,11,1226,13.6,1,1,2,1,0,0,6,0,3.0,3.0,1.9,4.9,50,42,88,24,Venezia,ECU,"FW,MF",Forward,2,1,False,0.07352941176470588,0.07352941176470588,0.14705882352941177,0.22058823529411764,0.13970588235294118,0.22058823529411764,3.6764705882352944,3.088235294117647,6.470588235294118,False,False,,False,,False,,False
Jonas Rouhi,2024-2025,5,1,210,2.3,0,0,0,0,0,0,0,0,0.0,0.0,0.0,0.0,1,9,7,20,Juventus,SWE,DF,Defender,1,1,False,0.0,0.0,0.0,0.0,0.0,0.0,0.4347826086956522,3.91304347826087,3.0434782608695654,True,False,,False,,False,,False
Jonathan Ikone,2024-2025,27,6,874,9.7,2,0,2,2,0,0,1,0,2.6,2.6,0.30000000000000004,2.8,35,30,94,26,MULTI:Como|Fiorentina,FRA,"FW,MF",Forward,2,2,True,0.2061855670103093,0.0,0.2061855670103093,0.2680412371134021,0.0309278350515464,0.2680412371134021,3.6082474226804124,3.0927835051546393,9.690721649484537,False,False,,False,,False,,False
Jordan Zemura,2024-2025,23,13,1415,15.7,1,2,3,1,0,0,2,0,1.0,1.0,1.0,2.0,25,42,76,24,Udinese,ZIM,DF,Defender,1,1,False,0.06369426751592357,0.12738853503184713,0.1910828025477707,0.06369426751592357,0.06369426751592357,0.06369426751592357,1.5923566878980893,2.67515923566879,4.840764331210191,False,False,,False,,False,,False
Josep Martinez,2024-2025,5,5,450,5.0,0,0,0,0,0,0,0,0,0.0,0.0,0.1,0.1,0,0,0,26,Inter,ESP,GK,Goalkeeper,1,1,False,0.0,0.0,0.0,0.0,0.02,0.0,0.0,0.0,0.0,False,True,,False,,False,,False
José Luis Palomino,2024-2025,18,10,1081,12.0,1,0,1,1,0,0,3,0,0.5,0.5,0.0,0.5,4,35,1,34,Cagliari,ARG,DF,Defender,1,1,False,0.08333333333333333,0.0,0.08333333333333333,0.041666666666666664,0.0,0.041666666666666664,0.3333333333333333,2.9166666666666665,0.08333333333333333,False,False,,False,,False,,False
João Félix,2024-2025,15,8,760,8.4,2,0,2,2,0,0,3,0,2.7,2.7,1.2,3.8,20,40,56,24,Milan,POR,MF,Midfielder,1,1,False,0.23809523809523808,0.0,0.23809523809523808,0.32142857142857145,0.14285714285714285,0.32142857142857145,2.380952380952381,4.761904761904762,6.666666666666666,False,False,,False,,False,,False
Joël Schingtienne,2024-2025,16,12,1122,12.5,0,0,0,0,0,0,2,0,0.0,0.0,0.1,0.1,5,28,4,21,Venezia,BEL,DF,Defender,1,1,False,0.0,0.0,0.0,0.0,0.008,0.0,0.4,2.24,0.32,False,False,,False,,False,,False
Juan Cuadrado,2024-2025,23,7,832,9.2,0,2,2,0,0,0,3,0,0.9,0.9,2.0,2.9,41,64,90,36,Atalanta,COL,"DF,MF",Defender,2,1,False,0.0,0.2173913043478261,0.2173913043478261,0.09782608695652174,0.2173913043478261,0.09782608695652174,4.4565217391304355,6.9565217391304355,9.782608695652174,False,False,,False,,False,,False
Juan David Cabal,2024-2025,7,6,460,5.1,0,0,0,0,0,0,0,0,0.1,0.1,0.0,0.2,14,17,19,23,Juventus,COL,DF,Defender,1,1,False,0.0,0.0,0.0,0.019607843137254905,0.0,0.019607843137254905,2.7450980392156863,3.3333333333333335,3.7254901960784315,False,False,,False,,False,,False
Juan Jesus,2024-2025,15,12,1074,11.9,0,1,1,0,0,0,2,0,0.3,0.3,0.0,0.4,3,50,2,33,Napoli,BRA,DF,Defender,1,1,False,0.0,0.08403361344537814,0.08403361344537814,0.025210084033613443,0.0,0.025210084033613443,0.25210084033613445,4.201680672268908,0.1680672268907563,False,False,,False,,False,,False
Juan Miranda,2024-2025,31,25,2277,25.3,0,6,6,0,0,0,4,1,0.7,0.7,6.1,6.8,34,163,88,24,Bologna,ESP,DF,Defender,1,1,False,0.0,0.23715415019762845,0.23715415019762845,0.027667984189723317,0.2411067193675889,0.027667984189723317,1.3438735177865613,6.442687747035573,3.4782608695652173,False,False,,False,,False,,False
Juan Musso,2024-2025,1,1,90,1.0,0,0,0,0,0,0,0,0,0.0,0.0,0.0,0.0,0,0,0,30,Atalanta,ARG,GK,Goalkeeper,1,1,False,0.0,0.0,0.0,0.0,0.0,0.0,0.0,0.0,0.0,True,False,,False,,False,,False
Junior Ajayi,2024-2025,2,0,13,0.1,0,0,0,0,0,0,0,0,0.0,0.0,0.0,0.0,0,1,0,19,Hellas Verona,CIV,FW,Forward,1,1,False,0.0,0.0,0.0,0.0,0.0,0.0,0.0,10.0,0.0,True,False,,False,,False,,False
Junior Messias,2024-2025,17,8,847,9.4,1,1,2,1,0,1,1,0,2.4,1.4,0.7,2.1,32,32,49,33,Genoa,BRA,"MF,FW",Midfielder,2,1,False,0.10638297872340426,0.10638297872340426,0.2127659574468085,0.2553191489361702,0.07446808510638298,0.14893617021276595,3.404255319148936,3.404255319148936,5.212765957446808,False,False,,False,,False,,False
Junior Sambia,2024-2025,17,2,387,4.3,0,0,0,0,0,0,0,0,0.4,0.4,0.3,0.7,5,21,20,27,Empoli,FRA,"DF,FW",Defender,2,1,False,0.0,0.0,0.0,0.0930232558139535,0.06976744186046512,0.0930232558139535,1.1627906976744187,4.883720930232558,4.651162790697675,True,False,,False,,False,,False
Jurgen Ekkelenkamp,2024-2025,34,20,1892,21.0,3,2,5,3,0,0,2,0,2.8,2.8,1.3,4.1,34,72,86,24,Udinese,NED,MF,Midfielder,1,1,False,0.14285714285714285,0.09523809523809523,0.23809523809523808,0.13333333333333333,0.06190476190476191,0.13333333333333333,1.619047619047619,3.4285714285714284,4.095238095238095,False,False,,False,,False,,False
Kacper Urbanski,2024-2025,15,7,747,8.3,1,0,1,1,0,0,3,0,0.4,0.4,0.6,1.1,15,56,33,19,MULTI:Bologna|Monza,POL,MF,Midfielder,1,2,True,0.12048192771084336,0.0,0.12048192771084336,0.048192771084337345,0.07228915662650602,0.048192771084337345,1.8072289156626504,6.746987951807228,3.975903614457831,False,False,,False,,False,,False
Karol Linetty,2024-2025,28,18,1540,17.1,1,0,1,1,0,0,6,0,1.1,1.1,0.9,2.0,18,47,19,29,Torino,POL,MF,Midfielder,1,1,False,0.05847953216374269,0.0,0.05847953216374269,0.06432748538011696,0.05263157894736842,0.06432748538011696,1.0526315789473684,2.7485380116959064,1.111111111111111,False,False,,False,,False,,False
Keinan Davis,2024-2025,23,10,1066,11.8,2,1,3,2,0,0,2,0,2.9,2.9,2.1,5.0,26,22,77,26,Udinese,ENG,FW,Forward,1,1,False,0.1694915254237288,0.0847457627118644,0.2542372881355932,0.24576271186440676,0.17796610169491525,0.24576271186440676,2.2033898305084745,1.8644067796610169,6.525423728813559,False,False,,False,,False,,False
Keita Baldé,2024-2025,11,8,638,7.1,2,0,2,2,0,0,2,0,1.1,1.1,0.2,1.2,19,35,29,29,Monza,SEN,FW,Forward,1,1,False,0.28169014084507044,0.0,0.28169014084507044,0.15492957746478875,0.028169014084507046,0.15492957746478875,2.676056338028169,4.929577464788733,4.084507042253521,False,False,,False,,False,,False
Kenan Yıldız,2024-2025,35,28,2402,26.7,7,4,11,7,0,0,2,1,4.3,4.3,5.0,9.3,115,121,223,19,Juventus,TUR,"FW,MF",Forward,2,1,False,0.2621722846441948,0.149812734082397,0.41198501872659177,0.16104868913857678,0.18726591760299627,0.16104868913857678,4.307116104868914,4.531835205992509,8.352059925093632,False,False,,False,,False,,False
Kevin Bonifazi,2024-2025,3,0,65,0.7,0,0,0,0,0,0,0,0,0.0,0.0,0.0,0.0,0,1,1,28,Lecce,ITA,DF,Defender,1,1,False,0.0,0.0,0.0,0.0,0.0,0.0,0.0,1.4285714285714286,1.4285714285714286,True,False,,False,,False,,False
Kevin Martins,2024-2025,9,1,183,2.0,0,1,1,0,0,0,1,0,0.0,0.0,0.4,0.4,3,6,10,19,Monza,ITA,"MF,DF",Midfielder,2,1,False,0.0,0.5,0.5,0.0,0.2,0.0,1.5,3.0,5.0,True,False,,False,,False,,False
Kevin Zeroli,2024-2025,9,4,407,4.5,0,1,1,0,0,0,0,0,0.8,0.8,0.5,1.2,3,7,11,19,MULTI:Milan|Monza,ITA,MF,Midfielder,1,2,True,0.0,0.2222222222222222,0.2222222222222222,0.17777777777777778,0.1111111111111111,0.17777777777777778,0.6666666666666666,1.5555555555555556,2.4444444444444446,True,False,,False,,False,,False
Khvicha Kvaratskhelia,2024-2025,17,15,1178,13.1,5,3,8,4,1,1,1,0,4.1,3.4,3.7,7.0,74,57,89,23,Napoli,GEO,"FW,MF",Forward,2,1,False,0.3816793893129771,0.22900763358778625,0.6106870229007634,0.3129770992366412,0.2824427480916031,0.2595419847328244,5.648854961832061,4.351145038167939,6.793893129770993,False,False,,False,,False,,False
Khéphren Thuram,2024-2025,35,26,2326,25.8,4,5,9,4,0,0,5,0,3.5,3.5,3.6,7.1,74,123,52,23,Juventus,FRA,MF,Midfielder,1,1,False,0.15503875968992248,0.19379844961240308,0.3488372093023256,0.13565891472868216,0.13953488372093023,0.13565891472868216,2.8682170542635657,4.767441860465116,2.0155038759689923,False,False,,False,,False,,False
Kialonda,2024-2025,24,24,2144,23.8,0,1,1,0,0,0,3,0,1.1,1.1,0.4,1.6,4,34,5,26,Lecce,ANG,DF,Defender,1,1,False,0.0,0.04201680672268907,0.04201680672268907,0.046218487394957986,0.01680672268907563,0.046218487394957986,0.1680672268907563,1.4285714285714286,0.21008403361344538,False,False,,False,,False,,False
Kike Pérez,2024-2025,16,13,1114,12.4,1,0,1,1,0,0,4,0,0.9,0.9,1.2,2.1,18,60,31,27,Venezia,ESP,MF,Midfielder,1,1,False,0.08064516129032258,0.0,0.08064516129032258,0.07258064516129033,0.0967741935483871,0.07258064516129033,1.4516129032258065,4.838709677419355,2.5,False,False,,False,,False,,False
Kingsley Ehizibue,2024-2025,33,30,2498,27.8,0,1,1,0,0,0,5,0,1.2,1.2,2.2,3.5,54,55,116,29,Udinese,NED,DF,Defender,1,1,False,0.0,0.03597122302158273,0.03597122302158273,0.043165467625899276,0.07913669064748202,0.043165467625899276,1.9424460431654675,1.9784172661870503,4.172661870503597,False,False,,False,,False,,False
Kingstone Mutandwa,2024-2025,6,0,127,1.4,0,0,0,0,0,0,0,0,0.4,0.4,0.0,0.4,1,0,7,21,Cagliari,ZAM,"FW,MF",Forward,2,1,False,0.0,0.0,0.0,0.28571428571428575,0.0,0.28571428571428575,0.7142857142857143,0.0,5.0,True,False,,False,,False,,False
Konan N'dri,2024-2025,11,2,306,3.4,0,0,0,0,0,0,0,0,0.5,0.5,0.2,0.7,16,2,22,23,Lecce,CIV,"FW,MF",Forward,2,1,False,0.0,0.0,0.0,0.14705882352941177,0.05882352941176471,0.14705882352941177,4.705882352941177,0.5882352941176471,6.470588235294118,True,False,,False,,False,,False
Koni De Winter,2024-2025,25,23,2135,23.7,3,0,3,3,0,0,6,0,2.1,2.1,0.2,2.3,10,56,10,22,Genoa,BEL,DF,Defender,1,1,False,0.12658227848101267,0.0,0.12658227848101267,0.08860759493670886,0.008438818565400845,0.08860759493670886,0.4219409282700422,2.3628691983122363,0.4219409282700422,False,False,,False,,False,,False
Kristjan Asllani,2024-2025,21,10,980,10.9,2,2,4,0,2,2,4,0,2.5,0.9,1.9,2.8,7,55,20,22,Inter,ALB,MF,Midfielder,1,1,False,0.18348623853211007,0.18348623853211007,0.36697247706422015,0.2293577981651376,0.17431192660550457,0.08256880733944955,0.6422018348623852,5.045871559633027,1.8348623853211008,False,True,,False,,False,,False
Kyle Walker,2024-2025,11,7,659,7.3,0,0,0,0,0,0,1,0,0.0,0.0,0.9,1.0,11,32,19,34,Milan,ENG,DF,Defender,1,1,False,0.0,0.0,0.0,0.0,0.12328767123287672,0.0,1.5068493150684932,4.383561643835616,2.6027397260273974,False,False,,False,,False,,False
Lameck Banda,2024-2025,15,6,610,6.8,0,1,1,0,0,0,1,0,1.2,1.2,1.1,2.3,27,7,46,23,Lecce,ZAM,"FW,MF",Forward,2,1,False,0.0,0.14705882352941177,0.14705882352941177,0.17647058823529413,0.16176470588235295,0.17647058823529413,3.9705882352941178,1.0294117647058825,6.764705882352941,False,False,,False,,False,,False
Lassana Coulibaly,2024-2025,38,30,2667,29.6,1,0,1,1,0,0,3,0,0.8,0.8,0.9,1.7,21,93,49,28,Lecce,MLI,MF,Midfielder,1,1,False,0.03378378378378378,0.0,0.03378378378378378,0.02702702702702703,0.030405405405405404,0.02702702702702703,0.7094594594594594,3.1418918918918917,1.6554054054054053,False,False,,False,,False,,False
Lautaro Gianetti,2024-2025,15,11,878,9.8,1,0,1,1,0,0,4,0,0.1,0.0,0.1,0.1,0,19,3,30,Udinese,ARG,DF,Defender,1,1,False,0.1020408163265306,0.0,0.1020408163265306,0.01020408163265306,0.01020408163265306,0.0,0.0,1.9387755102040816,0.3061224489795918,False,False,,False,,False,,False
Lautaro Martínez,2024-2025,30,30,2474,27.5,12,3,15,12,0,0,1,0,13.5,13.5,4.3,17.8,34,68,197,26,Inter,ARG,FW,Forward,1,1,False,0.43636363636363634,0.10909090909090909,0.5454545454545454,0.4909090909090909,0.15636363636363634,0.4909090909090909,1.2363636363636363,2.4727272727272727,7.163636363636364,False,True,,False,,False,,False
Lautaro Valenti,2024-2025,20,18,1556,17.3,1,0,1,1,0,0,6,1,0.2,0.2,0.2,0.4,3,28,3,25,Parma,ARG,DF,Defender,1,1,False,0.057803468208092484,0.0,0.057803468208092484,0.011560693641618497,0.011560693641618497,0.011560693641618497,0.17341040462427745,1.6184971098265895,0.17341040462427745,False,False,,False,,False,,False
Lazar Samardzic,2024-2025,31,7,1169,13.0,2,1,3,2,0,0,3,0,2.0,2.0,2.9,4.9,54,92,99,22,Atalanta,SRB,MF,Midfielder,1,1,False,0.15384615384615385,0.07692307692307693,0.23076923076923078,0.15384615384615385,0.22307692307692306,0.15384615384615385,4.153846153846154,7.076923076923077,7.615384615384615,False,False,,False,,False,,False
Leandro Chichizola,2024-2025,1,1,90,1.0,0,0,0,0,0,0,0,0,0.0,0.0,0.0,0.0,0,1,0,34,Parma,ARG,GK,Goalkeeper,1,1,False,0.0,0.0,0.0,0.0,0.0,0.0,0.0,1.0,0.0,True,False,,False,,False,,False
Leandro Paredes,2024-2025,22,15,1373,15.3,3,1,4,1,2,2,4,0,2.3,0.7,1.5,2.2,17,106,14,30,Roma,ARG,MF,Midfielder,1,1,False,0.19607843137254902,0.06535947712418301,0.26143790849673204,0.1503267973856209,0.09803921568627451,0.0457516339869281,1.1111111111111112,6.928104575163398,0.9150326797385621,False,False,,False,,False,,False
Leonardo Pavoletti,2024-2025,26,1,445,4.9,2,0,2,2,0,0,5,0,2.7,2.7,1.0,3.7,1,17,26,35,Cagliari,ITA,"FW,MF",Forward,2,1,False,0.4081632653061224,0.0,0.4081632653061224,0.5510204081632653,0.2040816326530612,0.5510204081632653,0.2040816326530612,3.4693877551020407,5.3061224489795915,True,False,,False,,False,,False
Leonardo Spinazzola,2024-2025,27,17,1517,16.9,1,1,2,1,0,0,1,0,0.8,0.8,3.5,4.2,83,88,81,31,Napoli,ITA,"DF,FW",Defender,2,1,False,0.0591715976331361,0.0591715976331361,0.1183431952662722,0.04733727810650888,0.20710059171597636,0.04733727810650888,4.9112426035502965,5.207100591715977,4.792899408284024,False,False,,False,,False,,False
Lewis Ferguson,2024-2025,16,10,983,10.9,1,1,2,0,1,1,0,0,1.0,0.2,1.1,1.3,20,53,26,24,Bologna,SCO,MF,Midfielder,1,1,False,0.09174311926605504,0.09174311926605504,0.18348623853211007,0.09174311926605504,0.10091743119266056,0.01834862385321101,1.8348623853211008,4.862385321100917,2.385321100917431,False,False,,False,,False,,False
Liam Henderson,2024-2025,36,27,2337,26.0,0,4,4,0,0,0,10,0,0.7,0.7,3.9,4.5,18,108,54,28,Empoli,SCO,MF,Midfielder,1,1,False,0.0,0.15384615384615385,0.15384615384615385,0.02692307692307692,0.15,0.02692307692307692,0.6923076923076923,4.153846153846154,2.076923076923077,False,False,,False,,False,,False
Liberato Cacace,2024-2025,33,24,2230,24.8,2,4,6,2,0,0,6,0,2.6,2.6,1.7,4.3,53,70,97,23,Empoli,NZL,"MF,DF",Midfielder,2,1,False,0.08064516129032258,0.16129032258064516,0.24193548387096772,0.10483870967741936,0.06854838709677419,0.10483870967741936,2.1370967741935485,2.82258064516129,3.911290322580645,False,False,,False,,False,,False
Lior Kasa,2024-2025,8,2,230,2.6,0,0,0,0,0,0,2,0,1.1,1.1,0.1,1.2,1,7,7,18,Genoa,ISR,"MF,FW",Midfielder,2,1,False,0.0,0.0,0.0,0.4230769230769231,0.038461538461538464,0.4230769230769231,0.3846153846153846,2.692307692307692,2.692307692307692,True,False,,False,,False,,False
Lloyd Kelly,2024-2025,12,11,1013,11.3,0,0,0,0,0,0,1,0,0.4,0.4,0.1,0.5,10,36,26,25,Juventus,ENG,DF,Defender,1,1,False,0.0,0.0,0.0,0.035398230088495575,0.008849557522123894,0.035398230088495575,0.8849557522123893,3.1858407079646014,2.3008849557522124,False,False,,False,,False,,False
Lorenzo Anghelè,2024-2025,1,0,6,0.1,0,0,0,0,0,0,0,0,0.0,0.0,0.0,0.0,0,1,0,19,Juventus,ITA,FW,Forward,1,1,False,0.0,0.0,0.0,0.0,0.0,0.0,0.0,10.0,0.0,True,False,,False,,False,,False
Lorenzo Colombo,2024-2025,37,26,2233,24.8,6,2,8,5,1,1,5,1,5.9,5.1,2.9,8.0,27,48,116,22,Empoli,ITA,"FW,MF",Forward,2,1,False,0.24193548387096772,0.08064516129032258,0.3225806451612903,0.23790322580645162,0.11693548387096774,0.20564516129032256,1.0887096774193548,1.9354838709677418,4.67741935483871,False,False,,False,,False,,False
Lorenzo De Silvestri,2024-2025,18,13,1060,11.8,1,0,1,1,0,0,1,0,0.8,0.8,0.3,1.1,4,46,30,36,Bologna,ITA,DF,Defender,1,1,False,0.0847457627118644,0.0,0.0847457627118644,0.06779661016949153,0.02542372881355932,0.06779661016949153,0.3389830508474576,3.8983050847457625,2.542372881355932,False,False,,False,,False,,False
Lorenzo Lucca,2024-2025,33,27,2353,26.1,12,1,13,11,1,1,10,0,7.6,6.8,1.6,8.4,15,18,98,23,Udinese,ITA,FW,Forward,1,1,False,0.45977011494252873,0.038314176245210725,0.49808429118773945,0.2911877394636015,0.06130268199233716,0.26053639846743293,0.5747126436781609,0.689655172413793,3.754789272030651,False,False,,False,,False,,False
Lorenzo Montipò,2024-2025,36,36,3240,36.0,0,0,0,0,0,0,0,0,0.0,0.0,0.0,0.0,0,1,0,28,Hellas Verona,ITA,GK,Goalkeeper,1,1,False,0.0,0.0,0.0,0.0,0.0,0.0,0.0,0.027777777777777776,0.0,False,False,,False,,False,,False
Lorenzo Pellegrini,2024-2025,25,20,1626,18.1,2,1,3,1,1,1,4,0,4.7,3.9,2.5,6.4,27,61,82,28,Roma,ITA,MF,Midfielder,1,1,False,0.11049723756906077,0.055248618784530384,0.16574585635359115,0.2596685082872928,0.13812154696132595,0.21546961325966849,1.4917127071823204,3.370165745856353,4.530386740331491,False,False,,False,,False,,False
Lorenzo Tosto,2024-2025,1,0,1,0.0,0,0,0,0,0,0,0,0,0.0,0.0,0.0,0.0,0,0,0,18,Empoli,ITA,DF,Defender,1,1,False,,,,,,,,,,True,False,,False,,False,,False
Lorenzo Venturino,2024-2025,6,1,167,1.9,2,0,2,2,0,0,0,0,0.7,0.7,0.2,0.9,5,7,10,18,Genoa,ITA,"FW,MF",Forward,2,1,False,1.0526315789473684,0.0,1.0526315789473684,0.3684210526315789,0.10526315789473685,0.3684210526315789,2.6315789473684212,3.68421052631579,5.2631578947368425,True,False,,False,,False,,False
Loum Tchaouna,2024-2025,24,6,660,7.3,1,0,1,1,0,0,4,1,2.5,2.5,0.6,3.1,22,20,66,20,Lazio,FRA,"FW,MF",Forward,2,1,False,0.136986301369863,0.0,0.136986301369863,0.3424657534246575,0.0821917808219178,0.3424657534246575,3.0136986301369864,2.73972602739726,9.04109589041096,False,False,,False,,False,,False
Luca Caldirola,2024-2025,14,10,876,9.7,0,0,0,0,0,0,5,0,0.3,0.3,0.1,0.4,5,22,4,33,Monza,ITA,DF,Defender,1,1,False,0.0,0.0,0.0,0.030927835051546393,0.010309278350515465,0.030927835051546393,0.5154639175257733,2.2680412371134024,0.4123711340206186,False,False,,False,,False,,False
Luca Marianucci,2024-2025,18,12,1069,11.9,0,0,0,0,0,0,0,1,0.6,0.6,0.2,0.8,12,28,3,20,Empoli,ITA,DF,Defender,1,1,False,0.0,0.0,0.0,0.050420168067226885,0.01680672268907563,0.050420168067226885,1.0084033613445378,2.3529411764705883,0.25210084033613445,False,False,,False,,False,,False
Luca Mazzitelli,2024-2025,11,3,335,3.7,1,1,2,1,0,0,1,0,0.2,0.2,0.6,0.8,2,27,14,28,Como,ITA,MF,Midfielder,1,1,False,0.27027027027027023,0.27027027027027023,0.5405405405405405,0.05405405405405406,0.16216216216216214,0.05405405405405406,0.5405405405405405,7.297297297297297,3.7837837837837838,True,False,,False,,False,,False
Luca Pellegrini,2024-2025,22,10,1067,11.9,0,4,4,0,0,0,5,0,0.7,0.7,1.8,2.4,21,72,61,25,Lazio,ITA,DF,Defender,1,1,False,0.0,0.3361344537815126,0.3361344537815126,0.0588235294117647,0.15126050420168066,0.0588235294117647,1.7647058823529411,6.050420168067227,5.126050420168067,False,False,,False,,False,,False
Luca Ranieri,2024-2025,35,34,2981,33.1,0,3,3,0,0,0,7,0,1.1,1.1,1.7,2.7,25,80,11,25,Fiorentina,ITA,DF,Defender,1,1,False,0.0,0.09063444108761329,0.09063444108761329,0.03323262839879154,0.051359516616314195,0.03323262839879154,0.755287009063444,2.416918429003021,0.3323262839879154,False,False,,False,,False,,False
Lucas Beltrán,2024-2025,32,20,1864,20.7,5,4,9,3,2,3,6,0,5.4,3.1,3.0,6.1,23,64,94,23,Fiorentina,ARG,"FW,MF",Forward,2,1,False,0.24154589371980678,0.1932367149758454,0.43478260869565216,0.26086956521739135,0.14492753623188406,0.1497584541062802,1.1111111111111112,3.0917874396135265,4.541062801932367,False,False,,False,,False,,False
Lucas Da Cunha,2024-2025,36,30,2613,29.0,3,2,5,3,0,0,4,0,2.0,2.0,3.8,5.8,63,154,85,23,Como,FRA,MF,Midfielder,1,1,False,0.10344827586206896,0.06896551724137931,0.1724137931034483,0.06896551724137931,0.13103448275862067,0.06896551724137931,2.1724137931034484,5.310344827586207,2.9310344827586206,False,False,,False,,False,,False
Lucas Gourna-Douath,2024-2025,6,2,229,2.5,0,0,0,0,0,0,2,0,0.1,0.1,0.1,0.2,4,9,9,20,Roma,FRA,MF,Midfielder,1,1,False,0.0,0.0,0.0,0.04,0.04,0.04,1.6,3.6,3.6,True,False,,False,,False,,False
Lucas Martínez Quarta,2024-2025,8,4,351,3.9,1,0,1,1,0,0,1,0,0.7,0.7,0.0,0.7,3,14,2,28,Fiorentina,ARG,DF,Defender,1,1,False,0.25641025641025644,0.0,0.25641025641025644,0.1794871794871795,0.0,0.1794871794871795,0.7692307692307693,3.58974358974359,0.5128205128205129,True,False,,False,,False,,False
Luka Jović,2024-2025,15,6,557,6.2,2,0,2,2,0,0,1,0,2.4,2.4,1.4,3.8,8,26,24,26,Milan,SRB,"FW,MF",Forward,2,1,False,0.3225806451612903,0.0,0.3225806451612903,0.3870967741935484,0.2258064516129032,0.3870967741935484,1.2903225806451613,4.193548387096774,3.8709677419354835,False,False,,False,,False,,False
Luka Topalović,2024-2025,1,0,11,0.1,0,0,0,0,0,0,0,0,0.0,0.0,0.0,0.0,0,0,1,18,Inter,SVN,MF,Midfielder,1,1,False,0.0,0.0,0.0,0.0,0.0,0.0,0.0,0.0,10.0,True,True,,False,,False,,False
Maat Daniel Caprini,2024-2025,1,0,7,0.1,0,0,0,0,0,0,0,0,0.0,0.0,0.0,0.0,0,1,3,18,Fiorentina,ITA,FW,Forward,1,1,False,0.0,0.0,0.0,0.0,0.0,0.0,0.0,10.0,30.0,True,False,,False,,False,,False
Maduka Okoye,2024-2025,25,25,2250,25.0,0,0,0,0,0,0,1,0,0.0,0.0,0.0,0.0,0,1,0,24,Udinese,NGA,GK,Goalkeeper,1,1,False,0.0,0.0,0.0,0.0,0.0,0.0,0.0,0.04,0.0,False,False,,False,,False,,False
Magnus Kofod Andersen,2024-2025,14,7,695,7.7,1,1,2,1,0,0,1,0,0.3,0.3,0.5,0.7,7,24,18,25,Venezia,DEN,MF,Midfielder,1,1,False,0.12987012987012986,0.12987012987012986,0.2597402597402597,0.03896103896103896,0.06493506493506493,0.03896103896103896,0.9090909090909091,3.116883116883117,2.3376623376623376,False,False,,False,,False,,False
Malick Thiaw,2024-2025,22,19,1806,20.1,0,0,0,0,0,0,2,0,0.6,0.6,0.1,0.7,12,89,1,22,Milan,GER,DF,Defender,1,1,False,0.0,0.0,0.0,0.029850746268656712,0.004975124378109453,0.029850746268656712,0.5970149253731343,4.4278606965174125,0.04975124378109452,False,False,,False,,False,,False
Mandela Keita,2024-2025,30,24,1826,20.3,0,2,2,0,0,0,6,1,0.1,0.1,1.0,1.2,13,50,5,22,Parma,BEL,MF,Midfielder,1,1,False,0.0,0.09852216748768472,0.09852216748768472,0.0049261083743842365,0.04926108374384236,0.0049261083743842365,0.6403940886699507,2.4630541871921183,0.24630541871921183,False,False,,False,,False,,False
Manu Koné,2024-2025,34,31,2572,28.6,2,1,3,2,0,0,6,0,3.4,3.4,1.7,5.0,70,144,50,23,Roma,FRA,MF,Midfielder,1,1,False,0.06993006993006992,0.03496503496503496,0.1048951048951049,0.11888111888111887,0.05944055944055943,0.11888111888111887,2.4475524475524475,5.034965034965035,1.7482517482517481,False,False,,False,,False,,False
Manuel Lazzari,2024-2025,25,16,1406,15.6,0,1,1,0,0,0,3,0,0.1,0.1,1.3,1.4,72,66,96,30,Lazio,ITA,DF,Defender,1,1,False,0.0,0.06410256410256411,0.06410256410256411,0.006410256410256411,0.08333333333333334,0.006410256410256411,4.615384615384616,4.230769230769231,6.153846153846154,False,False,,False,,False,,False
Manuel Locatelli,2024-2025,36,34,2822,31.4,2,2,4,1,1,1,9,0,1.8,1.0,2.5,3.5,33,294,33,26,Juventus,ITA,MF,Midfielder,1,1,False,0.06369426751592357,0.06369426751592357,0.12738853503184713,0.05732484076433121,0.07961783439490447,0.03184713375796178,1.0509554140127388,9.363057324840765,1.0509554140127388,False,False,,False,,False,,False
Marc-Oliver Kempf,2024-2025,31,30,2615,29.1,0,0,0,0,0,0,6,1,1.6,1.6,1.2,2.7,17,85,4,29,Como,GER,DF,Defender,1,1,False,0.0,0.0,0.0,0.054982817869415807,0.041237113402061855,0.054982817869415807,0.5841924398625429,2.9209621993127146,0.1374570446735395,False,False,,False,,False,,False
Marco Brescianini,2024-2025,29,9,991,11.0,4,2,6,4,0,0,1,0,3.1,3.1,1.0,4.1,46,36,69,24,Atalanta,ITA,MF,Midfielder,1,1,False,0.36363636363636365,0.18181818181818182,0.5454545454545454,0.2818181818181818,0.09090909090909091,0.2818181818181818,4.181818181818182,3.272727272727273,6.2727272727272725,False,False,,False,,False,,False
Marco Carnesecchi,2024-2025,34,34,3060,34.0,0,0,0,0,0,0,1,0,0.0,0.0,0.2,0.2,0,0,0,24,Atalanta,ITA,GK,Goalkeeper,1,1,False,0.0,0.0,0.0,0.0,0.0058823529411764705,0.0,0.0,0.0,0.0,False,False,,False,,False,,False
Marco Palestra,2024-2025,9,2,222,2.5,0,0,0,0,0,0,0,0,0.0,0.0,0.2,0.2,13,6,14,19,Atalanta,ITA,DF,Defender,1,1,False,0.0,0.0,0.0,0.0,0.08,0.0,5.2,2.4,5.6,True,False,,False,,False,,False
Marco Sala,2024-2025,10,3,333,3.7,0,0,0,0,0,0,3,0,0.0,0.0,0.5,0.5,15,22,25,25,MULTI:Como|Lecce,ITA,DF,Defender,1,2,True,0.0,0.0,0.0,0.0,0.13513513513513511,0.0,4.0540540540540535,5.945945945945946,6.756756756756756,True,False,,False,,False,,False
Marco Silvestri,2024-2025,5,5,450,5.0,0,0,0,0,0,0,0,0,0.0,0.0,0.0,0.0,0,0,0,33,Empoli,ITA,GK,Goalkeeper,1,1,False,0.0,0.0,0.0,0.0,0.0,0.0,0.0,0.0,0.0,False,False,,False,,False,,False
Marco Sportiello,2024-2025,2,1,126,1.4,0,0,0,0,0,0,0,0,0.0,0.0,0.0,0.0,0,0,0,32,Milan,ITA,GK,Goalkeeper,1,1,False,0.0,0.0,0.0,0.0,0.0,0.0,0.0,0.0,0.0,True,False,,False,,False,,False
Marcus Pedersen,2024-2025,29,15,1362,15.1,0,0,0,0,0,0,3,0,0.6,0.6,0.4,1.0,44,19,77,24,Torino,NOR,DF,Defender,1,1,False,0.0,0.0,0.0,0.039735099337748346,0.026490066225165566,0.039735099337748346,2.913907284768212,1.2582781456953642,5.099337748344371,False,False,,False,,False,,False
Marcus Thuram,2024-2025,31,26,2200,24.4,14,4,18,14,0,0,1,0,9.9,9.9,4.4,14.3,62,53,170,26,Inter,FRA,FW,Forward,1,1,False,0.5737704918032788,0.1639344262295082,0.7377049180327869,0.40573770491803285,0.18032786885245905,0.40573770491803285,2.540983606557377,2.1721311475409837,6.967213114754099,False,True,,False,,False,,False
Marin Pongračić,2024-2025,19,14,1292,14.4,0,0,0,0,0,0,3,1,0.2,0.2,0.2,0.4,7,34,5,26,Fiorentina,CRO,DF,Defender,1,1,False,0.0,0.0,0.0,0.01388888888888889,0.01388888888888889,0.01388888888888889,0.4861111111111111,2.361111111111111,0.3472222222222222,False,False,,False,,False,,False
Marin Šverko,2024-2025,16,12,1117,12.4,1,0,1,1,0,0,3,0,0.3,0.3,0.3,0.7,8,38,1,26,Venezia,CRO,DF,Defender,1,1,False,0.08064516129032258,0.0,0.08064516129032258,0.024193548387096774,0.024193548387096774,0.024193548387096774,0.6451612903225806,3.064516129032258,0.08064516129032258,False,False,,False,,False,,False
Mario Balotelli,2024-2025,6,0,62,0.7,0,0,0,0,0,0,2,0,0.0,0.0,0.0,0.0,0,1,5,33,Genoa,ITA,"FW,MF",Forward,2,1,False,0.0,0.0,0.0,0.0,0.0,0.0,0.0,1.4285714285714286,7.142857142857143,True,False,,False,,False,,False
Mario Gila,2024-2025,32,31,2741,30.5,1,0,1,1,0,0,8,0,1.1,1.1,0.6,1.7,48,157,12,23,Lazio,ESP,DF,Defender,1,1,False,0.03278688524590164,0.0,0.03278688524590164,0.036065573770491806,0.019672131147540982,0.036065573770491806,1.5737704918032787,5.147540983606557,0.39344262295081966,False,False,,False,,False,,False
Mario Hermoso,2024-2025,8,2,251,2.8,0,0,0,0,0,0,2,1,0.1,0.1,0.0,0.1,3,14,5,29,Roma,ESP,DF,Defender,1,1,False,0.0,0.0,0.0,0.03571428571428572,0.0,0.03571428571428572,1.0714285714285714,5.0,1.7857142857142858,True,False,,False,,False,,False
Mario Pašalić,2024-2025,34,23,1967,21.9,3,4,7,3,0,1,1,0,6.6,5.8,3.3,9.1,44,149,68,29,Atalanta,CRO,MF,Midfielder,1,1,False,0.13698630136986303,0.18264840182648404,0.31963470319634707,0.3013698630136986,0.1506849315068493,0.2648401826484018,2.0091324200913245,6.8036529680365305,3.1050228310502286,False,False,,False,,False,,False
Marko Arnautović,2024-2025,17,5,527,5.9,4,2,6,4,0,0,1,0,3.3,3.3,1.2,4.4,4,16,61,35,Inter,AUT,FW,Forward,1,1,False,0.6779661016949152,0.3389830508474576,1.0169491525423728,0.559322033898305,0.20338983050847456,0.559322033898305,0.6779661016949152,2.711864406779661,10.338983050847457,False,True,,False,,False,,False
Marten de Roon,2024-2025,36,34,3058,34.0,4,4,8,4,0,0,5,0,0.9,0.9,2.3,3.2,37,242,32,33,Atalanta,NED,"MF,DF",Midfielder,2,1,False,0.11764705882352941,0.11764705882352941,0.23529411764705882,0.026470588235294117,0.06764705882352941,0.026470588235294117,1.088235294117647,7.117647058823529,0.9411764705882353,False,False,,False,,False,,False
Martin Erlic,2024-2025,8,5,334,3.7,0,0,0,0,0,0,0,0,0.2,0.2,0.0,0.2,4,11,1,26,Bologna,CRO,DF,Defender,1,1,False,0.0,0.0,0.0,0.05405405405405406,0.0,0.05405405405405406,1.081081081081081,2.972972972972973,0.27027027027027023,True,False,,False,,False,,False
Martin Frese,2024-2025,11,5,549,6.1,0,0,0,0,0,0,0,0,0.1,0.1,0.2,0.2,7,19,12,26,Hellas Verona,DEN,DF,Defender,1,1,False,0.0,0.0,0.0,0.01639344262295082,0.03278688524590164,0.01639344262295082,1.1475409836065575,3.114754098360656,1.9672131147540985,False,False,,False,,False,,False
Martín Payero,2024-2025,25,16,1381,15.3,1,1,2,1,0,0,5,0,1.2,1.2,1.3,2.5,33,51,44,25,Udinese,ARG,MF,Midfielder,1,1,False,0.06535947712418301,0.06535947712418301,0.13071895424836602,0.0784313725490196,0.08496732026143791,0.0784313725490196,2.156862745098039,3.333333333333333,2.8758169934640523,False,False,,False,,False,,False
Mateo Pellegrino,2024-2025,13,8,737,8.2,3,1,4,3,0,0,2,0,3.3,3.3,0.7,4.0,6,15,37,23,Parma,ARG,FW,Forward,1,1,False,0.3658536585365854,0.12195121951219513,0.48780487804878053,0.4024390243902439,0.08536585365853659,0.4024390243902439,0.7317073170731708,1.829268292682927,4.51219512195122,False,False,,False,,False,,False
Mateo Retegui,2024-2025,36,32,2383,26.5,25,8,33,21,4,5,3,0,18.9,14.9,4.9,19.8,21,46,199,25,Atalanta,ITA,FW,Forward,1,1,False,0.9433962264150944,0.3018867924528302,1.2452830188679245,0.7132075471698113,0.1849056603773585,0.5622641509433962,0.7924528301886793,1.7358490566037736,7.509433962264151,False,False,,False,,False,,False
Mateusz Kowalski,2024-2025,1,1,56,0.6,0,0,0,0,0,0,0,0,0.4,0.4,0.0,0.4,0,0,2,19,Parma,POL,MF,Midfielder,1,1,False,0.0,0.0,0.0,0.6666666666666667,0.0,0.6666666666666667,0.0,0.0,3.3333333333333335,True,False,,False,,False,,False
Mateusz Wieteska,2024-2025,5,1,184,2.0,0,0,0,0,0,0,1,0,0.2,0.2,0.2,0.4,1,5,0,27,Cagliari,POL,DF,Defender,1,1,False,0.0,0.0,0.0,0.1,0.1,0.1,0.5,2.5,0.0,True,False,,False,,False,,False
Mathias Løvik,2024-2025,6,0,92,1.0,0,0,0,0,0,0,0,0,0.1,0.1,0.1,0.2,0,1,6,20,Parma,NOR,"DF,FW",Defender,2,1,False,0.0,0.0,0.0,0.1,0.1,0.1,0.0,1.0,6.0,True,False,,False,,False,,False
Mathis Lambourde,2024-2025,7,0,89,1.0,1,0,1,1,0,0,1,0,0.2,0.2,0.1,0.2,1,0,12,18,Hellas Verona,FRA,"FW,MF",Forward,2,1,False,1.0,0.0,1.0,0.2,0.1,0.2,1.0,0.0,12.0,True,False,,False,,False,,False
Mathías Olivera,2024-2025,32,26,2370,26.3,0,2,2,0,0,0,4,0,1.1,1.1,1.7,2.8,46,126,62,26,Napoli,URU,DF,Defender,1,1,False,0.0,0.07604562737642585,0.07604562737642585,0.041825095057034224,0.06463878326996197,0.041825095057034224,1.7490494296577945,4.7908745247148286,2.3574144486692012,False,False,,False,,False,,False
Matias Moreno,2024-2025,4,2,144,1.6,0,0,0,0,0,0,0,0,0.0,0.0,0.0,0.0,1,6,1,20,Fiorentina,ARG,DF,Defender,1,1,False,0.0,0.0,0.0,0.0,0.0,0.0,0.625,3.75,0.625,True,False,,False,,False,,False
Mats Hummels,2024-2025,14,11,915,10.2,0,0,0,0,0,0,1,0,0.5,0.5,0.1,0.5,4,26,1,35,Roma,GER,DF,Defender,1,1,False,0.0,0.0,0.0,0.04901960784313726,0.009803921568627453,0.04901960784313726,0.3921568627450981,2.5490196078431375,0.09803921568627452,False,False,,False,,False,,False
Matteo Cancellieri,2024-2025,27,19,1424,15.8,3,0,3,3,0,0,2,1,2.7,2.7,0.7,3.4,40,24,79,22,Parma,ITA,"FW,MF",Forward,2,1,False,0.18987341772151897,0.0,0.18987341772151897,0.17088607594936708,0.044303797468354424,0.17088607594936708,2.531645569620253,1.5189873417721518,5.0,False,False,,False,,False,,False
Matteo Darmian,2024-2025,29,20,1781,19.8,3,2,5,3,0,0,3,0,1.9,1.9,1.5,3.5,14,45,102,34,Inter,ITA,DF,Defender,1,1,False,0.15151515151515152,0.10101010101010101,0.25252525252525254,0.09595959595959595,0.07575757575757576,0.09595959595959595,0.7070707070707071,2.2727272727272725,5.151515151515151,False,True,,False,,False,,False
Matteo Gabbia,2024-2025,26,24,2152,23.9,2,0,2,2,0,0,4,0,1.1,1.1,0.2,1.3,13,74,2,24,Milan,ITA,DF,Defender,1,1,False,0.08368200836820085,0.0,0.08368200836820085,0.04602510460251047,0.008368200836820085,0.04602510460251047,0.5439330543933055,3.0962343096234313,0.08368200836820085,False,False,,False,,False,,False
Matteo Palma,2024-2025,1,0,5,0.1,0,0,0,0,0,0,0,0,0.0,0.0,0.0,0.0,0,1,0,16,Udinese,GER,DF,Defender,1,1,False,0.0,0.0,0.0,0.0,0.0,0.0,0.0,10.0,0.0,True,False,,False,,False,,False
Matteo Pessina,2024-2025,11,10,854,9.5,0,0,0,0,0,0,2,0,0.2,0.2,0.1,0.3,8,28,20,27,Monza,ITA,MF,Midfielder,1,1,False,0.0,0.0,0.0,0.021052631578947368,0.010526315789473684,0.021052631578947368,0.8421052631578947,2.9473684210526314,2.1052631578947367,False,False,,False,,False,,False
Matteo Politano,2024-2025,37,34,2804,31.2,3,4,7,3,0,0,3,0,3.1,3.1,4.8,7.9,135,129,278,30,Napoli,ITA,"FW,MF",Forward,2,1,False,0.09615384615384616,0.12820512820512822,0.22435897435897437,0.09935897435897437,0.15384615384615385,0.09935897435897437,4.326923076923077,4.134615384615385,8.91025641025641,False,False,,False,,False,,False
Matteo Prati,2024-2025,12,8,570,6.3,0,0,0,0,0,0,1,0,0.1,0.1,0.7,0.8,2,23,7,20,Cagliari,ITA,MF,Midfielder,1,1,False,0.0,0.0,0.0,0.015873015873015876,0.1111111111111111,0.015873015873015876,0.31746031746031744,3.6507936507936507,1.1111111111111112,False,False,,False,,False,,False
Matteo Ruggeri,2024-2025,30,19,1751,19.5,0,3,3,0,0,0,2,0,0.2,0.2,2.0,2.2,60,114,104,22,Atalanta,ITA,DF,Defender,1,1,False,0.0,0.15384615384615385,0.15384615384615385,0.010256410256410256,0.10256410256410256,0.010256410256410256,3.076923076923077,5.846153846153846,5.333333333333333,False,False,,False,,False,,False
Matthias Braunöder,2024-2025,8,3,268,3.0,0,0,0,0,0,0,3,1,0.1,0.1,0.0,0.1,2,18,0,22,Como,AUT,MF,Midfielder,1,1,False,0.0,0.0,0.0,0.03333333333333333,0.0,0.03333333333333333,0.6666666666666666,6.0,0.0,True,False,,False,,False,,False
Mattia Bani,2024-2025,20,19,1507,16.7,0,0,0,0,0,0,3,0,1.2,1.2,0.2,1.4,6,25,3,30,Genoa,ITA,DF,Defender,1,1,False,0.0,0.0,0.0,0.0718562874251497,0.011976047904191617,0.0718562874251497,0.3592814371257485,1.4970059880239521,0.17964071856287425,False,False,,False,,False,,False
Mattia De Sciglio,2024-2025,16,7,769,8.5,1,0,1,1,0,0,0,0,0.6,0.6,0.2,0.8,4,18,7,31,Empoli,ITA,DF,Defender,1,1,False,0.11764705882352941,0.0,0.11764705882352941,0.07058823529411765,0.023529411764705882,0.07058823529411765,0.47058823529411764,2.1176470588235294,0.8235294117647058,False,False,,False,,False,,False
Mattia Felici,2024-2025,20,9,925,10.3,0,3,3,0,0,0,1,0,0.6,0.6,1.0,1.6,39,19,75,23,Cagliari,ITA,"MF,FW",Midfielder,2,1,False,0.0,0.2912621359223301,0.2912621359223301,0.058252427184466014,0.0970873786407767,0.058252427184466014,3.786407766990291,1.8446601941747571,7.281553398058252,False,False,,False,,False,,False
Mattia Liberali,2024-2025,1,1,61,0.7,0,0,0,0,0,0,0,0,0.1,0.1,0.0,0.1,1,5,4,17,Milan,ITA,MF,Midfielder,1,1,False,0.0,0.0,0.0,0.14285714285714288,0.0,0.14285714285714288,1.4285714285714286,7.142857142857143,5.714285714285714,True,False,,False,,False,,False
Mattia Perin,2024-2025,5,5,450,5.0,0,0,0,0,0,0,0,0,0.0,0.0,0.0,0.0,0,0,0,31,Juventus,ITA,GK,Goalkeeper,1,1,False,0.0,0.0,0.0,0.0,0.0,0.0,0.0,0.0,0.0,False,False,,False,,False,,False
Mattia Valoti,2024-2025,5,0,40,0.4,0,0,0,0,0,0,1,0,0.0,0.0,0.0,0.0,0,0,0,30,Monza,ITA,MF,Midfielder,1,1,False,0.0,0.0,0.0,0.0,0.0,0.0,0.0,0.0,0.0,True,False,,False,,False,,False
Mattia Viti,2024-2025,30,30,2572,28.6,1,0,1,1,0,0,3,0,0.8,0.8,0.2,1.0,17,86,10,22,Empoli,ITA,DF,Defender,1,1,False,0.03496503496503496,0.0,0.03496503496503496,0.027972027972027972,0.006993006993006993,0.027972027972027972,0.5944055944055944,3.0069930069930066,0.34965034965034963,False,False,,False,,False,,False
Mattia Zaccagni,2024-2025,34,33,2686,29.8,8,6,14,6,2,2,10,0,6.4,4.9,4.6,9.5,91,114,264,29,Lazio,ITA,FW,Forward,1,1,False,0.2684563758389262,0.20134228187919462,0.4697986577181208,0.21476510067114093,0.15436241610738252,0.1644295302013423,3.053691275167785,3.825503355704698,8.859060402684564,False,False,,False,,False,,False
Mattéo Guendouzi,2024-2025,37,37,3270,36.3,1,3,4,1,0,0,7,0,1.4,1.4,3.2,4.6,89,316,64,25,Lazio,FRA,MF,Midfielder,1,1,False,0.027548209366391185,0.08264462809917356,0.11019283746556474,0.03856749311294766,0.08815426997245181,0.03856749311294766,2.4517906336088156,8.705234159779614,1.7630853994490359,False,False,,False,,False,,False
Matìas Soulé,2024-2025,27,22,1781,19.8,5,5,10,5,0,0,3,0,3.0,3.0,5.2,8.3,84,89,191,21,Roma,ARG,"MF,DF",Midfielder,2,1,False,0.25252525252525254,0.25252525252525254,0.5050505050505051,0.15151515151515152,0.26262626262626265,0.15151515151515152,4.242424242424242,4.494949494949495,9.646464646464645,False,False,,False,,False,,False
Matías Vecino,2024-2025,20,7,877,9.7,2,3,5,2,0,0,7,0,2.3,2.3,2.4,4.6,4,29,14,32,Lazio,URU,MF,Midfielder,1,1,False,0.2061855670103093,0.30927835051546393,0.5154639175257733,0.23711340206185566,0.24742268041237114,0.23711340206185566,0.4123711340206186,2.9896907216494846,1.4432989690721651,False,False,,False,,False,,False
Maxence Caqueret,2024-2025,18,15,1087,12.1,2,3,5,2,0,0,4,0,0.8,0.8,1.5,2.4,15,76,46,24,Como,FRA,MF,Midfielder,1,1,False,0.1652892561983471,0.24793388429752067,0.4132231404958678,0.06611570247933884,0.12396694214876033,0.06611570247933884,1.2396694214876034,6.2809917355371905,3.8016528925619837,False,False,,False,,False,,False
Maxwel Cornet,2024-2025,7,2,246,2.7,2,1,3,2,0,0,0,0,1.0,1.0,0.6,1.6,8,4,26,27,Genoa,CIV,"FW,MF",Forward,2,1,False,0.7407407407407407,0.37037037037037035,1.111111111111111,0.37037037037037035,0.2222222222222222,0.37037037037037035,2.962962962962963,1.4814814814814814,9.62962962962963,True,False,,False,,False,,False
Medon Berisha,2024-2025,17,7,716,8.0,0,1,1,0,0,0,5,0,0.7,0.7,0.6,1.3,13,42,17,20,Lecce,ALB,MF,Midfielder,1,1,False,0.0,0.125,0.125,0.0875,0.075,0.0875,1.625,5.25,2.125,False,False,,False,,False,,False
Mehdi Taremi,2024-2025,25,7,807,9.0,1,2,3,0,1,1,1,0,3.5,2.7,1.6,4.2,10,25,47,32,Inter,IRN,FW,Forward,1,1,False,0.1111111111111111,0.2222222222222222,0.3333333333333333,0.3888888888888889,0.17777777777777778,0.30000000000000004,1.1111111111111112,2.7777777777777777,5.222222222222222,False,True,,False,,False,,False
Michael Folorunsho,2024-2025,20,6,685,7.6000000000000005,0,0,0,0,0,0,5,0,1.2000000000000002,1.2000000000000002,0.6,1.8,13,21,35,26,MULTI:Fiorentina|Napoli,ITA,"FW,MF",Forward,2,2,True,0.0,0.0,0.0,0.15789473684210528,0.07894736842105263,0.15789473684210528,1.7105263157894737,2.763157894736842,4.605263157894736,False,False,,False,,False,,False
Michael Kayode,2024-2025,5,1,127,1.4,0,0,0,0,0,0,0,0,0.1,0.1,0.2,0.3,3,8,6,20,Fiorentina,ITA,"DF,FW",Defender,2,1,False,0.0,0.0,0.0,0.07142857142857144,0.14285714285714288,0.07142857142857144,2.142857142857143,5.714285714285714,4.285714285714286,True,False,,False,,False,,False
Michael Svoboda,2024-2025,16,15,1314,14.6,1,0,1,1,0,0,1,0,0.2,0.2,0.6,0.8,13,43,5,25,Venezia,AUT,DF,Defender,1,1,False,0.0684931506849315,0.0,0.0684931506849315,0.013698630136986302,0.0410958904109589,0.013698630136986302,0.8904109589041096,2.945205479452055,0.3424657534246575,False,False,,False,,False,,False
Michel Aebischer,2024-2025,14,9,724,8.0,0,0,0,0,0,0,2,0,0.4,0.4,0.4,0.8,8,33,17,27,Bologna,SUI,MF,Midfielder,1,1,False,0.0,0.0,0.0,0.05,0.05,0.05,1.0,4.125,2.125,False,False,,False,,False,,False
Michel Ndary Adopo,2024-2025,35,27,2409,26.8,1,1,2,1,0,0,5,1,1.1,1.1,2.3,3.4,20,106,61,24,Cagliari,FRA,MF,Midfielder,1,1,False,0.03731343283582089,0.03731343283582089,0.07462686567164178,0.041044776119402986,0.08582089552238806,0.041044776119402986,0.7462686567164178,3.955223880597015,2.2761194029850746,False,False,,False,,False,,False
Michele Di Gregorio,2024-2025,33,33,2970,33.0,0,0,0,0,0,0,0,0,0.0,0.0,0.5,0.5,0,0,0,27,Juventus,ITA,GK,Goalkeeper,1,1,False,0.0,0.0,0.0,0.0,0.015151515151515152,0.0,0.0,0.0,0.0,False,False,,False,,False,,False
Mikael Ellertsson,2024-2025,36,29,2470,27.4,2,2,4,2,0,0,2,0,1.1,1.1,1.6,2.7,33,36,92,22,Venezia,ISL,"DF,MF",Defender,2,1,False,0.07299270072992702,0.07299270072992702,0.14598540145985403,0.04014598540145986,0.05839416058394161,0.04014598540145986,1.2043795620437956,1.3138686131386863,3.3576642335766427,False,False,,False,,False,,False
Mike Maignan,2024-2025,37,37,3294,36.6,0,0,0,0,0,0,1,0,0.0,0.0,0.8,0.8,0,4,0,29,Milan,FRA,GK,Goalkeeper,1,1,False,0.0,0.0,0.0,0.0,0.02185792349726776,0.0,0.0,0.1092896174863388,0.0,False,False,,False,,False,,False
Milan Badelj,2024-2025,23,21,1472,16.4,1,0,1,1,0,0,2,0,1.0,1.0,1.1,2.1,8,83,14,35,Genoa,CRO,MF,Midfielder,1,1,False,0.06097560975609757,0.0,0.06097560975609757,0.06097560975609757,0.06707317073170734,0.06097560975609757,0.48780487804878053,5.060975609756098,0.853658536585366,False,False,,False,,False,,False
Milan Đurić,2024-2025,27,16,1538,17.1,5,1,6,5,0,0,4,0,3.1999999999999997,3.1999999999999997,1.1,4.3,2,28,36,34,MULTI:Monza|Parma,BIH,FW,Forward,1,2,True,0.29239766081871343,0.05847953216374269,0.3508771929824561,0.18713450292397657,0.06432748538011696,0.18713450292397657,0.11695906432748537,1.6374269005847952,2.1052631578947367,False,False,,False,,False,,False
Mile Svilar,2024-2025,38,38,3420,38.0,0,0,0,0,0,0,1,0,0.0,0.0,0.0,0.0,0,2,0,24,Roma,SRB,GK,Goalkeeper,1,1,False,0.0,0.0,0.0,0.0,0.0,0.0,0.0,0.05263157894736842,0.0,False,False,,False,,False,,False
Mirko Marić,2024-2025,18,5,462,5.2,0,0,0,0,0,0,0,0,0.8,0.8,0.0,0.8,5,12,35,29,MULTI:Monza|Venezia,CRO,"FW,MF",Forward,2,2,True,0.0,0.0,0.0,0.15384615384615385,0.0,0.15384615384615385,0.9615384615384615,2.3076923076923075,6.730769230769231,False,False,,False,,False,,False
Mitchel Bakker,2024-2025,1,0,22,0.2,0,0,0,0,0,0,0,0,0.0,0.0,0.0,0.0,0,1,1,24,Atalanta,NED,MF,Midfielder,1,1,False,0.0,0.0,0.0,0.0,0.0,0.0,0.0,5.0,5.0,True,False,,False,,False,,False
Mohamed Haj,2024-2025,15,3,453,5.0,1,2,3,1,0,0,4,0,0.6,0.6,1.2,1.8,6,13,28,19,Parma,TUN,MF,Midfielder,1,1,False,0.2,0.4,0.6,0.12,0.24,0.12,1.2,2.6,5.6,False,False,,False,,False,,False
Mohamed Kaba,2024-2025,15,2,452,5.0,0,0,0,0,0,0,1,0,0.3,0.3,0.0,0.4,3,18,8,22,Lecce,FRA,MF,Midfielder,1,1,False,0.0,0.0,0.0,0.06,0.0,0.06,0.6,3.6,1.6,False,False,,False,,False,,False
Moise Kean,2024-2025,31,30,2615,29.1,17,3,20,16,1,2,5,0,19.4,17.9,1.9,19.7,42,26,143,24,Fiorentina,ITA,FW,Forward,1,1,False,0.5841924398625429,0.10309278350515463,0.6872852233676976,0.6666666666666666,0.06529209621993126,0.6151202749140893,1.443298969072165,0.8934707903780068,4.914089347079037,False,False,,False,,False,,False
Morten Frendrup,2024-2025,35,35,3103,34.5,2,0,2,2,0,0,5,0,1.6,1.6,0.9,2.5,24,106,29,23,Genoa,DEN,MF,Midfielder,1,1,False,0.057971014492753624,0.0,0.057971014492753624,0.0463768115942029,0.026086956521739132,0.0463768115942029,0.6956521739130435,3.072463768115942,0.8405797101449275,False,False,,False,,False,,False
Morten Thorsby,2024-2025,30,22,1898,21.1,0,1,1,0,0,0,6,0,2.8,2.8,2.1,4.9,24,58,76,28,Genoa,NOR,"MF,FW",Midfielder,2,1,False,0.0,0.04739336492890995,0.04739336492890995,0.13270142180094785,0.0995260663507109,0.13270142180094785,1.1374407582938388,2.748815165876777,3.6018957345971563,False,False,,False,,False,,False
Máximo Perrone,2024-2025,26,20,1857,20.6,0,3,3,0,0,0,6,0,0.9,0.9,2.2,3.1,16,98,19,21,Como,ARG,MF,Midfielder,1,1,False,0.0,0.14563106796116504,0.14563106796116504,0.043689320388349516,0.10679611650485438,0.043689320388349516,0.7766990291262136,4.757281553398058,0.9223300970873786,False,False,,False,,False,,False
Mërgim Vojvoda,2024-2025,28,20,1822,20.3,1,2,3,1,0,0,6,0,0.6000000000000001,0.6000000000000001,2.4,3.0999999999999996,34,107,74,29,MULTI:Como|Torino,KVX,DF,Defender,1,2,True,0.04926108374384236,0.09852216748768472,0.14778325123152708,0.02955665024630542,0.11822660098522167,0.02955665024630542,1.6748768472906403,5.270935960591133,3.645320197044335,False,False,,False,,False,,False
Nadir Zortea,2024-2025,35,33,2713,30.1,6,2,8,6,0,0,2,0,3.1,3.1,2.4,5.5,69,63,144,25,Cagliari,ITA,"DF,MF",Defender,2,1,False,0.19933554817275748,0.06644518272425248,0.26578073089700993,0.10299003322259136,0.07973421926910298,0.10299003322259136,2.2923588039867107,2.093023255813953,4.784053156146179,False,False,,False,,False,,False
Nahuel Estévez,2024-2025,14,7,657,7.3,0,0,0,0,0,0,3,0,0.1,0.1,0.8,0.8,3,30,4,28,Parma,ARG,MF,Midfielder,1,1,False,0.0,0.0,0.0,0.013698630136986302,0.10958904109589042,0.013698630136986302,0.4109589041095891,4.109589041095891,0.547945205479452,False,False,,False,,False,,False
Nehuén Pérez,2024-2025,2,2,180,2.0,0,0,0,0,0,0,0,0,0.0,0.0,0.0,0.0,2,4,2,24,Udinese,ARG,DF,Defender,1,1,False,0.0,0.0,0.0,0.0,0.0,0.0,1.0,2.0,1.0,True,False,,False,,False,,False
Niccolò Pisilli,2024-2025,28,11,1227,13.6,2,1,3,2,0,0,7,0,2.7,2.7,0.7,3.4,22,63,44,19,Roma,ITA,MF,Midfielder,1,1,False,0.14705882352941177,0.07352941176470588,0.22058823529411764,0.1985294117647059,0.051470588235294115,0.1985294117647059,1.6176470588235294,4.632352941176471,3.235294117647059,False,False,,False,,False,,False
Nicholas Pierini,2024-2025,2,0,83,0.9,0,0,0,0,0,0,0,0,0.0,0.0,0.1,0.1,1,2,4,25,Venezia,ITA,MF,Midfielder,1,1,False,0.0,0.0,0.0,0.0,0.11111111111111112,0.0,1.1111111111111112,2.2222222222222223,4.444444444444445,True,False,,False,,False,,False
Nicola Leali,2024-2025,29,29,2610,29.0,0,0,0,0,0,0,1,0,0.0,0.0,0.0,0.0,0,0,0,31,Genoa,ITA,GK,Goalkeeper,1,1,False,0.0,0.0,0.0,0.0,0.0,0.0,0.0,0.0,0.0,False,False,,False,,False,,False
Nicola Pintus,2024-2025,1,0,4,0.0,0,0,0,0,0,0,0,0,0.0,0.0,0.0,0.0,0,0,0,19,Cagliari,ITA,DF,Defender,1,1,False,,,,,,,,,,True,False,,False,,False,,False
Nicola Sansone,2024-2025,5,0,65,0.7,0,0,0,0,0,0,1,0,0.2,0.2,0.0,0.3,0,1,5,32,Lecce,ITA,"MF,FW",Midfielder,2,1,False,0.0,0.0,0.0,0.28571428571428575,0.0,0.28571428571428575,0.0,1.4285714285714286,7.142857142857143,True,False,,False,,False,,False
Nicola Zalewski,2024-2025,23,8,968,10.7,1,1,2,1,0,0,4,0,0.5,0.5,2.5,3.0,60,35,101,22,MULTI:Inter|Roma,POL,"DF,FW,MF",Defender,3,2,True,0.09345794392523366,0.09345794392523366,0.1869158878504673,0.04672897196261683,0.23364485981308414,0.04672897196261683,5.607476635514019,3.2710280373831777,9.439252336448599,False,True,,False,,False,,False
Nicolas Haas,2024-2025,10,2,287,3.2,0,0,0,0,0,0,1,0,0.0,0.0,0.1,0.1,2,9,2,28,Empoli,SUI,MF,Midfielder,1,1,False,0.0,0.0,0.0,0.0,0.03125,0.0,0.625,2.8125,0.625,True,False,,False,,False,,False
Nicolas Viola,2024-2025,27,18,1267,14.1,3,1,4,3,0,0,2,0,2.2,2.2,1.9,4.1,21,46,70,34,Cagliari,ITA,"FW,MF",Forward,2,1,False,0.2127659574468085,0.07092198581560284,0.28368794326241137,0.15602836879432624,0.1347517730496454,0.15602836879432624,1.4893617021276595,3.2624113475177308,4.964539007092199,False,False,,False,,False,,False
Nicolás González,2024-2025,26,23,1750,19.4,3,2,5,3,0,0,3,0,4.1,4.1,1.1,5.1,35,69,123,26,Juventus,ARG,"FW,MF",Forward,2,1,False,0.15463917525773196,0.10309278350515465,0.2577319587628866,0.211340206185567,0.05670103092783506,0.211340206185567,1.8041237113402062,3.5567010309278353,6.340206185567011,False,False,,False,,False,,False
Nicolás Paz,2024-2025,35,30,2687,29.9,6,8,14,6,0,1,6,0,9.3,8.5,6.0,14.5,77,163,171,19,Como,ARG,"MF,FW",Midfielder,2,1,False,0.20066889632107024,0.26755852842809363,0.4682274247491639,0.3110367892976589,0.20066889632107024,0.28428093645484953,2.5752508361204014,5.451505016722408,5.719063545150502,False,False,,False,,False,,False
Nicolás Valentini,2024-2025,14,13,1129,12.5,0,0,0,0,0,0,5,1,0.3,0.3,0.8,1.2,4,42,1,23,Hellas Verona,ARG,DF,Defender,1,1,False,0.0,0.0,0.0,0.024,0.064,0.024,0.32,3.36,0.08,False,False,,False,,False,,False
Nicolò Barella,2024-2025,32,28,2456,27.3,3,6,9,3,0,0,4,0,2.2,2.2,4.5,6.7,63,235,133,27,Inter,ITA,MF,Midfielder,1,1,False,0.10989010989010989,0.21978021978021978,0.32967032967032966,0.08058608058608059,0.16483516483516483,0.08058608058608059,2.3076923076923075,8.608058608058608,4.871794871794871,False,True,,False,,False,,False
Nicolò Cambiaghi,2024-2025,18,4,620,6.9,1,3,4,1,0,0,0,0,0.8,0.8,1.9,2.7,45,25,63,23,Bologna,ITA,FW,Forward,1,1,False,0.14492753623188406,0.43478260869565216,0.5797101449275363,0.11594202898550725,0.27536231884057966,0.11594202898550725,6.521739130434782,3.623188405797101,9.130434782608695,False,False,,False,,False,,False
Nicolò Casale,2024-2025,17,11,1035,11.5,0,1,1,0,0,0,1,0,0.5,0.5,0.5,0.9,3,35,2,26,MULTI:Bologna|Lazio,ITA,DF,Defender,1,2,True,0.0,0.08695652173913043,0.08695652173913043,0.043478260869565216,0.043478260869565216,0.043478260869565216,0.2608695652173913,3.0434782608695654,0.17391304347826086,False,False,,False,,False,,False
Nicolò Fagioli,2024-2025,32,15,1533,17.0,1,2,3,1,0,0,4,0,1.1,1.1,3.1,4.2,34,91,37,23,MULTI:Fiorentina|Juventus,ITA,MF,Midfielder,1,2,True,0.058823529411764705,0.11764705882352941,0.17647058823529413,0.06470588235294118,0.1823529411764706,0.06470588235294118,2.0,5.352941176470588,2.176470588235294,False,False,,False,,False,,False
Nicolò Rovella,2024-2025,33,31,2718,30.2,0,3,3,0,0,0,13,0,1.5,1.5,2.2,3.7,45,159,42,22,Lazio,ITA,MF,Midfielder,1,1,False,0.0,0.09933774834437087,0.09933774834437087,0.049668874172185434,0.07284768211920531,0.049668874172185434,1.490066225165563,5.264900662251656,1.390728476821192,False,False,,False,,False,,False
Nicolò Savona,2024-2025,28,19,1724,19.2,2,1,3,2,0,0,5,0,0.5,0.5,1.2,1.7,35,59,44,21,Juventus,ITA,DF,Defender,1,1,False,0.10416666666666667,0.052083333333333336,0.15625,0.026041666666666668,0.0625,0.026041666666666668,1.8229166666666667,3.072916666666667,2.291666666666667,False,False,,False,,False,,False
Nicolò Zaniolo,2024-2025,23,4,699,7.8,2,2,4,2,0,0,6,1,1.6,1.5,0.7,2.4,15,18,53,25,MULTI:Atalanta|Fiorentina,ITA,"FW,MF",Forward,2,2,True,0.25641025641025644,0.25641025641025644,0.5128205128205129,0.20512820512820515,0.08974358974358974,0.19230769230769232,1.9230769230769231,2.307692307692308,6.794871794871795,False,False,,False,,False,,False
Nikola Krstović,2024-2025,37,37,3057,34.0,11,5,16,9,2,3,6,0,12.1,9.7,2.9,12.6,42,56,149,24,Lecce,MNE,FW,Forward,1,1,False,0.3235294117647059,0.14705882352941177,0.47058823529411764,0.3558823529411765,0.08529411764705883,0.2852941176470588,1.2352941176470589,1.6470588235294117,4.382352941176471,False,False,,False,,False,,False
Nikola Moro,2024-2025,22,15,1208,13.4,0,2,2,0,0,0,1,0,0.5,0.5,0.8,1.3,17,93,21,26,Bologna,CRO,MF,Midfielder,1,1,False,0.0,0.14925373134328357,0.14925373134328357,0.03731343283582089,0.05970149253731343,0.03731343283582089,1.2686567164179103,6.940298507462686,1.5671641791044775,False,False,,False,,False,,False
Nikola Vlašić,2024-2025,30,23,2117,23.5,5,4,9,3,2,2,0,0,3.4,1.8,2.4,4.2,53,94,110,26,Torino,CRO,"MF,FW",Midfielder,2,1,False,0.2127659574468085,0.1702127659574468,0.3829787234042553,0.14468085106382977,0.10212765957446808,0.07659574468085106,2.25531914893617,4.0,4.680851063829787,False,False,,False,,False,,False
Noah Okafor,2024-2025,15,5,454,5.0,1,0,1,1,0,0,0,0,1.5,1.5,0.8999999999999999,2.5999999999999996,28,13,54,24,MULTI:Milan|Napoli,SUI,"FW,MF",Forward,2,2,True,0.2,0.0,0.2,0.3,0.18,0.3,5.6,2.6,10.8,False,False,,False,,False,,False
Nuno Tavares,2024-2025,23,22,1686,18.7,0,8,8,0,0,0,4,1,1.1,1.1,4.8,5.9,98,111,100,24,Lazio,POR,DF,Defender,1,1,False,0.0,0.42780748663101603,0.42780748663101603,0.05882352941176471,0.25668449197860965,0.05882352941176471,5.240641711229947,5.935828877005348,5.347593582887701,False,False,,False,,False,,False
Nunzio Lella,2024-2025,1,0,5,0.1,0,0,0,0,0,0,0,0,0.0,0.0,0.0,0.0,0,0,0,24,Venezia,ITA,MF,Midfielder,1,1,False,0.0,0.0,0.0,0.0,0.0,0.0,0.0,0.0,0.0,True,False,,False,,False,,False
Obite N'Dicka,2024-2025,38,38,3420,38.0,0,1,1,0,0,0,2,0,1.0,1.0,0.7,1.8,29,107,5,24,Roma,CIV,DF,Defender,1,1,False,0.0,0.02631578947368421,0.02631578947368421,0.02631578947368421,0.018421052631578946,0.02631578947368421,0.7631578947368421,2.8157894736842106,0.13157894736842105,False,False,,False,,False,,False
Odilon Kossounou,2024-2025,18,12,1125,12.5,0,0,0,0,0,0,1,0,0.5,0.5,0.0,0.6,13,46,14,23,Atalanta,CIV,DF,Defender,1,1,False,0.0,0.0,0.0,0.04,0.0,0.04,1.04,3.68,1.12,False,False,,False,,False,,False
Oier Zarraga,2024-2025,22,9,896,10.0,1,0,1,1,0,0,0,0,0.4,0.4,0.4,0.8,7,28,23,25,Udinese,ESP,MF,Midfielder,1,1,False,0.1,0.0,0.1,0.04,0.04,0.04,0.7,2.8,2.3,False,False,,False,,False,,False
Ola Solbakken,2024-2025,21,8,760,8.4,0,0,0,0,0,0,2,0,0.8,0.8,0.4,1.2,18,20,32,25,Empoli,NOR,"MF,FW",Midfielder,2,1,False,0.0,0.0,0.0,0.09523809523809523,0.047619047619047616,0.09523809523809523,2.142857142857143,2.380952380952381,3.8095238095238093,False,False,,False,,False,,False
Oliver Abildgaard,2024-2025,1,0,7,0.1,0,0,0,0,0,0,0,0,0.0,0.0,0.0,0.0,0,0,0,28,Como,DEN,MF,Midfielder,1,1,False,0.0,0.0,0.0,0.0,0.0,0.0,0.0,0.0,0.0,True,False,,False,,False,,False
Oliver Nielsen,2024-2025,2,0,35,0.4,0,0,0,0,0,0,1,0,0.0,0.0,0.0,0.0,0,0,0,21,Lazio,DEN,DF,Defender,1,1,False,0.0,0.0,0.0,0.0,0.0,0.0,0.0,0.0,0.0,True,False,,False,,False,,False
Omari Forson,2024-2025,9,1,223,2.5,0,0,0,0,0,0,0,0,0.2,0.2,0.5,0.7,14,10,18,20,Monza,ENG,"MF,FW",Midfielder,2,1,False,0.0,0.0,0.0,0.08,0.2,0.08,5.6,4.0,7.2,True,False,,False,,False,,False
Ondrej Duda,2024-2025,28,27,2395,26.6,1,3,4,1,0,0,12,1,1.0,1.0,3.2,4.2,23,117,26,29,Hellas Verona,SVK,MF,Midfielder,1,1,False,0.03759398496240601,0.11278195488721804,0.15037593984962405,0.03759398496240601,0.12030075187969924,0.03759398496240601,0.8646616541353384,4.398496240601504,0.9774436090225563,False,False,,False,,False,,False
Oumar Solet,2024-2025,19,19,1672,18.6,1,2,3,1,0,0,3,1,0.8,0.8,1.2,2.0,20,65,6,24,Udinese,FRA,DF,Defender,1,1,False,0.05376344086021505,0.1075268817204301,0.16129032258064516,0.04301075268817204,0.06451612903225806,0.04301075268817204,1.075268817204301,3.494623655913978,0.3225806451612903,False,False,,False,,False,,False
Oussama El Azzouzi,2024-2025,2,0,19,0.2,0,0,0,0,0,0,0,0,0.0,0.0,0.0,0.0,0,4,0,23,Bologna,MAR,MF,Midfielder,1,1,False,0.0,0.0,0.0,0.0,0.0,0.0,0.0,20.0,0.0,True,False,,False,,False,,False
Pablo Marí,2024-2025,32,31,2726,30.3,0,0,0,0,0,0,6,1,0.30000000000000004,0.30000000000000004,0.1,0.4,7,85,1,30,MULTI:Fiorentina|Monza,ESP,DF,Defender,1,2,True,0.0,0.0,0.0,0.009900990099009903,0.0033003300330033004,0.009900990099009903,0.23102310231023102,2.8052805280528053,0.033003300330033,False,False,,False,,False,,False
Pasquale Mazzocchi,2024-2025,20,7,702,7.8,0,0,0,0,0,0,3,0,0.3,0.3,0.4,0.6,20,23,43,29,Napoli,ITA,"DF,FW",Defender,2,1,False,0.0,0.0,0.0,0.038461538461538464,0.05128205128205129,0.038461538461538464,2.5641025641025643,2.948717948717949,5.512820512820513,False,False,,False,,False,,False
Patric,2024-2025,10,5,607,6.7,1,0,1,1,0,0,2,0,1.1,1.1,0.0,1.1,4,30,5,31,Lazio,ESP,DF,Defender,1,1,False,0.14925373134328357,0.0,0.14925373134328357,0.16417910447761194,0.0,0.16417910447761194,0.5970149253731343,4.477611940298507,0.7462686567164178,False,False,,False,,False,,False
Patrick Ciurria,2024-2025,21,12,1111,12.3,1,1,2,1,0,0,1,0,0.8,0.8,2.3,3.1,19,27,52,29,Monza,ITA,"MF,DF",Midfielder,2,1,False,0.08130081300813008,0.08130081300813008,0.16260162601626016,0.06504065040650406,0.18699186991869915,0.06504065040650406,1.5447154471544715,2.195121951219512,4.227642276422764,False,False,,False,,False,,False
Patrick Cutrone,2024-2025,33,23,2047,22.7,7,4,11,7,0,1,1,0,7.1,6.3,2.1,8.4,53,31,155,26,Como,ITA,FW,Forward,1,1,False,0.30837004405286345,0.1762114537444934,0.4845814977973568,0.31277533039647576,0.09251101321585904,0.2775330396475771,2.3348017621145374,1.3656387665198237,6.828193832599119,False,False,,False,,False,,False
Patrick Dorgu,2024-2025,21,21,1840,20.4,3,1,4,3,0,0,2,1,3.3,3.3,1.5,4.8,68,54,117,19,Lecce,DEN,"DF,FW",Defender,2,1,False,0.14705882352941177,0.04901960784313726,0.19607843137254904,0.16176470588235295,0.07352941176470588,0.16176470588235295,3.3333333333333335,2.647058823529412,5.735294117647059,False,False,,False,,False,,False
Patrizio Masini,2024-2025,26,16,1538,17.1,1,0,1,1,0,0,3,0,0.4,0.4,0.2,0.6,16,44,27,23,Genoa,ITA,MF,Midfielder,1,1,False,0.05847953216374269,0.0,0.05847953216374269,0.023391812865497075,0.011695906432748537,0.023391812865497075,0.935672514619883,2.573099415204678,1.5789473684210524,False,False,,False,,False,,False
Paulo Azzi,2024-2025,6,5,426,4.7,0,0,0,0,0,0,2,0,0.5,0.5,0.9,1.4,15,13,26,30,Cagliari,BRA,DF,Defender,1,1,False,0.0,0.0,0.0,0.10638297872340426,0.19148936170212766,0.10638297872340426,3.1914893617021276,2.7659574468085104,5.531914893617021,True,False,,False,,False,,False
Paulo Dybala,2024-2025,24,16,1417,15.7,6,3,9,3,3,3,2,0,6.4,4.0,5.0,9.0,41,79,122,30,Roma,ARG,"FW,MF",Forward,2,1,False,0.3821656050955414,0.1910828025477707,0.5732484076433121,0.40764331210191085,0.3184713375796179,0.25477707006369427,2.6114649681528666,5.031847133757962,7.770700636942675,False,False,,False,,False,,False
Paweł Dawidowicz,2024-2025,26,24,1845,20.5,0,0,0,0,0,0,7,1,0.3,0.3,0.0,0.3,10,39,3,29,Hellas Verona,POL,"DF,MF",Defender,2,1,False,0.0,0.0,0.0,0.014634146341463414,0.0,0.014634146341463414,0.4878048780487805,1.9024390243902438,0.14634146341463414,False,False,,False,,False,,False
Pedro,2024-2025,30,6,1102,12.2,10,1,11,8,2,2,2,0,5.3,3.8,1.7,5.4,48,76,89,37,Lazio,ESP,"FW,MF",Forward,2,1,False,0.819672131147541,0.0819672131147541,0.9016393442622951,0.43442622950819676,0.13934426229508198,0.3114754098360656,3.934426229508197,6.229508196721312,7.2950819672131155,False,False,,False,,False,,False
Pedro Pereira,2024-2025,35,32,2665,29.6,1,3,4,1,0,0,10,0,1.2,1.2,1.6,2.8,52,66,107,26,Monza,POR,DF,Defender,1,1,False,0.03378378378378378,0.10135135135135134,0.13513513513513511,0.040540540540540536,0.05405405405405406,0.040540540540540536,1.7567567567567566,2.22972972972973,3.614864864864865,False,False,,False,,False,,False
Pepe Reina,2024-2025,12,12,1034,11.5,0,0,0,0,0,0,0,1,0.0,0.0,0.0,0.0,0,0,0,41,Como,ESP,GK,Goalkeeper,1,1,False,0.0,0.0,0.0,0.0,0.0,0.0,0.0,0.0,0.0,False,False,,False,,False,,False
Petar Stojanović,2024-2025,1,0,3,0.0,0,0,0,0,0,0,0,0,0.0,0.0,0.0,0.0,0,0,0,28,Empoli,SVN,MF,Midfielder,1,1,False,,,,,,,,,,True,False,,False,,False,,False
Philip Billing,2024-2025,10,1,197,2.2,1,0,1,1,0,0,1,0,1.5,1.5,0.1,1.7,1,5,8,28,Napoli,DEN,MF,Midfielder,1,1,False,0.45454545454545453,0.0,0.45454545454545453,0.6818181818181818,0.045454545454545456,0.6818181818181818,0.45454545454545453,2.2727272727272725,3.6363636363636362,True,False,,False,,False,,False
Pierluigi Gollini,2024-2025,7,7,630,7.0,0,0,0,0,0,0,1,0,0.0,0.0,0.0,0.0,0,0,0,29,Genoa,ITA,GK,Goalkeeper,1,1,False,0.0,0.0,0.0,0.0,0.0,0.0,0.0,0.0,0.0,False,False,,False,,False,,False
Pierre Kalulu,2024-2025,29,25,2337,26.0,1,0,1,1,0,0,2,1,0.7,0.7,0.5,1.2,48,117,24,24,Juventus,FRA,DF,Defender,1,1,False,0.038461538461538464,0.0,0.038461538461538464,0.02692307692307692,0.019230769230769232,0.02692307692307692,1.8461538461538463,4.5,0.9230769230769231,False,False,,False,,False,,False
Pietro Comuzzo,2024-2025,32,23,2110,23.4,1,0,1,1,0,0,5,0,0.5,0.5,0.6,1.1,14,75,12,19,Fiorentina,ITA,DF,Defender,1,1,False,0.042735042735042736,0.0,0.042735042735042736,0.021367521367521368,0.02564102564102564,0.021367521367521368,0.5982905982905983,3.2051282051282053,0.5128205128205129,False,False,,False,,False,,False
Pietro Pellegri,2024-2025,11,5,414,4.6,3,0,3,3,0,0,2,0,0.3,0.3,0.6,0.9,12,8,28,23,Empoli,ITA,FW,Forward,1,1,False,0.6521739130434783,0.0,0.6521739130434783,0.06521739130434782,0.13043478260869565,0.06521739130434782,2.608695652173913,1.7391304347826089,6.086956521739131,True,False,,False,,False,,False
Pietro Terracciano,2024-2025,3,3,270,3.0,0,0,0,0,0,0,0,0,0.0,0.0,0.0,0.0,0,0,0,34,Fiorentina,ITA,GK,Goalkeeper,1,1,False,0.0,0.0,0.0,0.0,0.0,0.0,0.0,0.0,0.0,True,False,,False,,False,,False
Piotr Zieliński,2024-2025,26,8,980,10.9,2,2,4,0,2,2,0,0,2.6,1.1,0.9,2.0,26,65,24,30,Inter,POL,MF,Midfielder,1,1,False,0.18348623853211007,0.18348623853211007,0.36697247706422015,0.23853211009174313,0.08256880733944955,0.10091743119266056,2.385321100917431,5.963302752293578,2.2018348623853212,False,True,,False,,False,,False
Pontus Almqvist,2024-2025,29,10,1112,12.4,1,1,2,1,0,0,5,0,2.1,2.1,1.3,3.5,42,12,85,25,Parma,SWE,"FW,MF",Forward,2,1,False,0.08064516129032258,0.08064516129032258,0.16129032258064516,0.16935483870967744,0.10483870967741936,0.16935483870967744,3.3870967741935485,0.9677419354838709,6.854838709677419,False,False,,False,,False,,False
Rafa Marín,2024-2025,4,1,142,1.6,0,0,0,0,0,0,1,0,0.2,0.2,0.0,0.2,2,5,0,22,Napoli,ESP,DF,Defender,1,1,False,0.0,0.0,0.0,0.125,0.0,0.125,1.25,3.125,0.0,True,False,,False,,False,,False
Rafael Leão,2024-2025,34,25,2323,25.8,8,8,16,8,0,0,5,0,7.6,7.6,8.4,15.9,123,93,262,25,Milan,POR,FW,Forward,1,1,False,0.31007751937984496,0.31007751937984496,0.6201550387596899,0.2945736434108527,0.32558139534883723,0.2945736434108527,4.767441860465116,3.6046511627906974,10.155038759689923,False,False,,False,,False,,False
Rafael Tolói,2024-2025,11,2,468,5.2,0,0,0,0,0,0,1,0,0.1,0.1,0.2,0.3,5,26,5,33,Atalanta,ITA,DF,Defender,1,1,False,0.0,0.0,0.0,0.019230769230769232,0.038461538461538464,0.019230769230769232,0.9615384615384615,5.0,0.9615384615384615,False,False,,False,,False,,False
Randal Kolo Muani,2024-2025,16,13,1160,12.9,8,1,9,7,1,1,0,0,4.7,3.9,1.6,5.5,21,20,100,25,Juventus,FRA,FW,Forward,1,1,False,0.6201550387596899,0.07751937984496124,0.6976744186046512,0.3643410852713178,0.12403100775193798,0.3023255813953488,1.627906976744186,1.5503875968992247,7.751937984496124,False,False,,False,,False,,False
Raoul Bellanova,2024-2025,35,28,2489,27.7,0,9,9,0,0,0,3,0,1.1,1.1,4.8,5.8999999999999995,87,87,196,24,MULTI:Atalanta|Torino,ITA,DF,Defender,1,2,True,0.0,0.3249097472924188,0.3249097472924188,0.039711191335740074,0.17328519855595667,0.039711191335740074,3.140794223826715,3.140794223826715,7.075812274368231,False,False,,False,,False,,False
Rareș-Cătălin Burnete,2024-2025,4,0,28,0.3,0,0,0,0,0,0,0,0,0.1,0.1,0.0,0.1,0,0,4,20,Lecce,ROU,FW,Forward,1,1,False,0.0,0.0,0.0,0.33333333333333337,0.0,0.33333333333333337,0.0,0.0,13.333333333333334,True,False,,False,,False,,False
Razvan Sava,2024-2025,12,12,1080,12.0,0,0,0,0,0,0,1,0,0.0,0.0,0.0,0.0,0,0,0,22,Udinese,ROU,GK,Goalkeeper,1,1,False,0.0,0.0,0.0,0.0,0.0,0.0,0.0,0.0,0.0,False,False,,False,,False,,False
Reda Belahyane,2024-2025,28,18,1856,20.599999999999998,0,2,2,0,0,0,6,2,0.2,0.2,1.0,1.3,26,83,14,20,MULTI:Hellas Verona|Lazio,MAR,MF,Midfielder,1,2,True,0.0,0.09708737864077671,0.09708737864077671,0.00970873786407767,0.048543689320388356,0.00970873786407767,1.2621359223300972,4.029126213592233,0.6796116504854369,False,False,,False,,False,,False
Remi Oudin,2024-2025,11,3,299,3.3,0,0,0,0,0,0,1,0,0.1,0.1,0.6,0.7,2,13,16,27,Lecce,FRA,"MF,FW",Midfielder,2,1,False,0.0,0.0,0.0,0.030303030303030307,0.18181818181818182,0.030303030303030307,0.6060606060606061,3.9393939393939394,4.848484848484849,True,False,,False,,False,,False
Remo Freuler,2024-2025,37,37,3204,35.6,1,2,3,1,0,0,6,0,1.3,1.3,1.5,2.7,39,208,56,32,Bologna,SUI,MF,Midfielder,1,1,False,0.028089887640449437,0.056179775280898875,0.08426966292134831,0.03651685393258427,0.042134831460674156,0.03651685393258427,1.095505617977528,5.842696629213483,1.5730337078651684,False,False,,False,,False,,False
Renato Veiga,2024-2025,13,12,1093,12.1,0,1,1,0,0,0,2,0,1.0,1.0,0.1,1.1,9,40,0,21,Juventus,POR,DF,Defender,1,1,False,0.0,0.08264462809917356,0.08264462809917356,0.08264462809917356,0.008264462809917356,0.08264462809917356,0.7438016528925621,3.3057851239669422,0.0,False,False,,False,,False,,False
Riccardo Orsolini,2024-2025,30,23,1878,20.9,15,4,19,12,3,3,2,0,10.1,7.8,3.7,11.5,61,69,186,27,Bologna,ITA,FW,Forward,1,1,False,0.7177033492822967,0.19138755980861244,0.9090909090909092,0.48325358851674644,0.17703349282296652,0.37320574162679426,2.91866028708134,3.3014354066985647,8.89952153110048,False,False,,False,,False,,False
Riccardo Sottil,2024-2025,24,9,956,10.700000000000001,1,1,2,1,0,0,1,0,1.1,1.1,1.2,2.2,82,21,114,25,MULTI:Fiorentina|Milan,ITA,"FW,MF",Forward,2,2,True,0.09345794392523364,0.09345794392523364,0.18691588785046728,0.102803738317757,0.11214953271028036,0.102803738317757,7.663551401869158,1.9626168224299063,10.654205607476634,False,False,,False,,False,,False
Richie Sagrado,2024-2025,3,3,140,1.6,0,0,0,0,0,0,1,0,0.1,0.1,0.0,0.1,0,2,5,20,Venezia,BEL,DF,Defender,1,1,False,0.0,0.0,0.0,0.0625,0.0,0.0625,0.0,1.25,3.125,True,False,,False,,False,,False
Ridgeciano Haps,2024-2025,25,14,1369,15.2,1,1,2,1,0,0,3,0,1.2,1.2,0.7,1.9,26,52,47,31,Venezia,SUR,DF,Defender,1,1,False,0.06578947368421052,0.06578947368421052,0.13157894736842105,0.07894736842105263,0.046052631578947366,0.07894736842105263,1.7105263157894737,3.4210526315789473,3.0921052631578947,False,False,,False,,False,,False
Roberto Gagliardini,2024-2025,8,0,180,2.0,0,0,0,0,0,0,1,0,0.0,0.0,0.2,0.2,5,11,3,30,Monza,ITA,"MF,DF",Midfielder,2,1,False,0.0,0.0,0.0,0.0,0.1,0.0,2.5,5.5,1.5,True,False,,False,,False,,False
Roberto Piccoli,2024-2025,37,37,3127,34.7,10,1,11,9,1,1,6,0,12.7,12.0,0.9,12.9,30,37,165,23,Cagliari,ITA,FW,Forward,1,1,False,0.2881844380403458,0.02881844380403458,0.31700288184438036,0.3659942363112391,0.02593659942363112,0.34582132564841495,0.8645533141210374,1.0662824207492794,4.7550432276657055,False,False,,False,,False,,False
Robin Gosens,2024-2025,31,28,2434,27.0,5,5,10,5,0,0,6,0,1.8,1.8,2.4,4.1,31,102,91,30,Fiorentina,GER,DF,Defender,1,1,False,0.18518518518518517,0.18518518518518517,0.37037037037037035,0.06666666666666667,0.08888888888888889,0.06666666666666667,1.1481481481481481,3.7777777777777777,3.3703703703703702,False,False,,False,,False,,False
Rolando Mandragora,2024-2025,28,22,1856,20.6,4,2,6,3,1,1,7,0,2.7,1.9,4.8,6.6,11,92,34,27,Fiorentina,ITA,MF,Midfielder,1,1,False,0.1941747572815534,0.0970873786407767,0.2912621359223301,0.13106796116504854,0.23300970873786406,0.09223300970873785,0.5339805825242718,4.466019417475728,1.6504854368932038,False,False,,False,,False,,False
Romelu Lukaku,2024-2025,36,35,2843,31.6,14,10,24,11,3,4,4,0,13.0,9.8,4.0,13.8,31,36,219,31,Napoli,BEL,FW,Forward,1,1,False,0.4430379746835443,0.3164556962025316,0.7594936708860759,0.4113924050632911,0.12658227848101264,0.310126582278481,0.9810126582278481,1.1392405063291138,6.930379746835443,False,False,,False,,False,,False
Ruben Loftus-Cheek,2024-2025,19,10,1037,11.5,0,0,0,0,0,0,3,0,0.7,0.7,1.9,2.6,27,51,32,28,Milan,ENG,MF,Midfielder,1,1,False,0.0,0.0,0.0,0.0608695652173913,0.16521739130434782,0.0608695652173913,2.347826086956522,4.434782608695652,2.782608695652174,False,False,,False,,False,,False
Rui Modesto,2024-2025,20,4,608,6.8,0,1,1,0,0,0,1,0,0.5,0.5,0.8,1.3,16,22,43,24,Udinese,ANG,"DF,MF",Defender,2,1,False,0.0,0.14705882352941177,0.14705882352941177,0.07352941176470588,0.11764705882352942,0.07352941176470588,2.3529411764705883,3.235294117647059,6.323529411764706,False,False,,False,,False,,False
Rui Patrício,2024-2025,3,3,270,3.0,0,0,0,0,0,0,0,0,0.0,0.0,0.0,0.0,0,0,0,36,Atalanta,POR,GK,Goalkeeper,1,1,False,0.0,0.0,0.0,0.0,0.0,0.0,0.0,0.0,0.0,True,False,,False,,False,,False
Ruslan Malinovskyi,2024-2025,9,4,383,4.3,0,2,2,0,0,0,2,0,0.2,0.2,1.5,1.7,3,32,10,31,Genoa,UKR,"MF,FW",Midfielder,2,1,False,0.0,0.46511627906976744,0.46511627906976744,0.04651162790697675,0.3488372093023256,0.04651162790697675,0.6976744186046512,7.441860465116279,2.3255813953488373,True,False,,False,,False,,False
Răzvan Marin,2024-2025,33,13,1406,15.6,3,2,5,1,2,2,4,0,2.4,0.8,3.6,4.5,22,84,29,28,Cagliari,ROU,MF,Midfielder,1,1,False,0.19230769230769232,0.12820512820512822,0.32051282051282054,0.15384615384615385,0.23076923076923078,0.05128205128205129,1.4102564102564104,5.384615384615385,1.858974358974359,False,False,,False,,False,,False
Saad El Haddad,2024-2025,3,0,30,0.3,0,0,0,0,0,0,0,0,0.0,0.0,0.0,0.0,1,1,6,19,Venezia,MAR,MF,Midfielder,1,1,False,0.0,0.0,0.0,0.0,0.0,0.0,3.3333333333333335,3.3333333333333335,20.0,True,False,,False,,False,,False
Saba Goglichidze,2024-2025,33,29,2539,28.2,0,1,1,0,0,0,3,1,0.3,0.3,0.3,0.6,12,45,9,20,Empoli,GEO,DF,Defender,1,1,False,0.0,0.03546099290780142,0.03546099290780142,0.010638297872340425,0.010638297872340425,0.010638297872340425,0.425531914893617,1.5957446808510638,0.3191489361702128,False,False,,False,,False,,False
Saba Sazonov,2024-2025,1,0,3,0.0,0,0,0,0,0,0,0,0,0.0,0.0,0.0,0.0,0,0,0,22,Torino,GEO,DF,Defender,1,1,False,,,,,,,,,,True,False,,False,,False,,False
Sam Beukema,2024-2025,35,33,3012,33.5,0,1,1,0,0,0,1,0,1.5,1.5,0.9,2.4,27,153,9,25,Bologna,NED,DF,Defender,1,1,False,0.0,0.029850746268656716,0.029850746268656716,0.04477611940298507,0.026865671641791045,0.04477611940298507,0.8059701492537313,4.567164179104478,0.26865671641791045,False,False,,False,,False,,False
Samuel Chukwueze,2024-2025,26,9,925,10.3,3,2,5,3,0,0,0,0,2.7,2.7,3.0,5.7,48,36,116,25,Milan,NGA,"FW,MF",Forward,2,1,False,0.2912621359223301,0.1941747572815534,0.48543689320388345,0.2621359223300971,0.2912621359223301,0.2621359223300971,4.660194174757281,3.495145631067961,11.262135922330096,False,False,,False,,False,,False
Samuel Dahl,2024-2025,2,0,43,0.5,0,0,0,0,0,0,0,0,0.0,0.0,0.0,0.0,1,2,4,24,Roma,SWE,"DF,MF",Defender,2,1,False,0.0,0.0,0.0,0.0,0.0,0.0,2.0,4.0,8.0,True,False,,False,,False,,False
Samuel Gigot,2024-2025,15,7,683,7.6,2,0,2,2,0,0,2,0,1.3,1.3,0.0,1.3,7,12,5,30,Lazio,FRA,DF,Defender,1,1,False,0.2631578947368421,0.0,0.2631578947368421,0.17105263157894737,0.0,0.17105263157894737,0.9210526315789475,1.5789473684210527,0.6578947368421053,False,False,,False,,False,,False
Samuel Iling-Junior,2024-2025,7,0,118,1.3,1,0,1,1,0,0,0,0,0.1,0.1,0.1,0.3,5,7,27,20,Bologna,ENG,"FW,MF",Forward,2,1,False,0.7692307692307692,0.0,0.7692307692307692,0.07692307692307693,0.07692307692307693,0.07692307692307693,3.846153846153846,5.384615384615384,20.76923076923077,True,False,,False,,False,,False
Samuel Mbangula,2024-2025,23,7,709,7.9,3,3,6,3,0,0,1,0,0.6,0.6,1.4,2.0,25,17,44,20,Juventus,BEL,FW,Forward,1,1,False,0.37974683544303794,0.37974683544303794,0.7594936708860759,0.07594936708860758,0.1772151898734177,0.07594936708860758,3.1645569620253164,2.151898734177215,5.5696202531645564,False,False,,False,,False,,False
Samuele Birindelli,2024-2025,21,18,1468,16.3,3,0,3,3,0,0,2,0,2.1,2.1,1.4,3.5,40,35,100,25,Monza,ITA,"DF,MF",Defender,2,1,False,0.18404907975460122,0.0,0.18404907975460122,0.12883435582822086,0.08588957055214723,0.12883435582822086,2.4539877300613497,2.147239263803681,6.134969325153374,False,False,,False,,False,,False
Samuele Ricci,2024-2025,34,34,2825,31.4,1,1,2,1,0,0,8,1,1.3,1.3,0.6,1.8,43,116,30,22,Torino,ITA,MF,Midfielder,1,1,False,0.03184713375796178,0.03184713375796178,0.06369426751592357,0.04140127388535032,0.01910828025477707,0.04140127388535032,1.3694267515923568,3.694267515923567,0.9554140127388535,False,False,,False,,False,,False
Samuele Vignato,2024-2025,17,3,470,5.2,0,0,0,0,0,0,0,0,0.3,0.3,0.0,0.3,5,17,30,20,Monza,ITA,MF,Midfielder,1,1,False,0.0,0.0,0.0,0.05769230769230769,0.0,0.05769230769230769,0.9615384615384615,3.269230769230769,5.769230769230769,False,False,,False,,False,,False
Sandi Lovrić,2024-2025,36,31,2308,25.6,2,3,5,2,0,0,5,0,2.6,2.6,3.4,6.0,60,120,71,26,Udinese,SVN,MF,Midfielder,1,1,False,0.078125,0.1171875,0.1953125,0.1015625,0.1328125,0.1015625,2.34375,4.6875,2.7734375,False,False,,False,,False,,False
Santiago Castro,2024-2025,36,27,2294,25.5,8,4,12,8,0,1,7,0,7.7,6.9,2.9,9.8,17,39,136,19,Bologna,ARG,FW,Forward,1,1,False,0.3137254901960784,0.1568627450980392,0.47058823529411764,0.30196078431372547,0.11372549019607843,0.2705882352941177,0.6666666666666666,1.5294117647058822,5.333333333333333,False,False,,False,,False,,False
Santiago Giménez,2024-2025,14,7,669,7.4,5,2,7,5,0,1,3,1,4.8,4.0,0.9,4.9,13,6,38,23,Milan,MEX,FW,Forward,1,1,False,0.6756756756756757,0.27027027027027023,0.9459459459459459,0.6486486486486486,0.12162162162162161,0.5405405405405405,1.7567567567567566,0.8108108108108107,5.135135135135135,False,False,,False,,False,,False
Santiago Pierotti,2024-2025,36,22,1937,21.5,4,2,6,4,0,0,6,1,3.1,3.1,2.4,5.5,43,38,85,23,Lecce,ARG,FW,Forward,1,1,False,0.18604651162790697,0.09302325581395349,0.27906976744186046,0.14418604651162792,0.11162790697674418,0.14418604651162792,2.0,1.7674418604651163,3.953488372093023,False,False,,False,,False,,False
Saud Abdulhamid,2024-2025,4,2,205,2.3,0,1,1,0,0,0,0,0,0.0,0.0,0.2,0.2,6,9,26,25,Roma,KSA,DF,Defender,1,1,False,0.0,0.4347826086956522,0.4347826086956522,0.0,0.08695652173913045,0.0,2.608695652173913,3.91304347826087,11.304347826086957,True,False,,False,,False,,False
Saúl Coco,2024-2025,32,32,2845,31.6,2,0,2,2,0,0,10,0,1.2,1.2,0.0,1.2,17,70,3,25,Torino,EQG,DF,Defender,1,1,False,0.06329113924050632,0.0,0.06329113924050632,0.03797468354430379,0.0,0.03797468354430379,0.5379746835443038,2.2151898734177213,0.09493670886075949,False,False,,False,,False,,False
Scott McTominay,2024-2025,34,33,2938,32.6,12,4,16,12,0,0,3,0,7.4,7.4,2.7,10.1,56,112,131,27,Napoli,SCO,MF,Midfielder,1,1,False,0.36809815950920244,0.12269938650306748,0.49079754601226994,0.22699386503067484,0.08282208588957056,0.22699386503067484,1.7177914110429446,3.4355828220858893,4.01840490797546,False,False,,False,,False,,False
Sead Kolašinac,2024-2025,23,23,1903,21.1,0,2,2,0,0,0,7,0,0.8,0.8,1.8,2.6,52,142,47,31,Atalanta,BIH,DF,Defender,1,1,False,0.0,0.0947867298578199,0.0947867298578199,0.037914691943127965,0.08530805687203791,0.037914691943127965,2.4644549763033172,6.729857819905213,2.2274881516587675,False,False,,False,,False,,False
Sebastian Otoa,2024-2025,3,3,179,2.0,0,0,0,0,0,0,1,1,0.0,0.0,0.0,0.0,0,0,0,20,Genoa,DEN,DF,Defender,1,1,False,0.0,0.0,0.0,0.0,0.0,0.0,0.0,0.0,0.0,True,False,,False,,False,,False
Sebastian Walukiewicz,2024-2025,31,22,1841,20.5,0,0,0,0,0,0,6,0,0.4,0.4,0.4,0.7999999999999999,27,88,34,24,MULTI:Empoli|Torino,POL,DF,Defender,1,2,True,0.0,0.0,0.0,0.01951219512195122,0.01951219512195122,0.01951219512195122,1.3170731707317074,4.2926829268292686,1.6585365853658536,False,False,,False,,False,,False
Sebastiano Esposito,2024-2025,33,27,2331,25.9,8,0,8,7,1,2,1,0,5.7,4.2,2.1,6.3,31,93,106,22,Empoli,ITA,"FW,MF",Forward,2,1,False,0.3088803088803089,0.0,0.3088803088803089,0.2200772200772201,0.08108108108108109,0.16216216216216217,1.196911196911197,3.590733590733591,4.0926640926640925,False,False,,False,,False,,False
Sebastiano Luperto,2024-2025,36,36,3240,36.0,1,3,4,1,0,0,4,0,2.2,2.2,1.3,3.4,22,96,11,27,Cagliari,ITA,DF,Defender,1,1,False,0.027777777777777776,0.08333333333333333,0.1111111111111111,0.061111111111111116,0.036111111111111115,0.061111111111111116,0.6111111111111112,2.6666666666666665,0.3055555555555556,False,False,,False,,False,,False
Semuel Pizzignacco,2024-2025,9,8,736,8.2,0,0,0,0,0,0,0,0,0.0,0.0,0.0,0.0,0,0,0,22,Monza,ITA,GK,Goalkeeper,1,1,False,0.0,0.0,0.0,0.0,0.0,0.0,0.0,0.0,0.0,False,False,,False,,False,,False
Sergi Roberto,2024-2025,13,8,696,7.7,0,1,1,0,0,0,4,0,0.7,0.7,0.7,1.4,10,36,19,32,Como,ESP,MF,Midfielder,1,1,False,0.0,0.12987012987012986,0.12987012987012986,0.0909090909090909,0.0909090909090909,0.0909090909090909,1.2987012987012987,4.675324675324675,2.4675324675324677,False,False,,False,,False,,False
Sergiu Perciun,2024-2025,5,0,152,1.7,0,0,0,0,0,0,0,0,0.0,0.0,0.1,0.2,2,4,12,18,Torino,MDA,"FW,MF",Forward,2,1,False,0.0,0.0,0.0,0.0,0.05882352941176471,0.0,1.1764705882352942,2.3529411764705883,7.0588235294117645,True,False,,False,,False,,False
Silvère Ganvoula M'Boussy,2024-2025,7,4,326,3.6,0,0,0,0,0,0,0,0,0.4,0.4,0.2,0.6,3,4,21,28,Monza,CGO,FW,Forward,1,1,False,0.0,0.0,0.0,0.11111111111111112,0.05555555555555556,0.11111111111111112,0.8333333333333333,1.1111111111111112,5.833333333333333,True,False,,False,,False,,False
Simon Sohm,2024-2025,37,36,2989,33.2,4,0,4,4,0,0,6,0,3.1,3.1,2.1,5.2,69,140,67,23,Parma,SUI,MF,Midfielder,1,1,False,0.12048192771084336,0.0,0.12048192771084336,0.09337349397590361,0.06325301204819277,0.09337349397590361,2.078313253012048,4.216867469879518,2.0180722891566263,False,False,,False,,False,,False
Simone Pafundi,2024-2025,9,0,116,1.3,0,0,0,0,0,0,0,0,0.1,0.1,0.7,0.7,3,0,7,18,Udinese,ITA,"MF,DF",Midfielder,2,1,False,0.0,0.0,0.0,0.07692307692307693,0.5384615384615384,0.07692307692307693,2.3076923076923075,0.0,5.384615384615384,True,False,,False,,False,,False
Simone Perilli,2024-2025,2,2,180,2.0,0,0,0,0,0,0,0,0,0.0,0.0,0.0,0.0,0,0,0,29,Hellas Verona,ITA,GK,Goalkeeper,1,1,False,0.0,0.0,0.0,0.0,0.0,0.0,0.0,0.0,0.0,True,False,,False,,False,,False
Simone Scuffet,2024-2025,14,14,1260,14.0,0,0,0,0,0,0,0,0,0.0,0.0,0.0,0.0,0,0,0,28,MULTI:Cagliari|Napoli,ITA,GK,Goalkeeper,1,2,True,0.0,0.0,0.0,0.0,0.0,0.0,0.0,0.0,0.0,False,False,,False,,False,,False
Simone Verdi,2024-2025,9,0,115,1.3,0,0,0,0,0,0,1,0,0.1,0.1,0.5,0.6,3,5,13,32,Como,ITA,"MF,FW",Midfielder,2,1,False,0.0,0.0,0.0,0.07692307692307693,0.3846153846153846,0.07692307692307693,2.3076923076923075,3.846153846153846,10.0,True,False,,False,,False,,False
Sofyan Amrabat,2024-2025,2,2,180,2.0,0,0,0,0,0,0,0,0,0.0,0.0,0.1,0.1,2,14,1,27,Fiorentina,MAR,MF,Midfielder,1,1,False,0.0,0.0,0.0,0.0,0.05,0.0,1.0,7.0,0.5,True,False,,False,,False,,False
Souleymane Touré,2024-2025,12,11,733,8.1,1,0,1,1,0,0,2,2,0.4,0.4,0.0,0.4,6,26,3,21,Udinese,FRA,DF,Defender,1,1,False,0.1234567901234568,0.0,0.1234567901234568,0.04938271604938272,0.0,0.04938271604938272,0.7407407407407408,3.2098765432098766,0.3703703703703704,False,False,,False,,False,,False
Stanislav Lobotka,2024-2025,32,31,2636,29.3,0,1,1,0,0,0,3,0,0.3,0.3,1.2,1.5,30,118,32,29,Napoli,SVK,MF,Midfielder,1,1,False,0.0,0.034129692832764506,0.034129692832764506,0.010238907849829351,0.040955631399317405,0.010238907849829351,1.023890784982935,4.027303754266211,1.0921501706484642,False,False,,False,,False,,False
Stefan Lekovic,2024-2025,7,3,367,4.1,0,0,0,0,0,0,0,0,0.1,0.1,0.0,0.1,4,15,2,20,Monza,SRB,DF,Defender,1,1,False,0.0,0.0,0.0,0.02439024390243903,0.0,0.02439024390243903,0.9756097560975611,3.658536585365854,0.48780487804878053,True,False,,False,,False,,False
Stefan Posch,2024-2025,19,11,1101,12.2,0,0,0,0,0,0,1,0,0.5,0.5,0.7,1.2,16,59,40,27,MULTI:Atalanta|Bologna,AUT,DF,Defender,1,2,True,0.0,0.0,0.0,0.04098360655737705,0.05737704918032787,0.04098360655737705,1.3114754098360657,4.836065573770492,3.278688524590164,False,False,,False,,False,,False
Stefan de Vrij,2024-2025,25,17,1636,18.2,3,0,3,3,0,0,2,0,1.1,1.1,0.0,1.1,11,76,5,32,Inter,NED,DF,Defender,1,1,False,0.16483516483516483,0.0,0.16483516483516483,0.06043956043956045,0.0,0.06043956043956045,0.6043956043956045,4.175824175824176,0.27472527472527475,False,True,,False,,False,,False
Stefano Sabelli,2024-2025,34,23,2058,22.9,0,2,2,0,0,0,3,0,0.1,0.1,1.9,2.1,36,88,43,31,Genoa,ITA,DF,Defender,1,1,False,0.0,0.08733624454148473,0.08733624454148473,0.0043668122270742364,0.08296943231441048,0.0043668122270742364,1.572052401746725,3.8427947598253276,1.8777292576419216,False,False,,False,,False,,False
Stefano Sensi,2024-2025,12,2,274,3.0,1,0,1,0,1,1,0,0,0.9,0.2,0.2,0.4,4,38,8,28,Monza,ITA,MF,Midfielder,1,1,False,0.3333333333333333,0.0,0.3333333333333333,0.3,0.06666666666666667,0.06666666666666667,1.3333333333333333,12.666666666666666,2.6666666666666665,True,False,,False,,False,,False
Stefano Turati,2024-2025,30,30,2676,29.7,0,0,0,0,0,0,1,0,0.0,0.0,0.0,0.0,0,0,0,22,Monza,ITA,GK,Goalkeeper,1,1,False,0.0,0.0,0.0,0.0,0.0,0.0,0.0,0.0,0.0,False,False,,False,,False,,False
Stephan El Shaarawy,2024-2025,31,12,1098,12.2,3,4,7,3,0,0,2,0,2.7,2.7,1.2,3.9,42,49,77,31,Roma,ITA,"DF,MF",Defender,2,1,False,0.24590163934426232,0.3278688524590164,0.5737704918032788,0.2213114754098361,0.09836065573770492,0.2213114754098361,3.4426229508196724,4.016393442622951,6.311475409836066,False,False,,False,,False,,False
Strahinja Pavlović,2024-2025,24,21,1864,20.7,2,1,3,2,0,0,3,1,1.8,1.8,1.1,2.9,40,94,10,23,Milan,SRB,DF,Defender,1,1,False,0.0966183574879227,0.04830917874396135,0.14492753623188406,0.08695652173913045,0.053140096618357495,0.08695652173913045,1.9323671497584543,4.541062801932367,0.48309178743961356,False,False,,False,,False,,False
Suat Serdar,2024-2025,22,16,1376,15.3,2,1,3,2,0,0,4,1,1.9,1.9,1.0,2.9,18,56,35,27,Hellas Verona,GER,MF,Midfielder,1,1,False,0.13071895424836602,0.06535947712418301,0.19607843137254902,0.1241830065359477,0.06535947712418301,0.1241830065359477,1.1764705882352942,3.6601307189542482,2.287581699346405,False,False,,False,,False,,False
Szymon Żurkowski,2024-2025,5,0,106,1.2,0,0,0,0,0,0,0,0,0.1,0.1,0.0,0.1,1,1,3,26,Empoli,POL,MF,Midfielder,1,1,False,0.0,0.0,0.0,0.08333333333333334,0.0,0.08333333333333334,0.8333333333333334,0.8333333333333334,2.5,True,False,,False,,False,,False
Tajon Buchanan,2024-2025,6,0,95,1.1,0,0,0,0,0,0,0,0,0.0,0.0,0.1,0.1,6,2,8,25,Inter,CAN,"DF,FW",Defender,2,1,False,0.0,0.0,0.0,0.0,0.09090909090909091,0.0,5.454545454545454,1.8181818181818181,7.2727272727272725,True,True,,False,,False,,False
Tammy Abraham,2024-2025,29,12,1184,13.1,3,4,7,2,1,2,1,0,7.1,5.4,2.2,7.6,8,27,71,26,MULTI:Milan|Roma,ENG,FW,Forward,1,2,True,0.22900763358778625,0.3053435114503817,0.5343511450381679,0.5419847328244275,0.16793893129770995,0.4122137404580153,0.6106870229007634,2.0610687022900764,5.419847328244275,False,False,,False,,False,,False
Tete Morente,2024-2025,31,23,2021,22.5,3,2,5,3,0,0,5,0,2.9,2.9,1.6,4.5,48,102,144,27,Lecce,ESP,"FW,MF",Forward,2,1,False,0.13333333333333333,0.08888888888888889,0.2222222222222222,0.1288888888888889,0.07111111111111111,0.1288888888888889,2.1333333333333333,4.533333333333333,6.4,False,False,,False,,False,,False
Teun Koopmeiners,2024-2025,28,23,1994,22.2,3,3,6,3,0,0,3,0,3.9,3.9,2.9,6.8,32,89,127,26,Juventus,NED,"MF,FW",Midfielder,2,1,False,0.13513513513513514,0.13513513513513514,0.2702702702702703,0.17567567567567569,0.13063063063063063,0.17567567567567569,1.4414414414414416,4.009009009009009,5.7207207207207205,False,False,,False,,False,,False
Theo Hernández,2024-2025,33,30,2696,30.0,4,3,7,4,0,1,4,1,2.7,1.9,4.7,6.6,93,132,148,26,Milan,FRA,DF,Defender,1,1,False,0.13333333333333333,0.1,0.23333333333333334,0.09000000000000001,0.15666666666666668,0.06333333333333332,3.1,4.4,4.933333333333334,False,False,,False,,False,,False
Thijs Dallinga,2024-2025,31,11,1154,12.8,3,2,5,3,0,0,1,0,4.3,4.3,0.6,4.9,9,17,84,23,Bologna,NED,FW,Forward,1,1,False,0.234375,0.15625,0.390625,0.33593749999999994,0.04687499999999999,0.33593749999999994,0.703125,1.328125,6.5625,False,False,,False,,False,,False
Thomas Campaniello,2024-2025,3,0,25,0.3,0,0,0,0,0,0,0,0,0.5,0.5,0.0,0.5,0,0,6,16,Empoli,ITA,FW,Forward,1,1,False,0.0,0.0,0.0,1.6666666666666667,0.0,1.6666666666666667,0.0,0.0,20.0,True,False,,False,,False,,False
Thomas Kristensen,2024-2025,24,19,1754,19.5,1,0,1,1,0,0,5,0,0.9,0.9,0.3,1.2,19,76,19,22,Udinese,DEN,DF,Defender,1,1,False,0.05128205128205128,0.0,0.05128205128205128,0.046153846153846156,0.015384615384615384,0.046153846153846156,0.9743589743589743,3.8974358974358974,0.9743589743589743,False,False,,False,,False,,False
Tiago Gabriel,2024-2025,2,0,96,1.1,0,0,0,0,0,0,0,0,0.0,0.0,0.0,0.0,0,1,0,19,Lecce,POR,DF,Defender,1,1,False,0.0,0.0,0.0,0.0,0.0,0.0,0.0,0.9090909090909091,0.0,True,False,,False,,False,,False
Tijjani Noslin,2024-2025,30,8,861,9.6,2,2,4,2,0,0,2,0,2.0,2.0,1.6,3.6,13,16,56,25,Lazio,NED,"FW,MF",Forward,2,1,False,0.20833333333333334,0.20833333333333334,0.4166666666666667,0.20833333333333334,0.16666666666666669,0.20833333333333334,1.3541666666666667,1.6666666666666667,5.833333333333334,False,False,,False,,False,,False
Tijjani Reijnders,2024-2025,37,36,3128,34.8,10,4,14,10,0,0,2,1,7.5,7.5,3.5,11.0,111,230,121,26,Milan,NED,MF,Midfielder,1,1,False,0.2873563218390805,0.1149425287356322,0.40229885057471265,0.21551724137931036,0.10057471264367816,0.21551724137931036,3.189655172413793,6.609195402298851,3.477011494252874,False,False,,False,,False,,False
Timothy Weah,2024-2025,30,18,1638,18.2,5,2,7,5,0,0,4,0,3.4,3.4,1.6,5.1,45,56,120,24,Juventus,USA,"DF,FW",Defender,2,1,False,0.27472527472527475,0.10989010989010989,0.38461538461538464,0.18681318681318682,0.08791208791208792,0.18681318681318682,2.4725274725274726,3.076923076923077,6.593406593406594,False,False,,False,,False,,False
Tommaso Augello,2024-2025,38,30,2713,30.1,0,7,7,0,0,0,3,0,0.3,0.3,4.6,4.9,58,118,113,29,Cagliari,ITA,DF,Defender,1,1,False,0.0,0.23255813953488372,0.23255813953488372,0.009966777408637873,0.1528239202657807,0.009966777408637873,1.9269102990033222,3.920265780730897,3.7541528239202657,False,False,,False,,False,,False
Tommaso Baldanzi,2024-2025,31,5,832,9.2,1,1,2,1,0,0,2,0,1.4,1.4,1.0,2.4,39,23,57,21,Roma,ITA,"MF,FW",Midfielder,2,1,False,0.10869565217391305,0.10869565217391305,0.2173913043478261,0.15217391304347827,0.10869565217391305,0.15217391304347827,4.239130434782609,2.5,6.195652173913044,False,False,,False,,False,,False
Tommaso Gabellini,2024-2025,1,0,10,0.1,0,0,0,0,0,0,0,0,0.1,0.1,0.0,0.1,1,0,0,17,Torino,ITA,FW,Forward,1,1,False,0.0,0.0,0.0,1.0,0.0,1.0,10.0,0.0,0.0,True,False,,False,,False,,False
Tommaso Pobega,2024-2025,21,13,1178,13.1,2,2,4,2,0,0,6,2,2.1,2.0,1.4,3.4,12,42,23,25,Bologna,ITA,MF,Midfielder,1,1,False,0.15267175572519084,0.15267175572519084,0.3053435114503817,0.1603053435114504,0.10687022900763359,0.15267175572519084,0.916030534351145,3.2061068702290076,1.7557251908396947,False,False,,False,,False,,False
Tommaso Rubino,2024-2025,1,0,8,0.1,0,0,0,0,0,0,0,0,0.0,0.0,0.0,0.0,0,1,0,17,Fiorentina,ITA,MF,Midfielder,1,1,False,0.0,0.0,0.0,0.0,0.0,0.0,0.0,10.0,0.0,True,False,,False,,False,,False
Tomás Palacios,2024-2025,10,5,457,5.1,0,0,0,0,0,0,2,0,0.0,0.0,0.0,0.0,3,24,2,21,MULTI:Inter|Monza,ARG,DF,Defender,1,2,True,0.0,0.0,0.0,0.0,0.0,0.0,0.5882352941176471,4.705882352941177,0.3921568627450981,False,True,,False,,False,,False
Tomáš Suslov,2024-2025,31,27,2080,23.1,0,1,1,0,0,0,7,1,1.6,1.6,1.9,3.5,39,82,77,22,Hellas Verona,SVK,"MF,FW",Midfielder,2,1,False,0.0,0.04329004329004329,0.04329004329004329,0.06926406926406926,0.08225108225108224,0.06926406926406926,1.6883116883116882,3.5497835497835495,3.333333333333333,False,False,,False,,False,,False
Tyronne Ebuehi,2024-2025,4,0,74,0.8,0,0,0,0,0,0,0,0,0.0,0.0,0.0,0.0,3,4,3,28,Empoli,NGA,"DF,MF",Defender,2,1,False,0.0,0.0,0.0,0.0,0.0,0.0,3.75,5.0,3.75,True,False,,False,,False,,False
Valentin Gendrey,2024-2025,2,2,180,2.0,0,0,0,0,0,0,0,0,0.2,0.2,0.1,0.3,7,5,4,24,Lecce,FRA,DF,Defender,1,1,False,0.0,0.0,0.0,0.1,0.05,0.1,3.5,2.5,2.0,True,False,,False,,False,,False
Valentin Mihaila,2024-2025,21,16,1288,14.3,0,3,3,0,0,0,2,0,2.4,2.4,1.2,3.6,25,41,72,24,Parma,ROU,"FW,MF",Forward,2,1,False,0.0,0.2097902097902098,0.2097902097902098,0.1678321678321678,0.0839160839160839,0.1678321678321678,1.7482517482517481,2.867132867132867,5.034965034965035,False,False,,False,,False,,False
Valentino Lazaro,2024-2025,33,26,2307,25.6,0,6,6,0,0,0,6,0,1.0,1.0,3.3,4.4,35,76,131,28,Torino,AUT,"DF,FW",Defender,2,1,False,0.0,0.234375,0.234375,0.0390625,0.12890624999999997,0.0390625,1.3671875,2.96875,5.1171875,False,False,,False,,False,,False
Valentín Castellanos,2024-2025,29,28,2384,26.5,10,3,13,8,2,3,9,1,13.4,11.3,3.6,14.9,27,66,149,25,Lazio,ARG,FW,Forward,1,1,False,0.37735849056603776,0.11320754716981132,0.49056603773584906,0.5056603773584906,0.13584905660377358,0.42641509433962266,1.0188679245283019,2.490566037735849,5.622641509433962,False,False,,False,,False,,False
Vanja Milinković-Savić,2024-2025,37,37,3330,37.0,0,0,0,0,0,0,3,0,0.0,0.0,0.1,0.1,0,0,0,27,Torino,SRB,GK,Goalkeeper,1,1,False,0.0,0.0,0.0,0.0,0.002702702702702703,0.0,0.0,0.0,0.0,False,False,,False,,False,,False
Vanja Vlahović,2024-2025,3,0,60,0.7,0,0,0,0,0,0,0,0,0.2,0.2,0.1,0.3,0,0,5,20,Atalanta,SRB,"FW,MF",Forward,2,1,False,0.0,0.0,0.0,0.28571428571428575,0.14285714285714288,0.28571428571428575,0.0,0.0,7.142857142857143,True,False,,False,,False,,False
Vasilije Adžić,2024-2025,6,0,42,0.5,0,0,0,0,0,0,0,0,0.0,0.0,0.0,0.0,0,1,3,18,Juventus,MNE,"MF,FW",Midfielder,2,1,False,0.0,0.0,0.0,0.0,0.0,0.0,0.0,2.0,6.0,True,False,,False,,False,,False
Victor Nelsson,2024-2025,4,1,187,2.1,0,0,0,0,0,0,0,0,0.0,0.0,0.0,0.0,0,4,0,25,Roma,DEN,DF,Defender,1,1,False,0.0,0.0,0.0,0.0,0.0,0.0,0.0,1.9047619047619047,0.0,True,False,,False,,False,,False
Viktor Kovalenko,2024-2025,6,0,77,0.9,0,0,0,0,0,0,0,0,0.1,0.1,0.0,0.1,1,4,3,28,Empoli,UKR,MF,Midfielder,1,1,False,0.0,0.0,0.0,0.11111111111111112,0.0,0.11111111111111112,1.1111111111111112,4.444444444444445,3.333333333333333,True,False,,False,,False,,False
Vitinha,2024-2025,25,16,1328,14.8,2,3,5,2,0,0,2,0,1.6,1.6,3.3,5.0,38,19,71,24,Genoa,POR,"FW,MF",Forward,2,1,False,0.13513513513513511,0.2027027027027027,0.33783783783783783,0.10810810810810811,0.22297297297297294,0.10810810810810811,2.5675675675675675,1.2837837837837838,4.797297297297297,False,False,,False,,False,,False
Walid Cheddira,2024-2025,1,0,12,0.1,0,0,0,0,0,0,0,0,0.0,0.0,0.0,0.0,0,1,1,26,Napoli,MAR,FW,Forward,1,1,False,0.0,0.0,0.0,0.0,0.0,0.0,0.0,10.0,10.0,True,False,,False,,False,,False
Warren Bondo,2024-2025,24,22,1780,19.8,0,0,0,0,0,0,6,1,0.4,0.4,0.4,0.7999999999999999,27,46,21,20,MULTI:Milan|Monza,FRA,MF,Midfielder,1,2,True,0.0,0.0,0.0,0.020202020202020204,0.020202020202020204,0.020202020202020204,1.3636363636363635,2.323232323232323,1.0606060606060606,False,False,,False,,False,,False
Weston McKennie,2024-2025,32,27,2310,25.7,2,4,6,2,0,0,3,0,2.9,2.9,3.6,6.5,28,101,153,25,Juventus,USA,"MF,DF",Midfielder,2,1,False,0.07782101167315175,0.1556420233463035,0.23346303501945526,0.11284046692607004,0.14007782101167315,0.11284046692607004,1.0894941634241246,3.9299610894941637,5.953307392996109,False,False,,False,,False,,False
Wladimiro Falcone,2024-2025,38,38,3420,38.0,0,0,0,0,0,0,2,0,0.0,0.0,0.0,0.0,0,0,0,29,Lecce,ITA,GK,Goalkeeper,1,1,False,0.0,0.0,0.0,0.0,0.0,0.0,0.0,0.0,0.0,False,False,,False,,False,,False
Woyo Coulibaly,2024-2025,14,12,1084,12.0,0,1,1,0,0,0,1,1,0.1,0.1,0.9,1.1,36,41,23,25,Parma,MLI,DF,Defender,1,1,False,0.0,0.08333333333333333,0.08333333333333333,0.008333333333333333,0.075,0.008333333333333333,3.0,3.4166666666666665,1.9166666666666667,False,False,,False,,False,,False
Wylan Cyprien,2024-2025,2,0,28,0.3,0,0,0,0,0,0,0,0,0.2,0.2,0.0,0.2,1,2,0,29,Parma,FRA,MF,Midfielder,1,1,False,0.0,0.0,0.0,0.6666666666666667,0.0,0.6666666666666667,3.3333333333333335,6.666666666666667,0.0,True,False,,False,,False,,False
Yacine Adli,2024-2025,25,14,1219,13.5,4,6,10,4,0,0,3,1,1.0,1.0,2.4,3.4,24,103,30,24,Fiorentina,FRA,MF,Midfielder,1,1,False,0.2962962962962963,0.4444444444444444,0.7407407407407407,0.07407407407407407,0.17777777777777778,0.07407407407407407,1.7777777777777777,7.62962962962963,2.2222222222222223,False,False,,False,,False,,False
Yann Aurel Bisseck,2024-2025,26,16,1553,17.3,3,2,5,3,0,0,4,0,2.6,2.6,0.9,3.4,32,93,44,23,Inter,GER,DF,Defender,1,1,False,0.17341040462427745,0.11560693641618497,0.2890173410404624,0.15028901734104047,0.05202312138728324,0.15028901734104047,1.8497109826589595,5.375722543352601,2.5433526011560694,False,True,,False,,False,,False
Yann Karamoh,2024-2025,29,10,1046,11.6,0,1,1,0,0,0,2,0,1.2,1.2,0.9,2.2,37,28,80,26,Torino,FRA,"MF,FW",Midfielder,2,1,False,0.0,0.08620689655172414,0.08620689655172414,0.10344827586206896,0.07758620689655173,0.10344827586206896,3.189655172413793,2.413793103448276,6.8965517241379315,False,False,,False,,False,,False
Yann Sommer,2024-2025,32,32,2880,32.0,0,0,0,0,0,0,0,0,0.0,0.0,0.0,0.0,0,1,0,35,Inter,SUI,GK,Goalkeeper,1,1,False,0.0,0.0,0.0,0.0,0.0,0.0,0.0,0.03125,0.0,False,True,,False,,False,,False
Yannik Engelhardt,2024-2025,26,11,1164,12.9,1,1,2,1,0,0,4,0,0.6,0.6,1.5,2.0,18,54,18,23,Como,GER,"MF,DF",Midfielder,2,1,False,0.07751937984496124,0.07751937984496124,0.15503875968992248,0.046511627906976744,0.11627906976744186,0.046511627906976744,1.3953488372093024,4.186046511627906,1.3953488372093024,False,False,,False,,False,,False
Yerry Mina,2024-2025,31,31,2569,28.5,1,0,1,1,0,0,6,1,2.3,2.3,0.3,2.6,17,76,9,29,Cagliari,COL,DF,Defender,1,1,False,0.03508771929824561,0.0,0.03508771929824561,0.0807017543859649,0.010526315789473684,0.0807017543859649,0.5964912280701754,2.6666666666666665,0.3157894736842105,False,False,,False,,False,,False
Ylber Ramadani,2024-2025,29,21,1807,20.1,1,1,2,1,0,0,4,0,0.6,0.6,1.1,1.7,9,60,7,28,Lecce,ALB,MF,Midfielder,1,1,False,0.04975124378109452,0.04975124378109452,0.09950248756218905,0.029850746268656712,0.05472636815920398,0.029850746268656712,0.4477611940298507,2.9850746268656714,0.34825870646766166,False,False,,False,,False,,False
Yllan Okou,2024-2025,1,0,2,0.0,0,0,0,0,0,0,0,0,0.0,0.0,0.0,0.0,0,0,0,21,Hellas Verona,FRA,DF,Defender,1,1,False,,,,,,,,,,True,False,,False,,False,,False
Yordan Osorio,2024-2025,3,2,172,1.9,0,0,0,0,0,0,0,0,0.0,0.0,0.1,0.1,1,3,0,30,Parma,VEN,DF,Defender,1,1,False,0.0,0.0,0.0,0.0,0.052631578947368425,0.0,0.5263157894736842,1.5789473684210527,0.0,True,False,,False,,False,,False
Youssef Maleh,2024-2025,22,17,1510,16.8,0,1,1,0,0,0,5,1,0.9,0.9,0.9,1.8,10,72,37,25,Empoli,MAR,MF,Midfielder,1,1,False,0.0,0.05952380952380952,0.05952380952380952,0.05357142857142857,0.05357142857142857,0.05357142857142857,0.5952380952380952,4.285714285714286,2.202380952380952,False,False,,False,,False,,False
Youssouf Fofana,2024-2025,35,29,2504,27.8,1,6,7,1,0,0,5,0,1.3,1.3,3.4,4.7,44,176,32,25,Milan,FRA,MF,Midfielder,1,1,False,0.03597122302158273,0.2158273381294964,0.2517985611510791,0.046762589928057555,0.12230215827338128,0.046762589928057555,1.5827338129496402,6.330935251798561,1.1510791366906474,False,False,,False,,False,,False
Yunus Musah,2024-2025,29,19,1571,17.5,0,2,2,0,0,0,5,0,1.9,1.9,1.8,3.8,51,84,74,21,Milan,USA,"MF,FW",Midfielder,2,1,False,0.0,0.11428571428571428,0.11428571428571428,0.10857142857142857,0.10285714285714286,0.10857142857142857,2.914285714285714,4.8,4.228571428571429,False,False,,False,,False,,False
Zeki Çelik,2024-2025,31,27,2256,25.1,0,2,2,0,0,0,5,0,0.6,0.6,1.6,2.2,28,106,93,27,Roma,TUR,DF,Defender,1,1,False,0.0,0.0796812749003984,0.0796812749003984,0.023904382470119518,0.06374501992031872,0.023904382470119518,1.1155378486055776,4.223107569721115,3.7051792828685257,False,False,,False,,False,,False
Zion Suzuki,2024-2025,37,37,3314,36.8,0,0,0,0,0,0,2,1,0.0,0.0,0.0,0.0,0,0,0,21,Parma,JPN,GK,Goalkeeper,1,1,False,0.0,0.0,0.0,0.0,0.0,0.0,0.0,0.0,0.0,False,False,,False,,False,,False
Zito Luvumbo,2024-2025,26,19,1606,17.8,2,2,4,2,0,0,2,0,2.1,2.1,3.1,5.2,70,31,125,22,Cagliari,ANG,"FW,MF",Forward,2,1,False,0.11235955056179775,0.11235955056179775,0.2247191011235955,0.11797752808988764,0.17415730337078653,0.11797752808988764,3.932584269662921,1.7415730337078652,7.022471910112359,False,False,,False,,False,,False
Álex Valle,2024-2025,15,12,1030,11.4,0,0,0,0,0,0,2,0,0.3,0.3,0.7,1.0,19,44,30,20,Como,ESP,DF,Defender,1,1,False,0.0,0.0,0.0,0.02631578947368421,0.06140350877192982,0.02631578947368421,1.6666666666666665,3.8596491228070176,2.631578947368421,False,False,,False,,False,,False
Álvaro Morata,2024-2025,16,13,1099,12.2,5,0,5,5,0,0,5,0,3.9,3.9,0.8,4.7,18,26,63,31,Milan,ESP,"FW,MF",Forward,2,1,False,0.4098360655737705,0.0,0.4098360655737705,0.319672131147541,0.06557377049180328,0.319672131147541,1.4754098360655739,2.1311475409836067,5.163934426229509,False,False,,False,,False,,False
Éderson,2024-2025,37,32,2881,32.0,4,1,5,4,0,0,5,1,4.1,4.1,4.3,8.4,40,216,79,25,Atalanta,BRA,MF,Midfielder,1,1,False,0.125,0.03125,0.15625,0.128125,0.134375,0.128125,1.25,6.75,2.46875,False,False,,False,,False,,False
Þórir Jóhann Helgason,2024-2025,21,13,1156,12.8,0,4,4,0,0,0,0,0,1.2,1.2,1.1,2.3,20,38,58,23,Lecce,ISL,MF,Midfielder,1,1,False,0.0,0.3125,0.3125,0.09374999999999999,0.0859375,0.09374999999999999,1.5625,2.96875,4.53125,False,False,,False,,False,,False
Łukasz Skorupski,2024-2025,27,27,2364,26.3,0,0,0,0,0,0,1,0,0.0,0.0,0.0,0.0,0,0,0,33,Bologna,POL,GK,Goalkeeper,1,1,False,0.0,0.0,0.0,0.0,0.0,0.0,0.0,0.0,0.0,False,False,,False,,False,,False
