player_name,season,MP,Starts,Min,90s,Gls,Ast,G_plus_A,G_minus_PK,PK,PKatt,CrdY,CrdR,xG,npxG,xAG,npxG_plus_xAG,PrgC,PrgP,PrgR,age,team,nation,positions_all,primary_position,n_positions,n_source_rows,transferred_midseason,Gls_per90,Ast_per90,GA_per90,xG_per90,xAG_per90,npxG_per90,PrgC_per90,PrgP_per90,PrgR_per90,is_low_sample,is_inter,contract_years_left,is_loan,contract_raw,has_contract_info,departed,has_departure_label
Abdelhamid Sabiri,2022-2023,18,12,1069,11.9,2,0,2,1,1,2,5,0,3.0,1.4,1.4,2.8,7,49,54,25,Sampdoria,MAR,"MF,FW",Midfielder,2,1,False,0.1680672268907563,0.0,0.1680672268907563,0.25210084033613445,0.1176470588235294,0.1176470588235294,0.5882352941176471,4.117647058823529,4.53781512605042,False,False,,False,,False,,False
Abdou Harroui,2022-2023,23,5,647,7.2,2,0,2,2,0,0,2,0,1.5,1.5,0.3,1.8,21,36,32,24,Sassuolo,NED,MF,Midfielder,1,1,False,0.2777777777777778,0.0,0.2777777777777778,0.20833333333333331,0.041666666666666664,0.20833333333333331,2.9166666666666665,5.0,4.444444444444445,False,False,,False,,False,,False
Adam Marušić,2022-2023,33,31,2760,30.7,0,2,2,0,0,0,8,1,0.7,0.7,1.1,1.8,38,116,43,29,Lazio,MNE,DF,Defender,1,1,False,0.0,0.06514657980456026,0.06514657980456026,0.02280130293159609,0.035830618892508145,0.02280130293159609,1.237785016286645,3.778501628664495,1.4006514657980456,False,False,,False,,False,,False
Adam Masina,2022-2023,14,8,789,8.8,2,0,2,2,0,0,2,0,0.1,0.1,0.2,0.3,4,24,6,28,Udinese,MAR,DF,Defender,1,1,False,0.22727272727272727,0.0,0.22727272727272727,0.011363636363636364,0.022727272727272728,0.011363636363636364,0.45454545454545453,2.727272727272727,0.6818181818181818,False,False,,False,,False,,False
Adam Ounas,2022-2023,2,0,15,0.2,0,0,0,0,0,0,0,0,0.0,0.0,0.0,0.0,3,4,1,25,Napoli,ALG,FW,Forward,1,1,False,0.0,0.0,0.0,0.0,0.0,0.0,15.0,20.0,5.0,True,False,,False,,False,,False
Adama Soumaoro,2022-2023,23,22,1867,20.7,0,0,0,0,0,0,5,1,0.3,0.3,0.0,0.3,7,50,1,30,Bologna,FRA,DF,Defender,1,1,False,0.0,0.0,0.0,0.014492753623188406,0.0,0.014492753623188406,0.33816425120772947,2.4154589371980677,0.04830917874396135,False,False,,False,,False,,False
Ademola Lookman,2022-2023,31,20,1729,19.2,13,6,19,10,3,3,3,0,9.1,6.7,6.6,13.3,73,79,185,24,Atalanta,NGA,"FW,MF",Forward,2,1,False,0.6770833333333334,0.3125,0.9895833333333334,0.4739583333333333,0.34375,0.34895833333333337,3.8020833333333335,4.114583333333334,9.635416666666668,False,False,,False,,False,,False
Adolfo Gaich,2022-2023,16,8,726,8.1,2,0,2,2,0,0,2,0,2.5,2.5,0.4,2.9,6,11,33,23,Hellas Verona,ARG,FW,Forward,1,1,False,0.2469135802469136,0.0,0.2469135802469136,0.308641975308642,0.04938271604938272,0.308641975308642,0.7407407407407408,1.3580246913580247,4.074074074074074,False,False,,False,,False,,False
Adrien Rabiot,2022-2023,32,31,2748,30.5,8,4,12,8,0,0,9,0,6.2,5.8,2.3,8.2,72,133,109,27,Juventus,FRA,MF,Midfielder,1,1,False,0.26229508196721313,0.13114754098360656,0.39344262295081966,0.20327868852459016,0.07540983606557376,0.1901639344262295,2.360655737704918,4.360655737704918,3.5737704918032787,False,False,,False,,False,,False
Adrien Tameze,2022-2023,37,35,3031,33.7,0,0,0,0,0,0,3,0,0.9,0.9,0.9,1.8,32,103,58,28,Hellas Verona,CMR,MF,Midfielder,1,1,False,0.0,0.0,0.0,0.026706231454005934,0.026706231454005934,0.026706231454005934,0.9495548961424332,3.0563798219584566,1.7210682492581602,False,False,,False,,False,,False
Agustín Álvarez,2022-2023,22,1,368,4.1,1,1,2,1,0,0,1,0,1.5,1.5,0.4,1.9,2,6,19,21,Sassuolo,URU,"FW,MF",Forward,2,1,False,0.24390243902439027,0.24390243902439027,0.48780487804878053,0.3658536585365854,0.09756097560975611,0.3658536585365854,0.48780487804878053,1.4634146341463417,4.634146341463415,True,False,,False,,False,,False
Ajdin Hrustic,2022-2023,6,3,226,2.5,0,0,0,0,0,0,0,0,0.3,0.3,0.6,0.9,7,8,12,26,Hellas Verona,AUS,MF,Midfielder,1,1,False,0.0,0.0,0.0,0.12,0.24,0.12,2.8,3.2,4.8,True,False,,False,,False,,False
Alberto Basso,2022-2023,1,0,16,0.2,0,0,0,0,0,0,0,0,0.0,0.0,0.0,0.0,0,1,2,18,Cremonese,ITA,MF,Midfielder,1,1,False,0.0,0.0,0.0,0.0,0.0,0.0,0.0,5.0,10.0,True,False,,False,,False,,False
Alberto Grassi,2022-2023,25,14,1194,13.3,0,0,0,0,0,0,3,0,0.6,0.6,0.4,0.9,5,50,10,27,Empoli,ITA,MF,Midfielder,1,1,False,0.0,0.0,0.0,0.045112781954887216,0.03007518796992481,0.045112781954887216,0.37593984962406013,3.7593984962406015,0.7518796992481203,False,False,,False,,False,,False
Albin Ekdal,2022-2023,31,18,1734,19.3,0,2,2,0,0,0,6,1,2.9,2.9,1.6,4.4,15,80,35,33,Spezia,SWE,MF,Midfielder,1,1,False,0.0,0.10362694300518134,0.10362694300518134,0.15025906735751293,0.08290155440414508,0.15025906735751293,0.7772020725388601,4.1450777202072535,1.8134715025906736,False,False,,False,,False,,False
Aleksa Terzić,2022-2023,22,8,935,10.4,1,1,2,1,0,0,2,0,0.4,0.4,1.9,2.3,49,40,61,22,Fiorentina,SRB,DF,Defender,1,1,False,0.09615384615384615,0.09615384615384615,0.1923076923076923,0.038461538461538464,0.18269230769230768,0.038461538461538464,4.711538461538462,3.846153846153846,5.865384615384615,False,False,,False,,False,,False
Aleksei Miranchuk,2022-2023,29,24,2089,23.2,4,5,9,4,0,0,0,0,2.9,2.9,4.2,7.1,47,99,105,26,Torino,RUS,MF,Midfielder,1,1,False,0.1724137931034483,0.21551724137931036,0.3879310344827586,0.125,0.1810344827586207,0.125,2.0258620689655173,4.267241379310345,4.525862068965518,False,False,,False,,False,,False
Alessandro Bastoni,2022-2023,29,26,2157,24.0,0,2,2,0,0,0,3,0,1.0,1.0,2.7,3.7,47,141,44,23,Inter,ITA,DF,Defender,1,1,False,0.0,0.08333333333333333,0.08333333333333333,0.041666666666666664,0.1125,0.041666666666666664,1.9583333333333333,5.875,1.8333333333333333,False,True,1.0,False,1.0,True,0,True
Alessandro Bianco,2022-2023,7,2,153,1.7,0,0,0,0,0,0,1,0,0.1,0.1,0.0,0.1,4,9,2,19,Fiorentina,ITA,MF,Midfielder,1,1,False,0.0,0.0,0.0,0.05882352941176471,0.0,0.05882352941176471,2.3529411764705883,5.294117647058823,1.1764705882352942,True,False,,False,,False,,False
Alessandro Buongiorno,2022-2023,34,30,2721,30.2,1,2,3,1,0,0,8,0,2.2,2.2,1.3,3.6,13,81,19,23,Torino,ITA,DF,Defender,1,1,False,0.033112582781456956,0.06622516556291391,0.09933774834437087,0.07284768211920531,0.043046357615894044,0.07284768211920531,0.43046357615894043,2.6821192052980134,0.6291390728476821,False,False,,False,,False,,False
Alessandro Cortinovis,2022-2023,1,0,6,0.1,0,0,0,0,0,0,0,0,0.0,0.0,0.0,0.0,0,2,2,21,Hellas Verona,ITA,MF,Midfielder,1,1,False,0.0,0.0,0.0,0.0,0.0,0.0,0.0,20.0,20.0,True,False,,False,,False,,False
Alessandro Florenzi,2022-2023,6,2,203,2.3,0,0,0,0,0,0,1,0,0.8,0.8,0.5,1.2,1,10,19,31,Milan,ITA,DF,Defender,1,1,False,0.0,0.0,0.0,0.3478260869565218,0.2173913043478261,0.3478260869565218,0.4347826086956522,4.347826086956522,8.260869565217392,True,False,,False,,False,,False
Alessandro Russo,2022-2023,1,1,90,1.0,0,0,0,0,0,0,0,0,0.0,0.0,0.0,0.0,0,0,0,21,Sassuolo,ITA,GK,Goalkeeper,1,1,False,0.0,0.0,0.0,0.0,0.0,0.0,0.0,0.0,0.0,True,False,,False,,False,,False
Alessandro Tuia,2022-2023,7,6,509,5.7,0,0,0,0,0,0,1,0,0.1,0.1,0.0,0.1,1,20,0,32,Lecce,ITA,DF,Defender,1,1,False,0.0,0.0,0.0,0.017543859649122806,0.0,0.017543859649122806,0.17543859649122806,3.508771929824561,0.0,False,False,,False,,False,,False
Alessandro Zanoli,2022-2023,23,16,1552,17.200000000000003,2,3,5,2,0,0,3,0,2.7,2.7,1.2,3.9,51,36,62,21,MULTI:Napoli|Sampdoria,ITA,DF,Defender,1,2,True,0.11627906976744184,0.17441860465116277,0.2906976744186046,0.15697674418604649,0.0697674418604651,0.15697674418604649,2.965116279069767,2.093023255813953,3.604651162790697,False,False,,False,,False,,False
Alessio Cragno,2022-2023,1,1,90,1.0,0,0,0,0,0,0,0,0,0.0,0.0,0.0,0.0,0,0,0,28,Monza,ITA,GK,Goalkeeper,1,1,False,0.0,0.0,0.0,0.0,0.0,0.0,0.0,0.0,0.0,True,False,,False,,False,,False
Alessio Romagnoli,2022-2023,34,33,2922,32.5,2,0,2,2,0,0,6,0,1.4,1.4,0.1,1.6,3,62,3,27,Lazio,ITA,DF,Defender,1,1,False,0.06153846153846154,0.0,0.06153846153846154,0.043076923076923075,0.003076923076923077,0.043076923076923075,0.09230769230769231,1.9076923076923078,0.09230769230769231,False,False,,False,,False,,False
Alessio Zerbin,2022-2023,10,2,198,2.2,0,0,0,0,0,0,1,0,0.3,0.3,0.0,0.3,5,6,20,23,Napoli,ITA,FW,Forward,1,1,False,0.0,0.0,0.0,0.13636363636363635,0.0,0.13636363636363635,2.2727272727272725,2.727272727272727,9.09090909090909,True,False,,False,,False,,False
Alex Cordaz,2022-2023,1,0,26,0.3,0,0,0,0,0,0,0,0,0.0,0.0,0.0,0.0,0,0,0,39,Inter,ITA,GK,Goalkeeper,1,1,False,0.0,0.0,0.0,0.0,0.0,0.0,0.0,0.0,0.0,True,True,0.0,False,0.0,True,1,True
Alex Ferrari,2022-2023,28,23,1875,20.799999999999997,0,0,0,0,0,0,6,0,0.2,0.2,0.5,0.6,9,52,8,28,MULTI:Cremonese|Sampdoria,ITA,DF,Defender,1,2,True,0.0,0.0,0.0,0.009615384615384618,0.024038461538461543,0.009615384615384618,0.43269230769230776,2.5000000000000004,0.3846153846153847,False,False,,False,,False,,False
Alex Meret,2022-2023,34,34,3060,34.0,0,0,0,0,0,0,0,0,0.0,0.0,0.0,0.0,0,0,0,25,Napoli,ITA,GK,Goalkeeper,1,1,False,0.0,0.0,0.0,0.0,0.0,0.0,0.0,0.0,0.0,False,False,,False,,False,,False
Alex Sandro,2022-2023,25,21,1787,19.9,0,1,1,0,0,0,5,1,0.2,0.2,0.9,1.1,51,97,25,31,Juventus,BRA,DF,Defender,1,1,False,0.0,0.05025125628140704,0.05025125628140704,0.010050251256281409,0.04522613065326633,0.010050251256281409,2.562814070351759,4.874371859296483,1.256281407035176,False,False,,False,,False,,False
Alexis Blin,2022-2023,35,26,2376,26.4,1,0,1,1,0,0,8,0,2.8,2.8,1.1,3.9,13,101,32,25,Lecce,FRA,MF,Midfielder,1,1,False,0.03787878787878788,0.0,0.03787878787878788,0.10606060606060606,0.04166666666666667,0.10606060606060606,0.49242424242424243,3.825757575757576,1.2121212121212122,False,False,,False,,False,,False
Alexis Saelemaekers,2022-2023,30,14,1403,15.6,2,3,5,2,0,0,1,0,2.5,2.5,4.1,6.6,52,52,143,23,Milan,BEL,"FW,DF",Forward,2,1,False,0.12820512820512822,0.19230769230769232,0.32051282051282054,0.16025641025641027,0.26282051282051283,0.16025641025641027,3.3333333333333335,3.3333333333333335,9.166666666666666,False,False,,False,,False,,False
Alfred Duncan,2022-2023,25,13,1103,12.3,1,0,1,1,0,0,3,0,0.5,0.5,0.6,1.1,18,70,30,29,Fiorentina,GHA,MF,Midfielder,1,1,False,0.08130081300813008,0.0,0.08130081300813008,0.04065040650406504,0.048780487804878044,0.04065040650406504,1.4634146341463414,5.691056910569105,2.4390243902439024,False,False,,False,,False,,False
Amir Rrahmani,2022-2023,29,27,2448,27.2,2,1,3,2,0,0,2,0,1.8,1.8,1.0,2.9,23,135,5,28,Napoli,KVX,DF,Defender,1,1,False,0.07352941176470588,0.03676470588235294,0.11029411764705882,0.0661764705882353,0.03676470588235294,0.0661764705882353,0.8455882352941176,4.963235294117647,0.18382352941176472,False,False,,False,,False,,False
Andre-Frank Zambo Anguissa,2022-2023,36,36,3050,33.9,3,5,8,3,0,0,3,0,4.4,4.4,2.6,7.0,58,181,140,26,Napoli,CMR,MF,Midfielder,1,1,False,0.08849557522123894,0.14749262536873156,0.2359882005899705,0.1297935103244838,0.07669616519174041,0.1297935103244838,1.7109144542772863,5.339233038348083,4.129793510324484,False,False,,False,,False,,False
Andrea Barberis,2022-2023,9,3,338,3.8,0,1,1,0,0,0,0,0,0.1,0.1,0.4,0.5,3,14,0,28,Monza,ITA,MF,Midfielder,1,1,False,0.0,0.2631578947368421,0.2631578947368421,0.026315789473684213,0.10526315789473685,0.026315789473684213,0.7894736842105263,3.68421052631579,0.0,True,False,,False,,False,,False
Andrea Belotti,2022-2023,31,11,1146,12.7,0,2,2,0,0,1,0,0,3.5,2.7,1.6,4.3,21,13,94,28,Roma,ITA,FW,Forward,1,1,False,0.0,0.15748031496062992,0.15748031496062992,0.2755905511811024,0.12598425196850396,0.21259842519685043,1.6535433070866143,1.0236220472440944,7.4015748031496065,False,False,,False,,False,,False
Andrea Cambiaso,2022-2023,32,25,2170,24.1,0,3,3,0,0,0,2,0,0.9,0.9,2.4,3.3,64,83,105,22,Bologna,ITA,DF,Defender,1,1,False,0.0,0.12448132780082986,0.12448132780082986,0.03734439834024896,0.0995850622406639,0.03734439834024896,2.6556016597510372,3.4439834024896263,4.356846473029045,False,False,,False,,False,,False
Andrea Carboni,2022-2023,4,1,167,1.9,0,0,0,0,0,0,0,0,0.1,0.1,0.1,0.2,4,9,2,21,Monza,ITA,DF,Defender,1,1,False,0.0,0.0,0.0,0.052631578947368425,0.052631578947368425,0.052631578947368425,2.1052631578947367,4.736842105263158,1.0526315789473684,True,False,,False,,False,,False
Andrea Colpani,2022-2023,27,10,948,10.5,4,1,5,4,0,0,1,0,2.1,2.1,1.9,4.1,31,51,69,23,Monza,ITA,MF,Midfielder,1,1,False,0.38095238095238093,0.09523809523809523,0.47619047619047616,0.2,0.18095238095238095,0.2,2.9523809523809526,4.857142857142857,6.571428571428571,False,False,,False,,False,,False
Andrea Consigli,2022-2023,35,35,3150,35.0,0,0,0,0,0,0,0,0,0.0,0.0,0.0,0.0,0,1,0,35,Sassuolo,ITA,GK,Goalkeeper,1,1,False,0.0,0.0,0.0,0.0,0.0,0.0,0.0,0.02857142857142857,0.0,False,False,,False,,False,,False
Andrea Conti,2022-2023,1,0,23,0.3,0,0,0,0,0,0,0,0,0.0,0.0,0.0,0.0,0,1,2,28,Sampdoria,ITA,DF,Defender,1,1,False,0.0,0.0,0.0,0.0,0.0,0.0,0.0,3.3333333333333335,6.666666666666667,True,False,,False,,False,,False
Andrea Petagna,2022-2023,31,19,1663,18.5,4,5,9,3,1,1,2,0,5.7,4.9,4.4,9.3,23,34,132,27,Monza,ITA,FW,Forward,1,1,False,0.21621621621621623,0.2702702702702703,0.4864864864864865,0.3081081081081081,0.23783783783783785,0.2648648648648649,1.2432432432432432,1.837837837837838,7.135135135135135,False,False,,False,,False,,False
Andrea Pinamonti,2022-2023,32,25,2161,24.0,5,0,5,4,1,1,3,1,7.1,6.3,1.5,7.8,17,29,166,23,Sassuolo,ITA,FW,Forward,1,1,False,0.20833333333333334,0.0,0.20833333333333334,0.29583333333333334,0.0625,0.2625,0.7083333333333334,1.2083333333333333,6.916666666666667,False,False,,False,,False,,False
Andrea Ranocchia,2022-2023,1,1,47,0.5,0,0,0,0,0,0,0,0,0.0,0.0,0.0,0.0,0,0,0,34,Monza,ITA,DF,Defender,1,1,False,0.0,0.0,0.0,0.0,0.0,0.0,0.0,0.0,0.0,True,False,,False,,False,,False
Andrew Gravillon,2022-2023,7,4,312,3.5,0,0,0,0,0,0,2,0,0.0,0.0,0.0,0.0,1,9,0,24,Torino,GLP,DF,Defender,1,1,False,0.0,0.0,0.0,0.0,0.0,0.0,0.2857142857142857,2.5714285714285716,0.0,True,False,,False,,False,,False
André Onana,2022-2023,24,24,2160,24.0,0,0,0,0,0,0,1,0,0.0,0.0,0.1,0.1,0,2,0,26,Inter,CMR,GK,Goalkeeper,1,1,False,0.0,0.0,0.0,0.0,0.004166666666666667,0.0,0.0,0.08333333333333333,0.0,False,True,4.0,False,4.0,True,1,True
Ante Rebić,2022-2023,23,10,980,10.9,3,2,5,3,0,0,4,0,3.5,3.5,2.0,5.5,17,29,92,28,Milan,CRO,"FW,MF",Forward,2,1,False,0.27522935779816515,0.18348623853211007,0.4587155963302752,0.3211009174311926,0.18348623853211007,0.3211009174311926,1.5596330275229358,2.6605504587155964,8.440366972477063,False,False,,False,,False,,False
Antonino Gallo,2022-2023,32,28,2486,27.6,0,1,1,0,0,0,5,1,0.6,0.6,1.9,2.6,71,154,65,22,Lecce,ITA,DF,Defender,1,1,False,0.0,0.036231884057971016,0.036231884057971016,0.021739130434782608,0.06884057971014491,0.021739130434782608,2.572463768115942,5.579710144927536,2.3550724637681157,False,False,,False,,False,,False
Antonio Candreva,2022-2023,35,32,2726,30.3,7,4,11,7,0,0,3,1,3.7,3.7,4.7,8.3,71,135,171,35,Salernitana,ITA,"MF,DF",Midfielder,2,1,False,0.23102310231023102,0.132013201320132,0.36303630363036304,0.12211221122112212,0.1551155115511551,0.12211221122112212,2.3432343234323434,4.455445544554455,5.643564356435643,False,False,,False,,False,,False
Antonio Iervolino,2022-2023,1,0,5,0.1,0,0,0,0,0,0,0,0,0.0,0.0,0.0,0.0,0,2,2,19,Salernitana,ITA,MF,Midfielder,1,1,False,0.0,0.0,0.0,0.0,0.0,0.0,0.0,20.0,20.0,True,False,,False,,False,,False
Antonio Mirante,2022-2023,1,0,2,0.0,0,0,0,0,0,0,0,0,0.0,0.0,0.0,0.0,0,0,0,39,Milan,ITA,GK,Goalkeeper,1,1,False,,,,,,,,,,True,False,,False,,False,,False
Antonio Raimondo,2022-2023,2,0,15,0.2,0,0,0,0,0,0,0,0,0.0,0.0,0.0,0.0,1,0,3,18,Bologna,ITA,FW,Forward,1,1,False,0.0,0.0,0.0,0.0,0.0,0.0,5.0,0.0,15.0,True,False,,False,,False,,False
Antonio Sanabria,2022-2023,33,28,2433,27.0,12,4,16,11,1,1,4,0,9.3,8.5,3.0,11.5,17,46,139,26,Torino,PAR,FW,Forward,1,1,False,0.4444444444444444,0.14814814814814814,0.5925925925925926,0.3444444444444445,0.1111111111111111,0.3148148148148148,0.6296296296296297,1.7037037037037037,5.148148148148148,False,False,,False,,False,,False
Antonín Barák,2022-2023,31,21,1824,20.3,2,0,2,2,0,0,4,0,2.6,2.6,1.6,4.1,45,84,94,27,MULTI:Fiorentina|Hellas Verona,CZE,MF,Midfielder,1,2,True,0.09852216748768472,0.0,0.09852216748768472,0.12807881773399016,0.07881773399014778,0.12807881773399016,2.216748768472906,4.137931034482759,4.630541871921182,False,False,,False,,False,,False
Ardian Ismajli,2022-2023,25,22,2094,23.3,0,0,0,0,0,0,3,0,0.7,0.7,0.3,1.0,10,42,0,25,Empoli,ALB,DF,Defender,1,1,False,0.0,0.0,0.0,0.03004291845493562,0.012875536480686695,0.03004291845493562,0.4291845493562232,1.8025751072961373,0.0,False,False,,False,,False,,False
Arkadiusz Milik,2022-2023,27,17,1586,17.6,7,1,8,7,0,1,3,1,6.5,5.7,2.1,7.7,10,34,85,28,Juventus,POL,FW,Forward,1,1,False,0.3977272727272727,0.056818181818181816,0.45454545454545453,0.36931818181818177,0.11931818181818181,0.32386363636363635,0.5681818181818181,1.9318181818181817,4.829545454545454,False,False,,False,,False,,False
Arkadiusz Reca,2022-2023,30,24,2173,24.1,1,1,2,1,0,0,5,0,1.0,1.0,2.2,3.2,82,79,94,27,Spezia,POL,DF,Defender,1,1,False,0.04149377593360996,0.04149377593360996,0.08298755186721991,0.04149377593360996,0.09128630705394192,0.04149377593360996,3.4024896265560165,3.2780082987551866,3.900414937759336,False,False,,False,,False,,False
Armand Lauriente,2022-2023,28,27,2175,24.2,7,6,13,6,1,1,10,1,4.7,3.9,6.2,10.1,127,90,263,23,Sassuolo,FRA,FW,Forward,1,1,False,0.2892561983471075,0.24793388429752067,0.5371900826446281,0.19421487603305787,0.25619834710743805,0.16115702479338842,5.247933884297521,3.71900826446281,10.867768595041323,False,False,,False,,False,,False
Armando Izzo,2022-2023,30,29,2466,27.4,1,0,1,1,0,0,10,0,2.1,2.1,0.9,3.1,22,96,29,30,Monza,ITA,DF,Defender,1,1,False,0.03649635036496351,0.0,0.03649635036496351,0.07664233576642336,0.032846715328467155,0.07664233576642336,0.8029197080291971,3.5036496350364965,1.0583941605839418,False,False,,False,,False,,False
Arthur Cabral,2022-2023,28,15,1432,15.9,8,1,9,6,2,2,4,0,7.9,6.3,0.8,7.0,11,21,86,24,Fiorentina,BRA,FW,Forward,1,1,False,0.5031446540880503,0.06289308176100629,0.5660377358490566,0.4968553459119497,0.050314465408805034,0.3962264150943396,0.6918238993710691,1.320754716981132,5.408805031446541,False,False,,False,,False,,False
Assan Ceesay,2022-2023,34,20,1812,20.1,6,0,6,5,1,1,2,0,5.1,4.3,0.8,5.1,21,16,111,28,Lecce,GAM,FW,Forward,1,1,False,0.29850746268656714,0.0,0.29850746268656714,0.25373134328358204,0.03980099502487562,0.21393034825870644,1.044776119402985,0.7960199004975124,5.522388059701492,False,False,,False,,False,,False
Aster Vranckx,2022-2023,9,2,240,2.7,0,0,0,0,0,0,1,0,0.1,0.1,0.3,0.3,2,4,5,19,Milan,BEL,MF,Midfielder,1,1,False,0.0,0.0,0.0,0.037037037037037035,0.1111111111111111,0.037037037037037035,0.7407407407407407,1.4814814814814814,1.8518518518518516,True,False,,False,,False,,False
Axel Guessand,2022-2023,1,1,79,0.9,0,0,0,0,0,0,0,0,0.0,0.0,0.0,0.0,0,0,0,17,Udinese,FRA,DF,Defender,1,1,False,0.0,0.0,0.0,0.0,0.0,0.0,0.0,0.0,0.0,True,False,,False,,False,,False
Bartosz Bereszyński,2022-2023,18,17,1364,15.100000000000001,0,1,1,0,0,0,2,0,0.1,0.1,0.30000000000000004,0.4,28,51,47,30,MULTI:Napoli|Sampdoria,POL,DF,Defender,1,2,True,0.0,0.0662251655629139,0.0662251655629139,0.006622516556291391,0.019867549668874173,0.006622516556291391,1.8543046357615893,3.3774834437086088,3.1125827814569536,False,False,,False,,False,,False
Bartłomiej Drągowski,2022-2023,34,34,2946,32.7,0,1,1,0,0,0,1,0,0.0,0.0,0.1,0.1,0,0,0,24,Spezia,POL,GK,Goalkeeper,1,1,False,0.0,0.030581039755351678,0.030581039755351678,0.0,0.0030581039755351682,0.0,0.0,0.0,0.0,False,False,,False,,False,,False
Benjamin Tahirovic,2022-2023,11,4,355,3.9,0,0,0,0,0,0,1,0,0.0,0.0,0.2,0.2,0,9,3,19,Roma,BIH,MF,Midfielder,1,1,False,0.0,0.0,0.0,0.0,0.05128205128205129,0.0,0.0,2.307692307692308,0.7692307692307693,True,False,,False,,False,,False
Berat Djimsiti,2022-2023,24,20,1797,20.0,0,1,1,0,0,0,3,0,0.6,0.6,0.2,0.8,7,45,9,29,Atalanta,ALB,DF,Defender,1,1,False,0.0,0.05,0.05,0.03,0.01,0.03,0.35,2.25,0.45,False,False,,False,,False,,False
Beto,2022-2023,33,23,2129,23.7,10,1,11,9,1,1,2,0,10.9,10.1,2.6,12.6,25,13,121,24,Udinese,GNB,FW,Forward,1,1,False,0.4219409282700422,0.04219409282700422,0.4641350210970464,0.45991561181434604,0.10970464135021098,0.42616033755274263,1.0548523206751055,0.5485232067510548,5.105485232067511,False,False,,False,,False,,False
Boulaye Dia,2022-2023,33,27,2518,28.0,16,6,22,15,1,1,4,0,8.8,8.0,3.1,11.1,48,50,140,25,Salernitana,SEN,"FW,MF",Forward,2,1,False,0.5714285714285714,0.21428571428571427,0.7857142857142857,0.31428571428571433,0.11071428571428572,0.2857142857142857,1.7142857142857142,1.7857142857142858,5.0,False,False,,False,,False,,False
Brahim Díaz,2022-2023,33,27,1925,21.4,6,7,13,6,0,0,3,0,6.0,6.0,5.6,11.5,80,121,116,22,Milan,MAR,"MF,FW",Midfielder,2,1,False,0.28037383177570097,0.3271028037383178,0.6074766355140188,0.28037383177570097,0.2616822429906542,0.28037383177570097,3.738317757009346,5.654205607476636,5.420560747663552,False,False,,False,,False,,False
Bram Nuytinck,2022-2023,25,22,1883,20.900000000000002,0,1,1,0,0,0,5,0,0.3,0.3,0.3,0.5,5,27,3,32,MULTI:Sampdoria|Udinese,NED,DF,Defender,1,2,True,0.0,0.0478468899521531,0.0478468899521531,0.014354066985645932,0.014354066985645932,0.014354066985645932,0.23923444976076552,1.2918660287081338,0.1435406698564593,False,False,,False,,False,,False
Brandon Soppy,2022-2023,16,9,733,8.1,0,3,3,0,0,0,3,0,0.4,0.4,1.8,2.3,27,37,39,20,MULTI:Atalanta|Udinese,FRA,DF,Defender,1,2,True,0.0,0.3703703703703704,0.3703703703703704,0.04938271604938272,0.22222222222222224,0.04938271604938272,3.3333333333333335,4.567901234567901,4.814814814814815,False,False,,False,,False,,False
Brian Bayeye,2022-2023,2,1,64,0.7,0,0,0,0,0,0,0,0,0.0,0.0,0.0,0.0,3,3,5,22,Torino,COD,DF,Defender,1,1,False,0.0,0.0,0.0,0.0,0.0,0.0,4.285714285714286,4.285714285714286,7.142857142857143,True,False,,False,,False,,False
Bruno Amione,2022-2023,27,26,2144,23.8,1,1,2,1,0,0,11,1,0.9,0.9,0.6,1.5,11,54,9,20,MULTI:Hellas Verona|Sampdoria,ARG,DF,Defender,1,2,True,0.04201680672268907,0.04201680672268907,0.08403361344537814,0.037815126050420166,0.025210084033613443,0.037815126050420166,0.4621848739495798,2.26890756302521,0.37815126050420167,False,False,,False,,False,,False
Bryan Cristante,2022-2023,36,34,2938,32.6,1,1,2,1,0,1,8,1,2.6,1.8,1.4,3.2,16,142,27,27,Roma,ITA,"MF,DF",Midfielder,2,1,False,0.03067484662576687,0.03067484662576687,0.06134969325153374,0.07975460122699386,0.042944785276073615,0.05521472392638037,0.49079754601226994,4.355828220858895,0.8282208588957055,False,False,,False,,False,,False
Caleb Okoli,2022-2023,17,9,960,10.7,0,0,0,0,0,0,3,0,0.5,0.5,0.0,0.5,4,19,12,21,Atalanta,ITA,DF,Defender,1,1,False,0.0,0.0,0.0,0.04672897196261683,0.0,0.04672897196261683,0.3738317757009346,1.7757009345794394,1.1214953271028039,False,False,,False,,False,,False
Carlos Augusto,2022-2023,35,35,3083,34.3,6,5,11,6,0,0,4,0,4.4,4.4,3.7,8.1,87,101,151,23,Monza,BRA,DF,Defender,1,1,False,0.17492711370262393,0.1457725947521866,0.3206997084548105,0.12827988338192423,0.1078717201166181,0.12827988338192423,2.536443148688047,2.9446064139941694,4.402332361516035,False,False,,False,,False,,False
Charalampos Lykogiannis,2022-2023,21,11,1108,12.3,2,0,2,2,0,0,3,0,0.8,0.8,1.5,2.3,32,60,47,28,Bologna,GRE,DF,Defender,1,1,False,0.16260162601626016,0.0,0.16260162601626016,0.06504065040650406,0.12195121951219512,0.06504065040650406,2.6016260162601625,4.878048780487805,3.8211382113821135,False,False,,False,,False,,False
Charles De Ketelaere,2022-2023,32,9,1116,12.4,0,1,1,0,0,0,2,0,2.0,2.0,2.0,4.0,45,59,69,21,Milan,BEL,"MF,FW",Midfielder,2,1,False,0.0,0.08064516129032258,0.08064516129032258,0.16129032258064516,0.16129032258064516,0.16129032258064516,3.629032258064516,4.758064516129032,5.564516129032258,False,False,,False,,False,,False
Charles Pickel,2022-2023,33,30,2483,27.6,1,0,1,1,0,0,8,1,1.6,1.6,1.2,2.8,18,104,61,25,Cremonese,COD,MF,Midfielder,1,1,False,0.036231884057971016,0.0,0.036231884057971016,0.057971014492753624,0.043478260869565216,0.057971014492753624,0.6521739130434783,3.7681159420289854,2.210144927536232,False,False,,False,,False,,False
Chris Smalling,2022-2023,32,31,2808,31.2,3,1,4,3,0,0,7,0,1.7,1.7,0.4,2.1,5,51,7,32,Roma,ENG,DF,Defender,1,1,False,0.09615384615384616,0.032051282051282055,0.12820512820512822,0.05448717948717949,0.012820512820512822,0.05448717948717949,0.16025641025641027,1.6346153846153846,0.22435897435897437,False,False,,False,,False,,False
Christian Acella,2022-2023,1,0,15,0.2,0,0,0,0,0,0,0,0,0.0,0.0,0.0,0.0,0,0,0,20,Cremonese,ITA,MF,Midfielder,1,1,False,0.0,0.0,0.0,0.0,0.0,0.0,0.0,0.0,0.0,True,False,,False,,False,,False
Christian Gytkjær,2022-2023,22,3,559,6.2,1,0,1,1,0,1,0,0,3.9,3.1,0.3,3.4,1,6,32,32,Monza,DEN,"FW,MF",Forward,2,1,False,0.16129032258064516,0.0,0.16129032258064516,0.6290322580645161,0.04838709677419355,0.5,0.16129032258064516,0.9677419354838709,5.161290322580645,False,False,,False,,False,,False
Christian Kouamé,2022-2023,28,22,1866,20.7,4,4,8,4,0,0,5,0,5.3,5.3,3.7,9.0,50,54,203,24,Fiorentina,CIV,FW,Forward,1,1,False,0.1932367149758454,0.1932367149758454,0.3864734299516908,0.2560386473429952,0.17874396135265702,0.2560386473429952,2.4154589371980677,2.608695652173913,9.806763285024156,False,False,,False,,False,,False
Ciprian Tătărușanu,2022-2023,16,16,1440,16.0,0,1,1,0,0,0,0,0,0.0,0.0,0.5,0.5,0,0,0,36,Milan,ROU,GK,Goalkeeper,1,1,False,0.0,0.0625,0.0625,0.0,0.03125,0.0,0.0,0.0,0.0,False,False,,False,,False,,False
Ciro Immobile,2022-2023,31,27,2219,24.7,12,5,17,8,4,5,3,0,14.2,10.3,1.9,12.2,40,43,174,32,Lazio,ITA,FW,Forward,1,1,False,0.4858299595141701,0.20242914979757085,0.688259109311741,0.5748987854251012,0.07692307692307693,0.417004048582996,1.6194331983805668,1.7408906882591093,7.044534412955466,False,False,,False,,False,,False
Cristian Buonaiuto,2022-2023,29,7,980,10.9,1,0,1,0,1,1,3,0,3.3,2.5,1.8,4.2,35,39,89,29,Cremonese,ITA,"MF,FW",Midfielder,2,1,False,0.09174311926605504,0.0,0.09174311926605504,0.3027522935779816,0.1651376146788991,0.2293577981651376,3.2110091743119265,3.5779816513761467,8.1651376146789,False,False,,False,,False,,False
Cristian Volpato,2022-2023,7,2,227,2.5,1,1,2,1,0,0,0,0,0.4,0.4,1.2,1.5,8,18,24,18,Roma,ITA,MF,Midfielder,1,1,False,0.4,0.4,0.8,0.16,0.48,0.16,3.2,7.2,9.6,True,False,,False,,False,,False
Cristiano Biraghi,2022-2023,33,30,2551,28.3,2,4,6,2,0,1,1,0,1.8,1.1,5.5,6.6,69,161,113,29,Fiorentina,ITA,DF,Defender,1,1,False,0.0706713780918728,0.1413427561837456,0.21201413427561838,0.0636042402826855,0.19434628975265017,0.03886925795053004,2.4381625441696113,5.689045936395759,3.9929328621908127,False,False,,False,,False,,False
Cyriel Dessers,2022-2023,26,19,1587,17.6,6,1,7,6,0,1,3,0,7.1,6.4,1.6,8.0,21,27,110,27,Cremonese,NGA,FW,Forward,1,1,False,0.3409090909090909,0.056818181818181816,0.3977272727272727,0.4034090909090909,0.09090909090909091,0.36363636363636365,1.1931818181818181,1.534090909090909,6.249999999999999,False,False,,False,,False,,False
Cyril Ngonge,2022-2023,14,9,745,8.3,3,1,4,3,0,0,2,0,2.0,2.0,0.6,2.5,18,13,40,22,Hellas Verona,BEL,"MF,FW",Midfielder,2,1,False,0.36144578313253006,0.12048192771084336,0.48192771084337344,0.24096385542168672,0.07228915662650602,0.24096385542168672,2.1686746987951806,1.5662650602409638,4.8192771084337345,False,False,,False,,False,,False
Daniel Ciofani,2022-2023,32,10,1060,11.8,8,0,8,5,3,4,1,0,5.5,2.3,0.7,2.9,5,10,36,37,Cremonese,ITA,FW,Forward,1,1,False,0.6779661016949152,0.0,0.6779661016949152,0.4661016949152542,0.05932203389830508,0.19491525423728812,0.423728813559322,0.847457627118644,3.0508474576271185,False,False,,False,,False,,False
Daniel Maldini,2022-2023,18,4,628,7.0,2,0,2,2,0,0,1,0,1.2,1.2,0.5,1.7,13,10,34,20,Spezia,ITA,"FW,MF",Forward,2,1,False,0.2857142857142857,0.0,0.2857142857142857,0.17142857142857143,0.07142857142857142,0.17142857142857143,1.8571428571428572,1.4285714285714286,4.857142857142857,False,False,,False,,False,,False
Daniele Montevago,2022-2023,6,3,231,2.6,0,0,0,0,0,0,1,0,0.5,0.5,0.2,0.7,1,0,10,19,Sampdoria,ITA,FW,Forward,1,1,False,0.0,0.0,0.0,0.1923076923076923,0.07692307692307693,0.1923076923076923,0.3846153846153846,0.0,3.846153846153846,True,False,,False,,False,,False
Daniele Rugani,2022-2023,9,6,564,6.3,0,0,0,0,0,0,0,0,0.5,0.5,0.0,0.5,2,5,0,28,Juventus,ITA,DF,Defender,1,1,False,0.0,0.0,0.0,0.07936507936507936,0.0,0.07936507936507936,0.31746031746031744,0.7936507936507937,0.0,False,False,,False,,False,,False
Daniele Verde,2022-2023,25,11,998,11.1,3,0,3,2,1,1,1,0,2.9,2.1,1.3,3.4,18,42,57,26,Spezia,ITA,"FW,MF",Forward,2,1,False,0.2702702702702703,0.0,0.2702702702702703,0.26126126126126126,0.11711711711711713,0.1891891891891892,1.6216216216216217,3.7837837837837838,5.135135135135135,False,False,,False,,False,,False
Danilo,2022-2023,37,35,3184,35.4,3,3,6,3,0,0,5,0,2.8,2.8,2.4,5.2,39,176,43,31,Juventus,BRA,DF,Defender,1,1,False,0.08474576271186442,0.08474576271186442,0.16949152542372883,0.0790960451977401,0.06779661016949153,0.0790960451977401,1.1016949152542372,4.971751412429379,1.2146892655367232,False,False,,False,,False,,False
Danilo Cataldi,2022-2023,29,26,1921,21.3,0,1,1,0,0,0,5,0,0.2,0.2,1.1,1.4,8,83,14,27,Lazio,ITA,MF,Midfielder,1,1,False,0.0,0.046948356807511735,0.046948356807511735,0.009389671361502348,0.051643192488262914,0.009389671361502348,0.3755868544600939,3.896713615023474,0.6572769953051643,False,False,,False,,False,,False
Danilo D'Ambrosio,2022-2023,15,8,733,8.1,0,2,2,0,0,0,3,1,0.3,0.3,0.7,0.9,8,34,17,33,Inter,ITA,DF,Defender,1,1,False,0.0,0.2469135802469136,0.2469135802469136,0.037037037037037035,0.08641975308641975,0.037037037037037035,0.9876543209876544,4.197530864197531,2.0987654320987654,False,True,0.0,False,0.0,True,1,True
Dany Mota,2022-2023,29,21,1912,21.2,5,1,6,5,0,0,2,0,5.1,5.1,2.1,7.3,66,34,166,24,Monza,POR,"FW,MF",Forward,2,1,False,0.2358490566037736,0.04716981132075472,0.2830188679245283,0.24056603773584906,0.09905660377358491,0.24056603773584906,3.1132075471698113,1.6037735849056605,7.830188679245284,False,False,,False,,False,,False
Darko Lazović,2022-2023,30,27,2242,24.9,4,5,9,4,0,0,0,0,3.6,3.6,6.4,10.0,72,81,167,31,Hellas Verona,SRB,"MF,DF",Midfielder,2,1,False,0.1606425702811245,0.20080321285140562,0.3614457831325301,0.14457831325301207,0.25702811244979923,0.14457831325301207,2.891566265060241,3.253012048192771,6.706827309236949,False,False,,False,,False,,False
David Okereke,2022-2023,33,25,2266,25.2,7,0,7,6,1,1,4,0,5.9,5.2,1.1,6.3,56,70,144,24,Cremonese,NGA,"FW,MF",Forward,2,1,False,0.2777777777777778,0.0,0.2777777777777778,0.23412698412698416,0.043650793650793655,0.20634920634920637,2.2222222222222223,2.7777777777777777,5.714285714285714,False,False,,False,,False,,False
David Zima,2022-2023,9,4,406,4.5,0,0,0,0,0,0,0,0,0.8,0.8,0.1,0.9,3,12,5,21,Torino,CZE,DF,Defender,1,1,False,0.0,0.0,0.0,0.17777777777777778,0.022222222222222223,0.17777777777777778,0.6666666666666666,2.6666666666666665,1.1111111111111112,True,False,,False,,False,,False
Davide Calabria,2022-2023,25,21,1690,18.8,1,4,5,1,0,0,6,0,1.2,1.2,1.7,2.9,26,108,80,25,Milan,ITA,DF,Defender,1,1,False,0.05319148936170213,0.2127659574468085,0.26595744680851063,0.06382978723404255,0.09042553191489361,0.06382978723404255,1.3829787234042552,5.74468085106383,4.25531914893617,False,False,,False,,False,,False
Davide Faraoni,2022-2023,23,19,1485,16.5,2,3,5,2,0,0,7,0,2.7,2.7,1.0,3.7,11,54,33,30,Hellas Verona,ITA,DF,Defender,1,1,False,0.12121212121212122,0.18181818181818182,0.30303030303030304,0.16363636363636364,0.06060606060606061,0.16363636363636364,0.6666666666666666,3.272727272727273,2.0,False,False,,False,,False,,False
Davide Frattesi,2022-2023,36,35,2873,31.9,7,0,7,7,0,0,4,0,7.8,7.8,1.9,9.7,73,137,94,22,Sassuolo,ITA,MF,Midfielder,1,1,False,0.219435736677116,0.0,0.219435736677116,0.2445141065830721,0.05956112852664577,0.2445141065830721,2.2884012539184955,4.294670846394984,2.9467084639498435,False,False,,False,,False,,False
Davide Zappacosta,2022-2023,21,18,1471,16.3,4,2,6,4,0,0,4,0,1.5,1.5,1.6,3.2,48,55,101,30,Atalanta,ITA,DF,Defender,1,1,False,0.24539877300613497,0.12269938650306748,0.36809815950920244,0.09202453987730061,0.09815950920245399,0.09202453987730061,2.9447852760736195,3.374233128834356,6.196319018404908,False,False,,False,,False,,False
Demba Seck,2022-2023,19,6,519,5.8,0,0,0,0,0,0,0,0,0.6,0.6,0.6,1.2,29,17,42,21,Torino,SEN,"MF,FW",Midfielder,2,1,False,0.0,0.0,0.0,0.10344827586206896,0.10344827586206896,0.10344827586206896,5.0,2.931034482758621,7.241379310344827,False,False,,False,,False,,False
Denis Zakaria,2022-2023,2,1,123,1.4,0,0,0,0,0,0,0,0,0.0,0.0,0.0,0.0,2,3,3,25,Juventus,SUI,MF,Midfielder,1,1,False,0.0,0.0,0.0,0.0,0.0,0.0,1.4285714285714286,2.142857142857143,2.142857142857143,True,False,,False,,False,,False
Denso Kasius,2022-2023,7,4,342,3.8,0,2,2,0,0,0,1,0,0.1,0.1,0.7,0.8,9,9,21,19,Bologna,NED,DF,Defender,1,1,False,0.0,0.5263157894736842,0.5263157894736842,0.026315789473684213,0.18421052631578946,0.026315789473684213,2.368421052631579,2.368421052631579,5.526315789473684,True,False,,False,,False,,False
Denzel Dumfries,2022-2023,34,25,2218,24.6,1,4,5,1,0,0,4,0,3.6,3.6,4.9,8.5,62,59,172,26,Inter,NED,DF,Defender,1,1,False,0.04065040650406504,0.16260162601626016,0.2032520325203252,0.14634146341463414,0.1991869918699187,0.14634146341463414,2.5203252032520322,2.3983739837398375,6.991869918699186,False,True,2.0,False,2.0,True,0,True
Destiny Udogie,2022-2023,33,31,2704,30.0,3,4,7,3,0,0,5,0,2.9,2.9,4.2,7.1,109,106,155,19,Udinese,ITA,DF,Defender,1,1,False,0.1,0.13333333333333333,0.23333333333333334,0.09666666666666666,0.14,0.09666666666666666,3.6333333333333333,3.533333333333333,5.166666666666667,False,False,,False,,False,,False
Deyovaisio Zeefuik,2022-2023,1,0,10,0.1,0,0,0,0,0,0,0,0,0.0,0.0,0.0,0.0,1,0,1,24,Hellas Verona,NED,DF,Defender,1,1,False,0.0,0.0,0.0,0.0,0.0,0.0,10.0,0.0,10.0,True,False,,False,,False,,False
Diego Coppola,2022-2023,19,11,1177,13.1,0,0,0,0,0,0,5,0,0.3,0.3,0.0,0.3,9,42,8,18,Hellas Verona,ITA,DF,Defender,1,1,False,0.0,0.0,0.0,0.022900763358778626,0.0,0.022900763358778626,0.6870229007633588,3.2061068702290076,0.6106870229007634,False,False,,False,,False,,False
Diego Demme,2022-2023,7,2,146,1.6,0,0,0,0,0,0,0,0,0.0,0.0,0.0,0.0,3,16,1,30,Napoli,GER,MF,Midfielder,1,1,False,0.0,0.0,0.0,0.0,0.0,0.0,1.875,10.0,0.625,True,False,,False,,False,,False
Diego Llorente,2022-2023,9,5,573,6.4,0,0,0,0,0,0,0,0,0.4,0.4,0.1,0.5,2,12,3,28,Roma,ESP,DF,Defender,1,1,False,0.0,0.0,0.0,0.0625,0.015625,0.0625,0.3125,1.875,0.46875,False,False,,False,,False,,False
Diego Valencia,2022-2023,12,0,231,2.6,0,0,0,0,0,0,1,0,0.1,0.1,0.1,0.2,1,4,21,22,Salernitana,CHI,"MF,FW",Midfielder,2,1,False,0.0,0.0,0.0,0.038461538461538464,0.038461538461538464,0.038461538461538464,0.3846153846153846,1.5384615384615383,8.076923076923077,True,False,,False,,False,,False
Dimitris Nikolaou,2022-2023,36,34,2958,32.9,1,0,1,1,0,0,9,1,0.8,0.8,0.9,1.7,20,105,15,23,Spezia,GRE,DF,Defender,1,1,False,0.030395136778115502,0.0,0.030395136778115502,0.024316109422492405,0.02735562310030395,0.024316109422492405,0.60790273556231,3.1914893617021276,0.45592705167173253,False,False,,False,,False,,False
Divock Origi,2022-2023,27,10,1027,11.4,2,1,3,2,0,0,1,0,2.1,2.1,1.2,3.3,24,18,79,27,Milan,BEL,FW,Forward,1,1,False,0.17543859649122806,0.08771929824561403,0.2631578947368421,0.18421052631578946,0.10526315789473684,0.18421052631578946,2.1052631578947367,1.5789473684210527,6.9298245614035086,False,False,,False,,False,,False
Dodô,2022-2023,33,28,2331,25.9,1,3,4,1,0,0,5,1,0.7,0.7,2.2,2.9,72,141,104,23,Fiorentina,BRA,DF,Defender,1,1,False,0.03861003861003861,0.11583011583011583,0.15444015444015444,0.02702702702702703,0.08494208494208495,0.02702702702702703,2.77992277992278,5.444015444015444,4.015444015444015,False,False,,False,,False,,False
Domagoj Bradarić,2022-2023,31,24,2250,25.0,0,3,3,0,0,0,5,0,0.2,0.2,2.3,2.5,63,52,107,22,Salernitana,CRO,DF,Defender,1,1,False,0.0,0.12,0.12,0.008,0.092,0.008,2.52,2.08,4.28,False,False,,False,,False,,False
Domen Črnigoj,2022-2023,7,4,296,3.3,0,0,0,0,0,0,1,0,0.1,0.1,0.4,0.5,2,3,9,26,Salernitana,SVN,MF,Midfielder,1,1,False,0.0,0.0,0.0,0.030303030303030307,0.12121212121212123,0.030303030303030307,0.6060606060606061,0.9090909090909092,2.7272727272727275,True,False,,False,,False,,False
Domenico Berardi,2022-2023,26,22,1866,20.7,12,7,19,5,7,8,7,0,11.4,5.1,6.6,11.7,57,114,213,27,Sassuolo,ITA,FW,Forward,1,1,False,0.5797101449275363,0.33816425120772947,0.9178743961352658,0.5507246376811594,0.3188405797101449,0.24637681159420288,2.7536231884057973,5.507246376811595,10.289855072463768,False,False,,False,,False,,False
Duccio Degl'Innocenti,2022-2023,1,0,3,0.0,0,0,0,0,0,0,0,0,0.0,0.0,0.0,0.0,0,0,0,19,Empoli,ITA,MF,Midfielder,1,1,False,,,,,,,,,,True,False,,False,,False,,False
Duván Zapata,2022-2023,25,16,1390,15.4,2,2,4,2,0,0,1,0,3.9,3.9,1.1,5.1,35,40,140,31,Atalanta,COL,FW,Forward,1,1,False,0.12987012987012986,0.12987012987012986,0.2597402597402597,0.2532467532467532,0.07142857142857144,0.2532467532467532,2.2727272727272725,2.5974025974025974,9.09090909090909,False,False,,False,,False,,False
Dušan Vlahović,2022-2023,27,22,1925,21.4,10,2,12,8,2,3,1,0,9.7,7.3,2.4,9.8,22,40,117,22,Juventus,SRB,FW,Forward,1,1,False,0.4672897196261683,0.09345794392523366,0.5607476635514019,0.4532710280373832,0.11214953271028037,0.34112149532710284,1.0280373831775702,1.869158878504673,5.4672897196261685,False,False,,False,,False,,False
Dylan Bronn,2022-2023,24,19,1683,18.7,0,0,0,0,0,0,5,1,0.7,0.7,0.4,1.0,10,70,5,27,Salernitana,TUN,DF,Defender,1,1,False,0.0,0.0,0.0,0.0374331550802139,0.021390374331550804,0.0374331550802139,0.5347593582887701,3.7433155080213907,0.26737967914438504,False,False,,False,,False,,False
Dávid Strelec,2022-2023,7,1,169,1.9,0,0,0,0,0,0,0,0,0.5,0.5,0.1,0.6,2,1,14,21,Spezia,SVK,FW,Forward,1,1,False,0.0,0.0,0.0,0.2631578947368421,0.052631578947368425,0.2631578947368421,1.0526315789473684,0.5263157894736842,7.36842105263158,True,False,,False,,False,,False
Edin Džeko,2022-2023,33,18,1732,19.2,9,3,12,9,0,0,3,0,9.7,9.7,3.2,13.0,32,67,150,36,Inter,BIH,FW,Forward,1,1,False,0.46875,0.15625,0.625,0.5052083333333334,0.16666666666666669,0.5052083333333334,1.6666666666666667,3.4895833333333335,7.8125,False,True,0.0,False,0.0,True,0,True
Edoardo Bove,2022-2023,22,10,992,11.0,1,0,1,1,0,0,2,0,0.8,0.5,0.9,1.4,9,33,26,20,Roma,ITA,MF,Midfielder,1,1,False,0.09090909090909091,0.0,0.09090909090909091,0.07272727272727274,0.08181818181818182,0.045454545454545456,0.8181818181818182,3.0,2.3636363636363638,False,False,,False,,False,,False
Eldor Shomurodov,2022-2023,21,10,928,10.3,1,1,2,1,0,0,2,0,3.4,3.4,1.4,4.8,10,19,68,27,MULTI:Roma|Spezia,UZB,FW,Forward,1,2,True,0.0970873786407767,0.0970873786407767,0.1941747572815534,0.33009708737864074,0.13592233009708737,0.33009708737864074,0.9708737864077669,1.8446601941747571,6.601941747572815,False,False,,False,,False,,False
Elif Elmas,2022-2023,36,14,1627,18.1,6,3,9,5,1,1,5,0,4.0,3.3,1.9,5.2,42,73,103,22,Napoli,MKD,"FW,MF",Forward,2,1,False,0.3314917127071823,0.16574585635359115,0.49723756906077343,0.22099447513812154,0.10497237569060772,0.18232044198895025,2.320441988950276,4.0331491712707175,5.69060773480663,False,False,,False,,False,,False
Elseid Hysaj,2022-2023,34,22,1998,22.2,1,1,2,1,0,0,3,0,0.2,0.2,1.1,1.3,36,103,60,28,Lazio,ALB,DF,Defender,1,1,False,0.04504504504504505,0.04504504504504505,0.0900900900900901,0.009009009009009009,0.04954954954954956,0.009009009009009009,1.6216216216216217,4.63963963963964,2.7027027027027026,False,False,,False,,False,,False
Emanuel Aiwum,2022-2023,23,17,1653,18.4,0,0,0,0,0,0,3,0,0.2,0.2,0.4,0.6,19,46,7,21,Cremonese,AUT,DF,Defender,1,1,False,0.0,0.0,0.0,0.010869565217391306,0.02173913043478261,0.010869565217391306,1.032608695652174,2.5,0.3804347826086957,False,False,,False,,False,,False
Emanuel Vignato,2022-2023,13,2,299,3.3000000000000003,1,1,2,1,0,0,1,0,0.30000000000000004,0.30000000000000004,0.5,0.8,4,16,9,21,MULTI:Bologna|Empoli,ITA,"MF,FW",Midfielder,2,2,True,0.303030303030303,0.303030303030303,0.606060606060606,0.09090909090909091,0.1515151515151515,0.09090909090909091,1.212121212121212,4.848484848484848,2.727272727272727,True,False,,False,,False,,False
Emanuele Valeri,2022-2023,37,31,2785,30.9,2,3,5,2,0,0,3,0,2.2,2.2,4.6,6.8,111,90,158,23,Cremonese,ITA,DF,Defender,1,1,False,0.06472491909385114,0.0970873786407767,0.16181229773462785,0.07119741100323626,0.1488673139158576,0.07119741100323626,3.592233009708738,2.912621359223301,5.11326860841424,False,False,,False,,False,,False
Emil Audero,2022-2023,25,25,2250,25.0,0,0,0,0,0,0,1,0,0.0,0.0,0.0,0.0,0,0,0,25,Sampdoria,IDN,GK,Goalkeeper,1,1,False,0.0,0.0,0.0,0.0,0.0,0.0,0.0,0.0,0.0,False,False,,False,,False,,False
Emil Bohinen,2022-2023,24,9,832,9.2,0,0,0,0,0,0,0,0,0.1,0.1,0.7,0.8,12,31,16,23,Salernitana,NOR,MF,Midfielder,1,1,False,0.0,0.0,0.0,0.010869565217391306,0.07608695652173914,0.010869565217391306,1.3043478260869565,3.3695652173913047,1.7391304347826089,False,False,,False,,False,,False
Emil Ceide,2022-2023,19,5,515,5.7,0,1,1,0,0,0,0,0,0.8,0.8,1.3,2.1,37,19,47,20,Sassuolo,NOR,FW,Forward,1,1,False,0.0,0.17543859649122806,0.17543859649122806,0.14035087719298245,0.22807017543859648,0.14035087719298245,6.491228070175438,3.333333333333333,8.24561403508772,False,False,,False,,False,,False
Emil Holm,2022-2023,20,17,1393,15.5,1,1,2,1,0,0,4,0,1.2,1.2,1.3,2.5,41,40,82,22,Spezia,SWE,DF,Defender,1,1,False,0.06451612903225806,0.06451612903225806,0.12903225806451613,0.07741935483870968,0.08387096774193549,0.07741935483870968,2.6451612903225805,2.5806451612903225,5.290322580645161,False,False,,False,,False,,False
Emirhan İlkhan,2022-2023,12,1,200,2.3,0,0,0,0,0,0,1,0,0.0,0.0,0.2,0.2,3,13,11,18,MULTI:Sampdoria|Torino,TUR,MF,Midfielder,1,2,True,0.0,0.0,0.0,0.0,0.08695652173913045,0.0,1.3043478260869565,5.6521739130434785,4.782608695652175,True,False,,False,,False,,False
Emmanuel Ekong,2022-2023,2,0,20,0.2,0,0,0,0,0,0,0,0,0.0,0.0,0.0,0.0,1,0,1,20,Empoli,SWE,"FW,MF",Forward,2,1,False,0.0,0.0,0.0,0.0,0.0,0.0,5.0,0.0,5.0,True,False,,False,,False,,False
Emmanuel Gyasi,2022-2023,35,35,2810,31.2,2,0,2,2,0,0,10,0,4.0,4.0,1.9,5.9,35,52,154,28,Spezia,GHA,"FW,DF",Forward,2,1,False,0.06410256410256411,0.0,0.06410256410256411,0.12820512820512822,0.060897435897435896,0.12820512820512822,1.1217948717948718,1.6666666666666667,4.935897435897436,False,False,,False,,False,,False
Enzo Barrenechea,2022-2023,3,3,158,1.8,0,0,0,0,0,0,0,0,0.1,0.1,0.0,0.1,1,5,2,21,Juventus,ARG,MF,Midfielder,1,1,False,0.0,0.0,0.0,0.05555555555555556,0.0,0.05555555555555556,0.5555555555555556,2.7777777777777777,1.1111111111111112,True,False,,False,,False,,False
Enzo Ebosse,2022-2023,20,9,930,10.3,0,0,0,0,0,0,3,0,0.1,0.1,0.0,0.1,11,51,20,23,Udinese,CMR,DF,Defender,1,1,False,0.0,0.0,0.0,0.009708737864077669,0.0,0.009708737864077669,1.0679611650485437,4.951456310679611,1.9417475728155338,False,False,,False,,False,,False
Erik Botheim,2022-2023,28,9,866,9.6,1,3,4,1,0,0,2,0,0.6,0.6,1.8,2.3,11,21,61,22,Salernitana,NOR,"MF,FW",Midfielder,2,1,False,0.10416666666666667,0.3125,0.4166666666666667,0.0625,0.1875,0.0625,1.1458333333333335,2.1875,6.354166666666667,False,False,,False,,False,,False
Ethan Ampadu,2022-2023,31,31,2639,29.3,0,1,1,0,0,0,10,1,1.1,1.1,1.1,2.2,28,125,10,21,Spezia,WAL,"DF,MF",Defender,2,1,False,0.0,0.034129692832764506,0.034129692832764506,0.03754266211604096,0.03754266211604096,0.03754266211604096,0.9556313993174061,4.266211604095563,0.341296928327645,False,False,,False,,False,,False
Fabiano Parisi,2022-2023,33,33,2830,31.4,2,0,2,2,0,0,10,1,1.8,1.8,2.0,3.8,102,154,68,21,Empoli,ITA,DF,Defender,1,1,False,0.06369426751592357,0.0,0.06369426751592357,0.05732484076433121,0.06369426751592357,0.05732484076433121,3.248407643312102,4.904458598726115,2.1656050955414012,False,False,,False,,False,,False
Fabio Depaoli,2022-2023,34,25,2309,25.6,2,2,4,2,0,0,8,0,1.9,1.9,1.6,3.5,30,76,82,25,MULTI:Hellas Verona|Sampdoria,ITA,"DF,MF",Defender,2,2,True,0.078125,0.078125,0.15625,0.07421874999999999,0.0625,0.07421874999999999,1.171875,2.96875,3.203125,False,False,,False,,False,,False
Fabio Miretti,2022-2023,27,14,1234,13.7,0,2,2,0,0,0,2,0,2.4,2.4,1.3,3.8,33,60,85,18,Juventus,ITA,"MF,FW",Midfielder,2,1,False,0.0,0.14598540145985403,0.14598540145985403,0.17518248175182483,0.09489051094890512,0.17518248175182483,2.408759124087591,4.37956204379562,6.204379562043796,False,False,,False,,False,,False
Fabio Quagliarella,2022-2023,23,7,800,8.9,1,1,2,1,0,0,2,0,2.8,2.8,0.7,3.5,5,25,72,39,Sampdoria,ITA,FW,Forward,1,1,False,0.11235955056179775,0.11235955056179775,0.2247191011235955,0.3146067415730337,0.07865168539325842,0.3146067415730337,0.5617977528089887,2.8089887640449436,8.089887640449438,False,False,,False,,False,,False
Federico Baschirotto,2022-2023,37,37,3330,37.0,3,0,3,3,0,0,6,0,1.9,1.9,0.7,2.6,12,107,12,25,Lecce,ITA,DF,Defender,1,1,False,0.08108108108108109,0.0,0.08108108108108109,0.05135135135135135,0.018918918918918916,0.05135135135135135,0.32432432432432434,2.891891891891892,0.32432432432432434,False,False,,False,,False,,False
Federico Bonazzoli,2022-2023,24,12,1119,12.4,2,1,3,2,0,0,1,0,2.4,2.4,1.1,3.5,11,43,67,25,Salernitana,ITA,"FW,MF",Forward,2,1,False,0.16129032258064516,0.08064516129032258,0.24193548387096772,0.1935483870967742,0.08870967741935484,0.1935483870967742,0.8870967741935484,3.467741935483871,5.403225806451613,False,False,,False,,False,,False
Federico Ceccherini,2022-2023,22,18,1417,15.7,2,0,2,2,0,0,9,1,0.8,0.8,0.2,1.0,25,53,20,30,Hellas Verona,ITA,DF,Defender,1,1,False,0.12738853503184713,0.0,0.12738853503184713,0.050955414012738856,0.012738853503184714,0.050955414012738856,1.5923566878980893,3.375796178343949,1.2738853503184715,False,False,,False,,False,,False
Federico Chiesa,2022-2023,21,6,852,9.5,2,5,7,2,0,0,2,0,1.5,1.5,2.6,4.1,46,34,88,24,Juventus,ITA,"DF,MF",Defender,2,1,False,0.21052631578947367,0.5263157894736842,0.7368421052631579,0.15789473684210525,0.2736842105263158,0.15789473684210525,4.842105263157895,3.5789473684210527,9.263157894736842,False,False,,False,,False,,False
Federico Di Francesco,2022-2023,36,23,2031,22.6,2,2,4,2,0,0,5,0,3.2,3.2,2.7,6.0,50,60,177,28,Lecce,ITA,"FW,MF",Forward,2,1,False,0.08849557522123894,0.08849557522123894,0.17699115044247787,0.1415929203539823,0.11946902654867257,0.1415929203539823,2.2123893805309733,2.654867256637168,7.831858407079645,False,False,,False,,False,,False
Federico Dimarco,2022-2023,33,26,2069,23.0,4,3,7,4,0,0,0,0,3.1,3.1,6.9,9.9,45,88,189,24,Inter,ITA,DF,Defender,1,1,False,0.17391304347826086,0.13043478260869565,0.30434782608695654,0.13478260869565217,0.3,0.13478260869565217,1.9565217391304348,3.8260869565217392,8.217391304347826,False,True,3.0,False,3.0,True,0,True
Federico Fazio,2022-2023,14,12,1074,11.9,1,0,1,1,0,0,2,1,0.7,0.7,0.1,0.8,13,40,4,35,Salernitana,ARG,DF,Defender,1,1,False,0.08403361344537814,0.0,0.08403361344537814,0.0588235294117647,0.008403361344537815,0.0588235294117647,1.0924369747899159,3.361344537815126,0.3361344537815126,False,False,,False,,False,,False
Federico Gatti,2022-2023,18,16,1448,16.1,0,0,0,0,0,0,4,0,0.6,0.6,1.5,2.0,18,56,13,24,Juventus,ITA,DF,Defender,1,1,False,0.0,0.0,0.0,0.03726708074534161,0.09316770186335403,0.03726708074534161,1.1180124223602483,3.4782608695652173,0.8074534161490683,False,False,,False,,False,,False
Federico Marchetti,2022-2023,1,0,66,0.7,0,0,0,0,0,0,0,1,0.0,0.0,0.0,0.0,0,0,0,39,Spezia,ITA,GK,Goalkeeper,1,1,False,0.0,0.0,0.0,0.0,0.0,0.0,0.0,0.0,0.0,True,False,,False,,False,,False
Felipe Anderson,2022-2023,38,35,2958,32.9,9,2,11,9,0,0,3,0,6.0,6.0,4.8,10.9,83,114,224,29,Lazio,BRA,FW,Forward,1,1,False,0.27355623100303955,0.060790273556231005,0.3343465045592705,0.182370820668693,0.1458966565349544,0.182370820668693,2.522796352583587,3.4650455927051675,6.808510638297872,False,False,,False,,False,,False
Felix Afena-Gyan,2022-2023,23,7,817,9.1,0,0,0,0,0,0,4,0,1.9,1.9,0.1,2.0,22,8,54,19,Cremonese,GHA,"FW,MF",Forward,2,1,False,0.0,0.0,0.0,0.2087912087912088,0.01098901098901099,0.2087912087912088,2.417582417582418,0.8791208791208791,5.934065934065934,False,False,,False,,False,,False
Festy Ebosele,2022-2023,17,4,411,4.6,0,1,1,0,0,0,4,0,0.2,0.2,0.9,1.1,27,17,22,19,Udinese,IRL,DF,Defender,1,1,False,0.0,0.2173913043478261,0.2173913043478261,0.04347826086956522,0.1956521739130435,0.04347826086956522,5.869565217391305,3.695652173913044,4.782608695652175,True,False,,False,,False,,False
Fikayo Tomori,2022-2023,33,32,2760,30.7,1,1,2,1,0,0,5,0,1.3,1.3,0.8,2.1,26,122,10,24,Milan,ENG,DF,Defender,1,1,False,0.03257328990228013,0.03257328990228013,0.06514657980456026,0.042345276872964174,0.026058631921824105,0.042345276872964174,0.8469055374592834,3.973941368078176,0.32573289902280134,False,False,,False,,False,,False
Filip Kostić,2022-2023,37,33,2564,28.5,3,8,11,3,0,0,3,0,2.4,2.4,7.1,9.4,101,78,230,29,Juventus,SRB,"DF,FW",Defender,2,1,False,0.10526315789473684,0.2807017543859649,0.38596491228070173,0.08421052631578947,0.24912280701754386,0.08421052631578947,3.543859649122807,2.736842105263158,8.070175438596491,False,False,,False,,False,,False
Filip Đuričić,2022-2023,32,27,2171,24.1,3,0,3,3,0,0,9,0,2.7,2.7,1.9,4.6,39,77,83,30,Sampdoria,SRB,"MF,FW",Midfielder,2,1,False,0.12448132780082986,0.0,0.12448132780082986,0.11203319502074689,0.07883817427385892,0.11203319502074689,1.6182572614107882,3.1950207468879666,3.4439834024896263,False,False,,False,,False,,False
Filippo Bandinelli,2022-2023,35,28,2263,25.1,2,0,2,2,0,0,10,0,1.7,1.7,2.6,4.4,40,101,89,27,Empoli,ITA,MF,Midfielder,1,1,False,0.0796812749003984,0.0,0.0796812749003984,0.06772908366533864,0.10358565737051792,0.06772908366533864,1.593625498007968,4.0239043824701195,3.545816733067729,False,False,,False,,False,,False
Filippo Missori,2022-2023,3,2,181,2.0,0,0,0,0,0,0,1,0,0.0,0.0,0.0,0.0,1,0,3,18,Roma,ITA,DF,Defender,1,1,False,0.0,0.0,0.0,0.0,0.0,0.0,0.5,0.0,1.5,True,False,,False,,False,,False
Filippo Ranocchia,2022-2023,14,5,530,5.9,1,0,1,1,0,0,1,0,1.2,1.2,0.4,1.6,13,26,15,21,Monza,ITA,MF,Midfielder,1,1,False,0.1694915254237288,0.0,0.1694915254237288,0.20338983050847456,0.06779661016949153,0.20338983050847456,2.2033898305084745,4.406779661016949,2.542372881355932,False,False,,False,,False,,False
Filippo Romagna,2022-2023,2,0,46,0.5,0,0,0,0,0,0,0,0,0.0,0.0,0.0,0.0,1,0,0,25,Sassuolo,ITA,DF,Defender,1,1,False,0.0,0.0,0.0,0.0,0.0,0.0,2.0,0.0,0.0,True,False,,False,,False,,False
Filippo Terracciano,2022-2023,20,7,821,9.1,0,1,1,0,0,0,2,0,0.2,0.2,1.2,1.4,16,37,24,19,Hellas Verona,ITA,"DF,MF",Defender,2,1,False,0.0,0.10989010989010989,0.10989010989010989,0.02197802197802198,0.13186813186813187,0.02197802197802198,1.7582417582417582,4.065934065934066,2.6373626373626373,False,False,,False,,False,,False
Flavio Paoletti,2022-2023,12,1,284,3.2,0,0,0,0,0,0,1,0,0.0,0.0,0.0,0.0,7,8,8,19,Sampdoria,ITA,MF,Midfielder,1,1,False,0.0,0.0,0.0,0.0,0.0,0.0,2.1875,2.5,2.5,True,False,,False,,False,,False
Flavius Daniliuc,2022-2023,27,23,2195,24.4,0,2,2,0,0,0,9,0,0.6,0.6,0.5,1.2,14,70,5,21,Salernitana,AUT,DF,Defender,1,1,False,0.0,0.0819672131147541,0.0819672131147541,0.02459016393442623,0.020491803278688527,0.02459016393442623,0.5737704918032788,2.8688524590163937,0.20491803278688525,False,False,,False,,False,,False
Florian Thauvin,2022-2023,16,5,546,6.1,0,0,0,0,0,0,1,0,0.7,0.7,1.1,1.7,19,24,49,29,Udinese,FRA,"FW,MF",Forward,2,1,False,0.0,0.0,0.0,0.11475409836065574,0.18032786885245905,0.11475409836065574,3.114754098360656,3.934426229508197,8.032786885245901,False,False,,False,,False,,False
Fodé Ballo-Touré,2022-2023,10,5,523,5.8,1,0,1,1,0,0,0,0,0.6,0.6,0.2,0.9,11,25,31,25,Milan,SEN,DF,Defender,1,1,False,0.1724137931034483,0.0,0.1724137931034483,0.10344827586206896,0.034482758620689655,0.10344827586206896,1.896551724137931,4.310344827586207,5.344827586206897,False,False,,False,,False,,False
Francesco Acerbi,2022-2023,31,25,2425,26.9,0,2,2,0,0,0,4,0,1.0,1.0,1.1,2.1,39,100,32,34,Inter,ITA,DF,Defender,1,1,False,0.0,0.07434944237918216,0.07434944237918216,0.03717472118959108,0.04089219330855019,0.03717472118959108,1.449814126394052,3.717472118959108,1.1895910780669146,False,True,,True,-1.0,True,0,True
Francesco Bardi,2022-2023,1,1,90,1.0,0,0,0,0,0,0,0,0,0.0,0.0,0.0,0.0,0,0,0,30,Bologna,ITA,GK,Goalkeeper,1,1,False,0.0,0.0,0.0,0.0,0.0,0.0,0.0,0.0,0.0,True,False,,False,,False,,False
Francesco Caputo,2022-2023,36,33,2802,31.2,6,4,10,4,2,2,1,0,9.4,7.800000000000001,2.7,10.5,22,32,204,34,MULTI:Empoli|Sampdoria,ITA,FW,Forward,1,2,True,0.19230769230769232,0.12820512820512822,0.32051282051282054,0.3012820512820513,0.08653846153846155,0.25000000000000006,0.7051282051282052,1.0256410256410258,6.538461538461538,False,False,,False,,False,,False
Francesco Rossi,2022-2023,1,0,4,0.0,0,0,0,0,0,0,0,0,0.0,0.0,0.0,0.0,0,0,0,31,Atalanta,ITA,GK,Goalkeeper,1,1,False,,,,,,,,,,True,False,,False,,False,,False
Franck Ribéry,2022-2023,1,0,37,0.4,0,0,0,0,0,0,0,0,0.0,0.0,0.0,0.0,1,1,4,39,Salernitana,FRA,MF,Midfielder,1,1,False,0.0,0.0,0.0,0.0,0.0,0.0,2.5,2.5,10.0,True,False,,False,,False,,False
Franco Carboni,2022-2023,3,0,66,0.7,0,0,0,0,0,0,0,0,0.1,0.1,0.0,0.1,7,2,8,19,Monza,ITA,"DF,FW",Defender,2,1,False,0.0,0.0,0.0,0.14285714285714288,0.0,0.14285714285714288,10.0,2.857142857142857,11.428571428571429,True,False,,False,,False,,False
Frank Tsadjout,2022-2023,20,14,1051,11.7,3,1,4,3,0,0,1,0,2.0,2.0,0.5,2.6,15,18,63,23,Cremonese,ITA,FW,Forward,1,1,False,0.25641025641025644,0.08547008547008547,0.3418803418803419,0.17094017094017094,0.042735042735042736,0.17094017094017094,1.2820512820512822,1.5384615384615385,5.384615384615385,False,False,,False,,False,,False
Gabriel Strefezza,2022-2023,35,30,2442,27.1,8,4,12,6,2,3,5,0,6.2,3.9,4.3,8.2,71,107,177,25,Lecce,BRA,"FW,MF",Forward,2,1,False,0.2952029520295203,0.14760147601476015,0.44280442804428044,0.2287822878228782,0.15867158671586715,0.14391143911439114,2.6199261992619927,3.9483394833948338,6.531365313653136,False,False,,False,,False,,False
Gaetano Castrovilli,2022-2023,15,7,718,8.0,2,1,3,2,0,0,3,0,1.2,1.2,1.1,2.3,12,14,16,25,Fiorentina,ITA,MF,Midfielder,1,1,False,0.25,0.125,0.375,0.15,0.1375,0.15,1.5,1.75,2.0,False,False,,False,,False,,False
Gary Medel,2022-2023,29,17,1478,16.4,0,1,1,0,0,0,5,0,0.1,0.1,0.4,0.5,1,58,5,34,Bologna,CHI,"MF,DF",Midfielder,2,1,False,0.0,0.06097560975609757,0.06097560975609757,0.006097560975609757,0.02439024390243903,0.006097560975609757,0.06097560975609757,3.536585365853659,0.30487804878048785,False,False,,False,,False,,False
Georginio Wijnaldum,2022-2023,14,10,769,8.5,2,0,2,2,0,0,0,0,2.2,2.2,0.7,2.9,16,18,33,31,Roma,NED,MF,Midfielder,1,1,False,0.23529411764705882,0.0,0.23529411764705882,0.25882352941176473,0.08235294117647059,0.25882352941176473,1.8823529411764706,2.1176470588235294,3.8823529411764706,False,False,,False,,False,,False
Gerard Deulofeu,2022-2023,16,15,1211,13.5,2,6,8,2,0,0,1,0,5.1,5.1,4.4,9.5,72,82,118,28,Udinese,ESP,FW,Forward,1,1,False,0.14814814814814814,0.4444444444444444,0.5925925925925926,0.37777777777777777,0.32592592592592595,0.37777777777777777,5.333333333333333,6.074074074074074,8.74074074074074,False,False,,False,,False,,False
Gerard Yepes,2022-2023,5,2,198,2.2,0,0,0,0,0,0,2,0,0.1,0.1,0.0,0.1,3,7,6,19,Sampdoria,ESP,MF,Midfielder,1,1,False,0.0,0.0,0.0,0.045454545454545456,0.0,0.045454545454545456,1.3636363636363635,3.1818181818181817,2.727272727272727,True,False,,False,,False,,False
Giacomo Bonaventura,2022-2023,30,21,1911,21.2,5,1,6,5,0,0,4,1,4.3,4.3,3.1,7.4,64,102,91,32,Fiorentina,ITA,MF,Midfielder,1,1,False,0.2358490566037736,0.04716981132075472,0.2830188679245283,0.2028301886792453,0.14622641509433962,0.2028301886792453,3.018867924528302,4.811320754716982,4.2924528301886795,False,False,,False,,False,,False
Giacomo Quagliata,2022-2023,20,6,699,7.8,0,1,1,0,0,0,0,1,0.5,0.5,1.0,1.5,19,28,45,22,Cremonese,ITA,DF,Defender,1,1,False,0.0,0.12820512820512822,0.12820512820512822,0.06410256410256411,0.12820512820512822,0.06410256410256411,2.435897435897436,3.58974358974359,5.769230769230769,False,False,,False,,False,,False
Giacomo Raspadori,2022-2023,26,10,956,10.6,2,2,4,2,0,0,1,0,3.5,3.5,1.3,4.8,13,35,92,22,MULTI:Napoli|Sassuolo,ITA,"FW,MF",Forward,2,2,True,0.18867924528301888,0.18867924528301888,0.37735849056603776,0.33018867924528306,0.12264150943396228,0.33018867924528306,1.2264150943396226,3.30188679245283,8.679245283018869,False,False,,False,,False,,False
Gian Marco Ferrari,2022-2023,33,24,2223,24.7,1,0,1,1,0,0,5,0,1.2,1.2,0.4,1.6,11,101,4,30,Sassuolo,ITA,DF,Defender,1,1,False,0.04048582995951417,0.0,0.04048582995951417,0.048582995951417005,0.016194331983805668,0.048582995951417005,0.4453441295546559,4.089068825910931,0.16194331983805668,False,False,,False,,False,,False
Giangiacomo Magnani,2022-2023,24,19,1532,17.0,0,1,1,0,0,0,7,1,0.5,0.5,0.2,0.7,5,32,5,26,Hellas Verona,ITA,DF,Defender,1,1,False,0.0,0.058823529411764705,0.058823529411764705,0.029411764705882353,0.011764705882352941,0.029411764705882353,0.29411764705882354,1.8823529411764706,0.29411764705882354,False,False,,False,,False,,False
Gianluca Caprari,2022-2023,37,32,2441,27.1,5,2,7,4,1,1,7,0,5.0,4.2,2.5,6.7,100,92,188,29,Monza,ITA,"MF,FW",Midfielder,2,1,False,0.18450184501845018,0.07380073800738007,0.25830258302583026,0.18450184501845018,0.09225092250922509,0.15498154981549817,3.6900369003690034,3.394833948339483,6.937269372693726,False,False,,False,,False,,False
Gianluca Gaetano,2022-2023,8,0,76,0.8,1,1,2,1,0,0,0,0,1.1,1.1,0.2,1.2,4,4,9,22,Napoli,ITA,MF,Midfielder,1,1,False,1.25,1.25,2.5,1.375,0.25,1.375,5.0,5.0,11.25,True,False,,False,,False,,False
Gianluca Mancini,2022-2023,35,33,2858,31.8,1,2,3,1,0,0,7,0,2.5,2.5,1.6,4.1,17,93,19,26,Roma,ITA,DF,Defender,1,1,False,0.031446540880503145,0.06289308176100629,0.09433962264150943,0.07861635220125786,0.050314465408805034,0.07861635220125786,0.5345911949685535,2.9245283018867925,0.5974842767295597,False,False,,False,,False,,False
Gianluca Pegolo,2022-2023,2,2,180,2.0,0,0,0,0,0,0,0,0,0.0,0.0,0.0,0.0,0,0,0,41,Sassuolo,ITA,GK,Goalkeeper,1,1,False,0.0,0.0,0.0,0.0,0.0,0.0,0.0,0.0,0.0,True,False,,False,,False,,False
Giorgio Scalvini,2022-2023,32,29,2335,25.9,2,2,4,2,0,0,7,0,2.0,2.0,0.4,2.4,22,158,34,18,Atalanta,ITA,DF,Defender,1,1,False,0.07722007722007722,0.07722007722007722,0.15444015444015444,0.07722007722007722,0.015444015444015446,0.07722007722007722,0.8494208494208495,6.100386100386101,1.3127413127413128,False,False,,False,,False,,False
Giorgos Kyriakopoulos,2022-2023,24,17,1470,16.3,1,3,4,1,0,0,5,0,1.3,1.3,2.2,3.5,38,55,96,26,MULTI:Bologna|Sassuolo,GRE,"DF,FW",Forward,2,2,True,0.06134969325153374,0.18404907975460122,0.24539877300613497,0.07975460122699386,0.13496932515337423,0.07975460122699386,2.331288343558282,3.374233128834356,5.889570552147239,False,False,,False,,False,,False
Giovanni Di Lorenzo,2022-2023,37,36,3257,36.2,3,4,7,3,0,0,2,0,2.7,2.7,4.7,7.4,73,256,182,28,Napoli,ITA,DF,Defender,1,1,False,0.08287292817679558,0.11049723756906077,0.19337016574585633,0.07458563535911603,0.1298342541436464,0.07458563535911603,2.0165745856353587,7.071823204419889,5.027624309392265,False,False,,False,,False,,False
Giovanni Simeone,2022-2023,25,1,406,4.5,4,1,5,4,0,0,1,0,1.4,1.4,1.2,2.5,11,9,34,27,Napoli,ARG,FW,Forward,1,1,False,0.8888888888888888,0.2222222222222222,1.1111111111111112,0.3111111111111111,0.26666666666666666,0.3111111111111111,2.4444444444444446,2.0,7.555555555555555,True,False,,False,,False,,False
Giulio Donati,2022-2023,8,4,422,4.7,1,0,1,1,0,0,4,2,0.4,0.4,0.1,0.5,4,21,8,32,Monza,ITA,DF,Defender,1,1,False,0.2127659574468085,0.0,0.2127659574468085,0.0851063829787234,0.02127659574468085,0.0851063829787234,0.851063829787234,4.468085106382978,1.702127659574468,True,False,,False,,False,,False
Giulio Maggiore,2022-2023,16,11,894,9.9,0,0,0,0,0,0,2,0,0.5,0.5,0.5,0.9,7,53,13,24,Salernitana,ITA,MF,Midfielder,1,1,False,0.0,0.0,0.0,0.050505050505050504,0.050505050505050504,0.050505050505050504,0.7070707070707071,5.353535353535353,1.3131313131313131,False,False,,False,,False,,False
Giuseppe Pezzella,2022-2023,16,10,918,10.2,0,1,1,0,0,0,2,0,0.1,0.1,0.6,0.7,28,65,48,24,Lecce,ITA,DF,Defender,1,1,False,0.0,0.09803921568627452,0.09803921568627452,0.009803921568627453,0.058823529411764705,0.009803921568627453,2.7450980392156863,6.372549019607844,4.705882352941177,False,False,,False,,False,,False
Gleison Bremer,2022-2023,30,30,2634,29.3,4,1,5,4,0,0,6,0,4.9,4.9,1.7,6.6,8,54,4,25,Juventus,BRA,DF,Defender,1,1,False,0.13651877133105803,0.034129692832764506,0.1706484641638225,0.1672354948805461,0.058020477815699655,0.1672354948805461,0.27303754266211605,1.8430034129692832,0.13651877133105803,False,False,,False,,False,,False
Gonzalo Escalante,2022-2023,9,7,555,6.2,0,1,1,0,0,0,0,1,0.2,0.2,0.2,0.4,3,30,8,29,Cremonese,ARG,MF,Midfielder,1,1,False,0.0,0.16129032258064516,0.16129032258064516,0.03225806451612903,0.03225806451612903,0.03225806451612903,0.48387096774193544,4.838709677419355,1.2903225806451613,False,False,,False,,False,,False
Gonzalo Villar,2022-2023,15,8,696,7.7,0,0,0,0,0,0,2,0,0.0,0.0,0.0,0.0,9,26,2,24,Sampdoria,ESP,MF,Midfielder,1,1,False,0.0,0.0,0.0,0.0,0.0,0.0,1.1688311688311688,3.3766233766233764,0.2597402597402597,False,False,,False,,False,,False
Grigoris Kastanos,2022-2023,28,13,1286,14.3,2,1,3,2,0,0,4,0,1.9,1.9,0.6,2.5,27,57,59,24,Salernitana,CYP,"MF,DF",Midfielder,2,1,False,0.13986013986013984,0.06993006993006992,0.2097902097902098,0.13286713286713286,0.04195804195804195,0.13286713286713286,1.8881118881118881,3.986013986013986,4.125874125874126,False,False,,False,,False,,False
Grégoire Defrel,2022-2023,27,13,1167,13.0,2,1,3,2,0,0,3,0,3.5,3.5,0.5,4.0,11,10,75,31,Sassuolo,MTQ,FW,Forward,1,1,False,0.15384615384615385,0.07692307692307693,0.23076923076923078,0.2692307692307692,0.038461538461538464,0.2692307692307692,0.8461538461538461,0.7692307692307693,5.769230769230769,False,False,,False,,False,,False
Guglielmo Vicario,2022-2023,31,31,2783,30.9,0,0,0,0,0,0,3,0,0.0,0.0,0.0,0.0,0,0,0,25,Empoli,ITA,GK,Goalkeeper,1,1,False,0.0,0.0,0.0,0.0,0.0,0.0,0.0,0.0,0.0,False,False,,False,,False,,False
Guillermo Ochoa,2022-2023,20,20,1800,20.0,0,0,0,0,0,0,1,0,0.0,0.0,0.0,0.0,0,0,0,37,Salernitana,MEX,GK,Goalkeeper,1,1,False,0.0,0.0,0.0,0.0,0.0,0.0,0.0,0.0,0.0,False,False,,False,,False,,False
Gvidas Gineitis,2022-2023,3,2,136,1.5,0,0,0,0,0,0,2,0,0.0,0.0,0.0,0.0,3,6,7,18,Torino,LTU,MF,Midfielder,1,1,False,0.0,0.0,0.0,0.0,0.0,0.0,2.0,4.0,4.666666666666667,True,False,,False,,False,,False
Hakan Çalhanoğlu,2022-2023,33,28,2363,26.3,3,6,9,2,1,1,3,0,3.1,2.3,5.0,7.3,46,172,68,28,Inter,TUR,MF,Midfielder,1,1,False,0.11406844106463879,0.22813688212927757,0.34220532319391633,0.11787072243346007,0.19011406844106463,0.08745247148288972,1.7490494296577945,6.5399239543726235,2.585551330798479,False,True,1.0,False,1.0,True,0,True
Hamed Junior Traorè,2022-2023,11,6,591,6.6,0,3,3,0,0,0,1,0,1.0,1.0,1.8,2.7,14,26,36,22,Sassuolo,CIV,"MF,FW",Midfielder,2,1,False,0.0,0.4545454545454546,0.4545454545454546,0.15151515151515152,0.27272727272727276,0.15151515151515152,2.121212121212121,3.9393939393939394,5.454545454545455,False,False,,False,,False,,False
Hans Hateboer,2022-2023,17,17,1397,15.5,1,1,2,1,0,0,7,0,1.3,1.3,1.5,2.8,16,55,73,28,Atalanta,NED,DF,Defender,1,1,False,0.06451612903225806,0.06451612903225806,0.12903225806451613,0.08387096774193549,0.0967741935483871,0.08387096774193549,1.032258064516129,3.5483870967741935,4.709677419354839,False,False,,False,,False,,False
Hans Nicolussi Caviglia,2022-2023,12,6,586,6.5,1,0,1,1,0,0,2,0,0.4,0.4,0.0,0.5,4,19,2,22,Salernitana,ITA,MF,Midfielder,1,1,False,0.15384615384615385,0.0,0.15384615384615385,0.06153846153846154,0.0,0.06153846153846154,0.6153846153846154,2.923076923076923,0.3076923076923077,False,False,,False,,False,,False
Harry Winks,2022-2023,20,19,1716,19.1,0,0,0,0,0,0,2,0,0.6,0.6,1.3,1.8,19,117,17,26,Sampdoria,ENG,MF,Midfielder,1,1,False,0.0,0.0,0.0,0.031413612565445025,0.06806282722513089,0.031413612565445025,0.9947643979057591,6.12565445026178,0.8900523560209423,False,False,,False,,False,,False
Henrikh Mkhitaryan,2022-2023,31,24,1986,22.1,3,2,5,3,0,0,4,0,2.8,2.8,2.1,4.9,48,133,74,33,Inter,ARM,MF,Midfielder,1,1,False,0.13574660633484162,0.09049773755656108,0.2262443438914027,0.12669683257918551,0.09502262443438914,0.12669683257918551,2.171945701357466,6.018099547511312,3.34841628959276,False,True,1.0,False,1.0,True,0,True
Herculano Nabian,2022-2023,1,0,1,0.0,0,0,0,0,0,0,0,0,0.0,0.0,0.0,0.0,0,0,0,18,Empoli,POR,MF,Midfielder,1,1,False,,,,,,,,,,True,False,,False,,False,,False
Hirving Lozano,2022-2023,32,20,1605,17.8,3,3,6,2,1,1,3,0,5.4,4.6,3.3,7.9,86,49,190,27,Napoli,MEX,FW,Forward,1,1,False,0.16853932584269662,0.16853932584269662,0.33707865168539325,0.30337078651685395,0.18539325842696627,0.2584269662921348,4.831460674157303,2.752808988764045,10.674157303370785,False,False,,False,,False,,False
Ibrahim Sulemana,2022-2023,16,6,651,7.2,0,0,0,0,0,0,4,0,0.3,0.3,0.2,0.6,4,18,5,19,Hellas Verona,GHA,MF,Midfielder,1,1,False,0.0,0.0,0.0,0.041666666666666664,0.02777777777777778,0.041666666666666664,0.5555555555555556,2.5,0.6944444444444444,False,False,,False,,False,,False
Ignacio Pussetto,2022-2023,5,1,152,1.7,0,0,0,0,0,0,1,0,0.2,0.2,0.2,0.3,2,1,17,26,Sampdoria,ARG,"MF,DF",Midfielder,2,1,False,0.0,0.0,0.0,0.11764705882352942,0.11764705882352942,0.11764705882352942,1.1764705882352942,0.5882352941176471,10.0,True,False,,False,,False,,False
Igor,2022-2023,27,23,2057,22.9,0,0,0,0,0,0,10,1,0.5,0.5,0.2,0.8,19,76,2,24,Fiorentina,BRA,DF,Defender,1,1,False,0.0,0.0,0.0,0.02183406113537118,0.008733624454148473,0.02183406113537118,0.8296943231441049,3.3187772925764194,0.08733624454148473,False,False,,False,,False,,False
Ilija Nestorovski,2022-2023,21,5,638,7.1,2,1,3,2,0,0,3,0,1.6,1.6,0.5,2.1,1,19,29,32,Udinese,MKD,"FW,MF",Forward,2,1,False,0.28169014084507044,0.14084507042253522,0.4225352112676057,0.22535211267605637,0.07042253521126761,0.22535211267605637,0.14084507042253522,2.676056338028169,4.084507042253521,False,False,,False,,False,,False
Ionuț Radu,2022-2023,9,9,810,9.0,0,0,0,0,0,0,0,0,0.0,0.0,0.4,0.4,0,0,0,25,Cremonese,ROU,GK,Goalkeeper,1,1,False,0.0,0.0,0.0,0.0,0.044444444444444446,0.0,0.0,0.0,0.0,False,False,,False,,False,,False
Isaac Success,2022-2023,30,21,1815,20.2,1,6,7,1,0,0,4,0,3.3,3.3,4.0,7.3,37,53,200,26,Udinese,NGA,FW,Forward,1,1,False,0.04950495049504951,0.297029702970297,0.34653465346534656,0.16336633663366337,0.19801980198019803,0.16336633663366337,1.8316831683168318,2.623762376237624,9.900990099009901,False,False,,False,,False,,False
Isak Hien,2022-2023,32,28,2607,29.0,0,0,0,0,0,0,9,0,0.3,0.3,0.1,0.4,17,54,2,23,Hellas Verona,SWE,DF,Defender,1,1,False,0.0,0.0,0.0,0.010344827586206896,0.003448275862068966,0.010344827586206896,0.5862068965517241,1.8620689655172413,0.06896551724137931,False,False,,False,,False,,False
Ismaël Bennacer,2022-2023,28,24,2007,22.3,2,2,4,2,0,0,5,0,1.0,1.0,3.3,4.3,30,132,52,24,Milan,ALG,MF,Midfielder,1,1,False,0.08968609865470852,0.08968609865470852,0.17937219730941703,0.04484304932735426,0.14798206278026904,0.04484304932735426,1.3452914798206277,5.9192825112107625,2.3318385650224216,False,False,,False,,False,,False
Ivan Ilić,2022-2023,25,23,2028,22.6,2,3,5,2,0,0,4,0,0.6000000000000001,0.6000000000000001,2.1,2.7,47,105,48,21,MULTI:Hellas Verona|Torino,SRB,MF,Midfielder,1,2,True,0.08849557522123894,0.1327433628318584,0.22123893805309733,0.026548672566371685,0.09292035398230088,0.026548672566371685,2.079646017699115,4.646017699115044,2.1238938053097343,False,False,,False,,False,,False
Ivan Provedel,2022-2023,38,37,3413,37.9,0,0,0,0,0,0,1,0,0.0,0.0,0.0,0.0,0,0,0,28,Lazio,ITA,GK,Goalkeeper,1,1,False,0.0,0.0,0.0,0.0,0.0,0.0,0.0,0.0,0.0,False,False,,False,,False,,False
Ivan Radovanović,2022-2023,10,7,671,7.5,0,0,0,0,0,0,1,1,0.2,0.2,0.0,0.2,2,16,2,33,Salernitana,SRB,"MF,DF",Midfielder,2,1,False,0.0,0.0,0.0,0.02666666666666667,0.0,0.02666666666666667,0.26666666666666666,2.1333333333333333,0.26666666666666666,False,False,,False,,False,,False
Jack Hendry,2022-2023,4,2,220,2.4,0,0,0,0,0,0,1,0,0.0,0.0,0.0,0.0,1,9,0,27,Cremonese,SCO,DF,Defender,1,1,False,0.0,0.0,0.0,0.0,0.0,0.0,0.4166666666666667,3.75,0.0,True,False,,False,,False,,False
Jacopo Fazzini,2022-2023,21,8,825,9.2,0,0,0,0,0,0,4,0,1.0,1.0,0.9,1.9,11,21,40,19,Empoli,ITA,MF,Midfielder,1,1,False,0.0,0.0,0.0,0.10869565217391305,0.09782608695652174,0.10869565217391305,1.1956521739130437,2.2826086956521743,4.347826086956522,False,False,,False,,False,,False
Jacopo Sala,2022-2023,6,1,112,1.2,0,0,0,0,0,0,1,0,0.0,0.0,0.0,0.0,2,6,3,30,Spezia,ITA,MF,Midfielder,1,1,False,0.0,0.0,0.0,0.0,0.0,0.0,1.6666666666666667,5.0,2.5,True,False,,False,,False,,False
Jacopo Segre,2022-2023,1,0,21,0.2,0,0,0,0,0,0,0,0,0.0,0.0,0.0,0.0,0,0,0,25,Torino,ITA,DF,Defender,1,1,False,0.0,0.0,0.0,0.0,0.0,0.0,0.0,0.0,0.0,True,False,,False,,False,,False
Jaime Báez,2022-2023,2,1,96,1.1,0,0,0,0,0,0,0,0,0.1,0.1,0.1,0.3,5,4,8,27,Cremonese,URU,DF,Defender,1,1,False,0.0,0.0,0.0,0.09090909090909091,0.09090909090909091,0.09090909090909091,4.545454545454545,3.6363636363636362,7.2727272727272725,True,False,,False,,False,,False
Jaka Bijol,2022-2023,32,32,2728,30.3,3,2,5,3,0,0,10,0,2.2,2.2,1.6,3.9,3,66,7,23,Udinese,SVN,DF,Defender,1,1,False,0.099009900990099,0.066006600660066,0.16501650165016502,0.07260726072607261,0.052805280528052806,0.07260726072607261,0.099009900990099,2.1782178217821784,0.23102310231023102,False,False,,False,,False,,False
Jakub Kiwior,2022-2023,17,17,1443,16.0,0,0,0,0,0,0,3,0,0.6,0.6,0.2,0.8,13,37,6,22,Spezia,POL,DF,Defender,1,1,False,0.0,0.0,0.0,0.0375,0.0125,0.0375,0.8125,2.3125,0.375,False,False,,False,,False,,False
James Abankwah,2022-2023,2,1,63,0.7,0,0,0,0,0,0,0,0,0.0,0.0,0.0,0.0,0,0,0,18,Udinese,IRL,DF,Defender,1,1,False,0.0,0.0,0.0,0.0,0.0,0.0,0.0,0.0,0.0,True,False,,False,,False,,False
Janis Antiste,2022-2023,2,0,52,0.6,1,0,1,1,0,0,0,0,0.2,0.2,0.0,0.2,0,1,2,19,Sassuolo,FRA,FW,Forward,1,1,False,1.6666666666666667,0.0,1.6666666666666667,0.33333333333333337,0.0,0.33333333333333337,0.0,1.6666666666666667,3.3333333333333335,True,False,,False,,False,,False
Jayden Braaf,2022-2023,6,2,288,3.2,0,0,0,0,0,0,1,0,0.8,0.8,0.1,0.9,10,5,29,19,Hellas Verona,NED,"MF,FW",Midfielder,2,1,False,0.0,0.0,0.0,0.25,0.03125,0.25,3.125,1.5625,9.0625,True,False,,False,,False,,False
Jean-Daniel Akpa-Akpro,2022-2023,24,16,1356,15.1,1,1,2,1,0,0,9,2,1.5,1.5,1.0,2.4,19,39,37,29,Empoli,CIV,"MF,FW",Midfielder,2,1,False,0.06622516556291391,0.06622516556291391,0.13245033112582782,0.09933774834437087,0.06622516556291391,0.09933774834437087,1.2582781456953642,2.5827814569536423,2.4503311258278146,False,False,,False,,False,,False
Jean-Victor Makengo,2022-2023,16,11,805,8.9,0,1,1,0,0,0,2,0,0.4,0.4,0.5,0.8,18,36,31,24,Udinese,FRA,MF,Midfielder,1,1,False,0.0,0.11235955056179775,0.11235955056179775,0.0449438202247191,0.056179775280898875,0.0449438202247191,2.0224719101123596,4.044943820224719,3.4831460674157304,False,False,,False,,False,,False
Jeison Murillo,2022-2023,20,12,1057,11.7,0,0,0,0,0,0,6,1,0.2,0.2,0.0,0.2,8,35,3,30,Sampdoria,COL,DF,Defender,1,1,False,0.0,0.0,0.0,0.017094017094017096,0.0,0.017094017094017096,0.6837606837606838,2.9914529914529915,0.25641025641025644,False,False,,False,,False,,False
Jerdy Schouten,2022-2023,33,29,2509,27.9,0,2,2,0,0,0,3,0,0.4,0.4,1.5,1.9,15,139,29,25,Bologna,NED,MF,Midfielder,1,1,False,0.0,0.07168458781362008,0.07168458781362008,0.014336917562724016,0.053763440860215055,0.014336917562724016,0.5376344086021506,4.982078853046596,1.039426523297491,False,False,,False,,False,,False
Jeremie Boga,2022-2023,23,5,782,8.7,2,5,7,2,0,0,0,0,1.9,1.9,2.8,4.7,64,53,78,25,Atalanta,CIV,"MF,FW",Midfielder,2,1,False,0.2298850574712644,0.574712643678161,0.8045977011494253,0.21839080459770116,0.3218390804597701,0.21839080459770116,7.356321839080461,6.0919540229885065,8.965517241379311,False,False,,False,,False,,False
Jeremy Toljan,2022-2023,31,29,2672,29.7,0,1,1,0,0,0,3,0,0.5,0.5,2.4,3.0,56,142,99,27,Sassuolo,GER,DF,Defender,1,1,False,0.0,0.03367003367003367,0.03367003367003367,0.016835016835016835,0.0808080808080808,0.016835016835016835,1.8855218855218856,4.781144781144781,3.3333333333333335,False,False,,False,,False,,False
Jeroen Zoet,2022-2023,5,4,334,3.7,0,0,0,0,0,0,1,0,0.0,0.0,0.0,0.0,0,0,0,31,Spezia,NED,GK,Goalkeeper,1,1,False,0.0,0.0,0.0,0.0,0.0,0.0,0.0,0.0,0.0,True,False,,False,,False,,False
Jesé,2022-2023,11,1,210,2.3,1,1,2,1,0,0,0,0,0.3,0.3,0.5,0.8,1,1,15,29,Sampdoria,ESP,FW,Forward,1,1,False,0.4347826086956522,0.4347826086956522,0.8695652173913044,0.13043478260869565,0.2173913043478261,0.13043478260869565,0.4347826086956522,0.4347826086956522,6.521739130434783,True,False,,False,,False,,False
Jhon Lucumí,2022-2023,33,33,2900,32.2,0,1,1,0,0,0,8,0,0.7,0.7,0.4,1.0,37,84,6,24,Bologna,COL,DF,Defender,1,1,False,0.0,0.03105590062111801,0.03105590062111801,0.021739130434782605,0.012422360248447204,0.021739130434782605,1.1490683229813663,2.6086956521739126,0.18633540372670807,False,False,,False,,False,,False
Joakim Mæhle,2022-2023,34,25,2209,24.5,3,3,6,3,0,0,5,1,3.0,3.0,2.9,5.9,81,137,186,25,Atalanta,DEN,"DF,MF",Defender,2,1,False,0.12244897959183673,0.12244897959183673,0.24489795918367346,0.12244897959183673,0.1183673469387755,0.12244897959183673,3.306122448979592,5.591836734693878,7.591836734693878,False,False,,False,,False,,False
Joan Gonzàlez,2022-2023,35,26,2197,24.4,1,3,4,1,0,0,8,0,1.5,1.5,1.3,2.8,18,71,67,20,Lecce,ESP,MF,Midfielder,1,1,False,0.04098360655737705,0.12295081967213116,0.1639344262295082,0.06147540983606558,0.05327868852459017,0.06147540983606558,0.7377049180327869,2.9098360655737707,2.7459016393442623,False,False,,False,,False,,False
Joaquin Sosa,2022-2023,10,7,688,7.6,0,0,0,0,0,0,2,0,0.1,0.1,0.0,0.1,6,13,1,20,Bologna,URU,DF,Defender,1,1,False,0.0,0.0,0.0,0.013157894736842106,0.0,0.013157894736842106,0.7894736842105263,1.7105263157894737,0.13157894736842105,False,False,,False,,False,,False
Joaquín Correa,2022-2023,26,12,950,10.6,3,1,4,3,0,0,1,0,3.4,3.4,1.3,4.7,19,29,61,27,Inter,ARG,FW,Forward,1,1,False,0.2830188679245283,0.09433962264150944,0.37735849056603776,0.32075471698113206,0.12264150943396228,0.32075471698113206,1.7924528301886793,2.7358490566037736,5.754716981132075,False,True,2.0,False,2.0,True,1,True
Joel Voelkerling Persson,2022-2023,9,0,99,1.1,0,0,0,0,0,0,0,0,0.0,0.0,0.0,0.1,1,3,10,19,Lecce,SWE,"FW,MF",Forward,2,1,False,0.0,0.0,0.0,0.0,0.0,0.0,0.9090909090909091,2.727272727272727,9.09090909090909,True,False,,False,,False,,False
Johan Vásquez,2022-2023,25,19,1813,20.1,1,0,1,1,0,0,7,0,0.7,0.7,0.3,1.0,18,48,12,23,Cremonese,MEX,DF,Defender,1,1,False,0.04975124378109452,0.0,0.04975124378109452,0.03482587064676616,0.014925373134328356,0.03482587064676616,0.8955223880597014,2.388059701492537,0.5970149253731343,False,False,,False,,False,,False
Jonathan Ikone,2022-2023,33,24,2007,22.3,4,4,8,4,0,0,4,0,4.1,4.1,3.7,7.8,83,67,178,24,Fiorentina,FRA,FW,Forward,1,1,False,0.17937219730941703,0.17937219730941703,0.35874439461883406,0.18385650224215244,0.16591928251121077,0.18385650224215244,3.7219730941704037,3.004484304932735,7.982062780269058,False,False,,False,,False,,False
Jordan Majchrzak,2022-2023,1,0,14,0.2,0,0,0,0,0,0,0,0,0.0,0.0,0.0,0.0,0,0,1,17,Roma,POL,FW,Forward,1,1,False,0.0,0.0,0.0,0.0,0.0,0.0,0.0,0.0,5.0,True,False,,False,,False,,False
Josh Doig,2022-2023,22,15,1354,15.0,2,3,5,2,0,0,1,0,1.8,1.8,1.2,3.0,41,27,61,20,Hellas Verona,SCO,DF,Defender,1,1,False,0.13333333333333333,0.2,0.3333333333333333,0.12000000000000001,0.08,0.12000000000000001,2.7333333333333334,1.8,4.066666666666666,False,False,,False,,False,,False
Joshua Zirkzee,2022-2023,19,5,822,9.1,2,2,4,2,0,0,1,0,3.1,3.1,1.4,4.5,10,17,74,21,Bologna,NED,FW,Forward,1,1,False,0.21978021978021978,0.21978021978021978,0.43956043956043955,0.34065934065934067,0.15384615384615385,0.34065934065934067,1.098901098901099,1.8681318681318682,8.131868131868131,False,False,,False,,False,,False
Josip Brekalo,2022-2023,6,1,229,2.5,0,0,0,0,0,0,1,0,0.7,0.7,0.5,1.2,11,18,31,24,Fiorentina,CRO,"FW,MF",Forward,2,1,False,0.0,0.0,0.0,0.27999999999999997,0.2,0.27999999999999997,4.4,7.2,12.4,True,False,,False,,False,,False
José Luis Palomino,2022-2023,15,8,759,8.4,1,0,1,1,0,0,4,0,0.5,0.5,0.3,0.8,3,29,3,32,Atalanta,ARG,DF,Defender,1,1,False,0.11904761904761904,0.0,0.11904761904761904,0.05952380952380952,0.03571428571428571,0.05952380952380952,0.35714285714285715,3.452380952380952,0.35714285714285715,False,False,,False,,False,,False
João Moutinho,2022-2023,4,0,58,0.6,0,0,0,0,0,0,0,0,0.0,0.0,0.0,0.0,0,1,2,24,Spezia,POR,"DF,FW",Defender,2,1,False,0.0,0.0,0.0,0.0,0.0,0.0,0.0,1.6666666666666667,3.3333333333333335,True,False,,False,,False,,False
Juan Cuadrado,2022-2023,31,24,2078,23.1,1,3,4,1,0,0,6,1,1.4,1.4,2.7,4.2,48,92,125,34,Juventus,COL,"DF,FW",Defender,2,1,False,0.04329004329004329,0.12987012987012986,0.17316017316017315,0.0606060606060606,0.11688311688311688,0.0606060606060606,2.0779220779220777,3.9826839826839824,5.411255411255411,False,False,,False,,False,,False
Juan David Cabal,2022-2023,11,3,444,4.9,0,0,0,0,0,0,3,0,0.0,0.0,0.3,0.3,4,17,8,21,Hellas Verona,COL,DF,Defender,1,1,False,0.0,0.0,0.0,0.0,0.06122448979591836,0.0,0.8163265306122448,3.4693877551020407,1.6326530612244896,True,False,,False,,False,,False
Juan Jesus,2022-2023,15,10,933,10.4,1,0,1,1,0,0,2,0,0.2,0.2,0.1,0.3,14,55,3,31,Napoli,BRA,DF,Defender,1,1,False,0.09615384615384615,0.0,0.09615384615384615,0.019230769230769232,0.009615384615384616,0.019230769230769232,1.346153846153846,5.288461538461538,0.28846153846153844,False,False,,False,,False,,False
Juan Musso,2022-2023,24,24,2077,23.1,0,0,0,0,0,0,1,0,0.0,0.0,0.1,0.1,0,0,0,28,Atalanta,ARG,GK,Goalkeeper,1,1,False,0.0,0.0,0.0,0.0,0.004329004329004329,0.0,0.0,0.0,0.0,False,False,,False,,False,,False
Julian Kristoffersen,2022-2023,1,0,18,0.2,0,0,0,0,0,0,0,0,0.0,0.0,0.0,0.0,0,0,2,25,Salernitana,NOR,FW,Forward,1,1,False,0.0,0.0,0.0,0.0,0.0,0.0,0.0,0.0,10.0,True,False,,False,,False,,False
Julius Beck,2022-2023,1,0,10,0.1,0,0,0,0,0,0,0,0,0.0,0.0,0.0,0.0,0,2,0,17,Spezia,DEN,MF,Midfielder,1,1,False,0.0,0.0,0.0,0.0,0.0,0.0,0.0,20.0,0.0,True,False,,False,,False,,False
Junior Messias,2022-2023,25,19,1498,16.6,5,2,7,5,0,0,3,0,2.3,2.3,0.8,3.0,45,54,137,31,Milan,BRA,"FW,DF",Forward,2,1,False,0.3012048192771084,0.12048192771084336,0.4216867469879518,0.13855421686746985,0.048192771084337345,0.13855421686746985,2.710843373493976,3.2530120481927707,8.25301204819277,False,False,,False,,False,,False
Junior Sambia,2022-2023,22,7,697,7.7,0,1,1,0,0,0,3,0,0.6,0.6,1.6,2.2,23,27,38,25,Salernitana,FRA,DF,Defender,1,1,False,0.0,0.12987012987012986,0.12987012987012986,0.07792207792207792,0.2077922077922078,0.07792207792207792,2.987012987012987,3.5064935064935066,4.935064935064935,False,False,,False,,False,,False
Kaan Ayhan,2022-2023,10,5,545,6.1,0,0,0,0,0,0,1,0,0.0,0.0,0.0,0.0,8,15,0,27,Sassuolo,TUR,DF,Defender,1,1,False,0.0,0.0,0.0,0.0,0.0,0.0,1.3114754098360657,2.459016393442623,0.0,False,False,,False,,False,,False
Karim Zedadka,2022-2023,3,0,20,0.2,0,0,0,0,0,0,0,0,0.0,0.0,0.0,0.0,1,0,4,22,Napoli,FRA,FW,Forward,1,1,False,0.0,0.0,0.0,0.0,0.0,0.0,5.0,0.0,20.0,True,False,,False,,False,,False
Karol Linetty,2022-2023,32,22,1886,21.0,1,0,1,1,0,0,8,0,1.0,1.0,0.9,1.9,27,73,32,27,Torino,POL,MF,Midfielder,1,1,False,0.047619047619047616,0.0,0.047619047619047616,0.047619047619047616,0.04285714285714286,0.047619047619047616,1.2857142857142858,3.4761904761904763,1.5238095238095237,False,False,,False,,False,,False
Kastriot Dermaku,2022-2023,1,0,34,0.4,0,0,0,0,0,0,0,0,0.0,0.0,0.0,0.0,0,0,0,30,Lecce,ALB,DF,Defender,1,1,False,0.0,0.0,0.0,0.0,0.0,0.0,0.0,0.0,0.0,True,False,,False,,False,,False
Kelvin Amian,2022-2023,30,26,2372,26.4,0,1,1,0,0,0,7,1,2.7,2.7,2.3,5.0,53,102,72,24,Spezia,FRA,DF,Defender,1,1,False,0.0,0.03787878787878788,0.03787878787878788,0.10227272727272728,0.08712121212121211,0.10227272727272728,2.007575757575758,3.8636363636363638,2.7272727272727275,False,False,,False,,False,,False
Kevin Agudelo,2022-2023,34,23,2131,23.7,0,1,1,0,0,0,5,0,1.5,1.5,3.0,4.5,81,110,100,23,Spezia,COL,"MF,FW",Midfielder,2,1,False,0.0,0.04219409282700422,0.04219409282700422,0.06329113924050633,0.12658227848101267,0.06329113924050633,3.4177215189873418,4.641350210970464,4.219409282700422,False,False,,False,,False,,False
Kevin Bonifazi,2022-2023,13,9,902,10.0,0,0,0,0,0,0,2,0,0.2,0.2,0.0,0.2,4,33,0,26,Bologna,ITA,DF,Defender,1,1,False,0.0,0.0,0.0,0.02,0.0,0.02,0.4,3.3,0.0,False,False,,False,,False,,False
Kevin Lasagna,2022-2023,26,17,1572,17.5,1,2,3,1,0,0,2,0,6.0,6.0,1.7,7.7,36,19,105,29,Hellas Verona,ITA,"FW,MF",Forward,2,1,False,0.05714285714285714,0.11428571428571428,0.17142857142857143,0.34285714285714286,0.09714285714285714,0.34285714285714286,2.057142857142857,1.0857142857142856,6.0,False,False,,False,,False,,False
Khvicha Kvaratskhelia,2022-2023,34,30,2518,28.0,12,10,22,10,2,2,1,0,8.2,6.6,7.7,14.2,139,91,291,21,Napoli,GEO,FW,Forward,1,1,False,0.42857142857142855,0.35714285714285715,0.7857142857142857,0.2928571428571428,0.275,0.2357142857142857,4.964285714285714,3.25,10.392857142857142,False,False,,False,,False,,False
Kim Min-jae,2022-2023,35,35,3050,33.9,2,2,4,2,0,0,5,0,1.0,1.0,1.9,2.9,42,169,8,25,Napoli,KOR,DF,Defender,1,1,False,0.058997050147492625,0.058997050147492625,0.11799410029498525,0.029498525073746312,0.05604719764011799,0.029498525073746312,1.2389380530973453,4.985250737463127,0.2359882005899705,False,False,,False,,False,,False
Kingsley Ehizibue,2022-2023,27,16,1535,17.1,2,0,2,2,0,0,7,0,2.0,2.0,0.9,3.0,29,40,69,27,Udinese,NED,DF,Defender,1,1,False,0.11695906432748537,0.0,0.11695906432748537,0.11695906432748537,0.05263157894736842,0.11695906432748537,1.6959064327485378,2.3391812865497075,4.035087719298245,False,False,,False,,False,,False
Koffi Djidji,2022-2023,34,26,2424,26.9,1,0,1,1,0,0,3,0,0.9,0.9,0.1,1.1,11,83,13,29,Torino,CIV,DF,Defender,1,1,False,0.03717472118959108,0.0,0.03717472118959108,0.033457249070631974,0.003717472118959108,0.033457249070631974,0.4089219330855019,3.0855018587360594,0.483271375464684,False,False,,False,,False,,False
Koni De Winter,2022-2023,14,12,1024,11.4,0,0,0,0,0,0,3,0,0.0,0.0,0.2,0.2,2,22,0,20,Empoli,BEL,DF,Defender,1,1,False,0.0,0.0,0.0,0.0,0.017543859649122806,0.0,0.17543859649122806,1.9298245614035088,0.0,False,False,,False,,False,,False
Koray Günter,2022-2023,23,19,1779,19.7,1,0,1,1,0,0,5,0,1.0,1.0,1.1,2.1999999999999997,11,57,5,27,MULTI:Hellas Verona|Sampdoria,GER,DF,Defender,1,2,True,0.050761421319796954,0.0,0.050761421319796954,0.050761421319796954,0.05583756345177666,0.050761421319796954,0.5583756345177665,2.8934010152284264,0.25380710659898476,False,False,,False,,False,,False
Kristian Thorstvedt,2022-2023,31,13,1136,12.6,2,1,3,2,0,0,5,0,2.1,2.1,1.1,3.2,31,60,54,23,Sassuolo,NOR,MF,Midfielder,1,1,False,0.15873015873015872,0.07936507936507936,0.2380952380952381,0.16666666666666669,0.08730158730158731,0.16666666666666669,2.4603174603174605,4.761904761904762,4.285714285714286,False,False,,False,,False,,False
Kristijan Bistrović,2022-2023,11,5,461,5.1,0,0,0,0,0,0,0,0,0.3,0.3,0.4,0.7,4,16,8,24,Lecce,CRO,MF,Midfielder,1,1,False,0.0,0.0,0.0,0.058823529411764705,0.07843137254901962,0.058823529411764705,0.7843137254901962,3.1372549019607847,1.5686274509803924,False,False,,False,,False,,False
Kristjan Asllani,2022-2023,20,5,592,6.6,0,0,0,0,0,0,2,0,0.5,0.5,0.9,1.5,6,29,6,20,Inter,ALB,MF,Midfielder,1,1,False,0.0,0.0,0.0,0.07575757575757576,0.13636363636363638,0.07575757575757576,0.9090909090909092,4.3939393939393945,0.9090909090909092,False,True,,True,-1.0,True,0,True
Kristoffer Askildsen,2022-2023,21,7,728,8.1,0,0,0,0,0,0,3,0,0.5,0.5,0.4,1.0,10,24,17,21,Lecce,NOR,MF,Midfielder,1,1,False,0.0,0.0,0.0,0.0617283950617284,0.04938271604938272,0.0617283950617284,1.234567901234568,2.9629629629629632,2.0987654320987654,False,False,,False,,False,,False
Krzysztof Piątek,2022-2023,33,23,2140,23.8,4,5,9,3,1,1,5,0,8.3,7.6,2.1,9.7,27,33,121,27,Salernitana,POL,FW,Forward,1,1,False,0.1680672268907563,0.21008403361344538,0.37815126050420167,0.34873949579831937,0.08823529411764706,0.31932773109243695,1.134453781512605,1.3865546218487395,5.084033613445378,False,False,,False,,False,,False
Lameck Banda,2022-2023,36,19,1636,18.2,2,1,3,2,0,0,6,0,3.3,3.3,1.3,4.7,86,28,160,21,Lecce,ZAM,"FW,MF",Forward,2,1,False,0.10989010989010989,0.054945054945054944,0.16483516483516483,0.1813186813186813,0.07142857142857144,0.1813186813186813,4.725274725274725,1.5384615384615385,8.791208791208792,False,False,,False,,False,,False
Lassana Coulibaly,2022-2023,35,34,2892,32.1,3,3,6,3,0,0,12,0,0.8,0.8,1.8,2.6,52,120,59,26,Salernitana,MLI,MF,Midfielder,1,1,False,0.09345794392523364,0.09345794392523364,0.18691588785046728,0.024922118380062305,0.056074766355140186,0.024922118380062305,1.6199376947040498,3.7383177570093458,1.838006230529595,False,False,,False,,False,,False
Lautaro Martínez,2022-2023,38,27,2576,28.6,21,6,27,20,1,2,3,0,18.1,16.5,5.4,21.9,49,83,172,24,Inter,ARG,FW,Forward,1,1,False,0.7342657342657343,0.2097902097902098,0.9440559440559441,0.6328671328671329,0.1888111888111888,0.5769230769230769,1.7132867132867131,2.902097902097902,6.013986013986013,False,True,3.0,False,3.0,True,0,True
Lazar Samardzic,2022-2023,37,19,1848,20.5,5,4,9,5,0,0,1,0,2.4,2.4,3.7,6.1,34,100,65,20,Udinese,SRB,MF,Midfielder,1,1,False,0.24390243902439024,0.1951219512195122,0.43902439024390244,0.11707317073170731,0.1804878048780488,0.11707317073170731,1.6585365853658536,4.878048780487805,3.1707317073170733,False,False,,False,,False,,False
Leandro Paredes,2022-2023,25,8,977,10.9,1,0,1,1,0,0,7,1,0.6,0.6,1.9,2.5,11,72,11,28,Juventus,ARG,MF,Midfielder,1,1,False,0.09174311926605504,0.0,0.09174311926605504,0.055045871559633024,0.17431192660550457,0.055045871559633024,1.0091743119266054,6.605504587155963,1.0091743119266054,False,False,,False,,False,,False
Leandro Sanca,2022-2023,4,0,32,0.4,0,0,0,0,0,0,0,0,0.0,0.0,0.0,0.0,1,0,3,22,Spezia,GNB,"FW,MF",Forward,2,1,False,0.0,0.0,0.0,0.0,0.0,0.0,2.5,0.0,7.5,True,False,,False,,False,,False
Leo Skiri Østigård,2022-2023,7,4,419,4.7,0,0,0,0,0,0,1,0,0.1,0.1,0.0,0.1,5,23,1,22,Napoli,NOR,DF,Defender,1,1,False,0.0,0.0,0.0,0.02127659574468085,0.0,0.02127659574468085,1.0638297872340425,4.8936170212765955,0.2127659574468085,True,False,,False,,False,,False
Leonardo Bonucci,2022-2023,16,9,879,9.8,1,0,1,1,0,1,2,0,1.1,0.3,0.2,0.5,2,28,1,35,Juventus,ITA,DF,Defender,1,1,False,0.1020408163265306,0.0,0.1020408163265306,0.11224489795918367,0.02040816326530612,0.03061224489795918,0.2040816326530612,2.8571428571428568,0.1020408163265306,False,False,,False,,False,,False
Leonardo Buta,2022-2023,2,0,16,0.2,0,0,0,0,0,0,0,0,0.0,0.0,0.0,0.0,1,1,1,20,Udinese,POR,DF,Defender,1,1,False,0.0,0.0,0.0,0.0,0.0,0.0,5.0,5.0,5.0,True,False,,False,,False,,False
Leonardo Sernicola,2022-2023,32,27,2317,25.7,2,2,4,2,0,0,11,0,1.3,1.3,2.3,3.7,60,62,95,25,Cremonese,ITA,DF,Defender,1,1,False,0.07782101167315175,0.07782101167315175,0.1556420233463035,0.05058365758754864,0.08949416342412451,0.05058365758754864,2.3346303501945527,2.412451361867704,3.6964980544747084,False,False,,False,,False,,False
Leonardo Spinazzola,2022-2023,26,18,1654,18.4,1,4,5,1,0,0,3,0,1.0,1.0,2.0,3.0,107,63,87,29,Roma,ITA,DF,Defender,1,1,False,0.05434782608695653,0.2173913043478261,0.27173913043478265,0.05434782608695653,0.10869565217391305,0.05434782608695653,5.815217391304349,3.423913043478261,4.728260869565218,False,False,,False,,False,,False
Lewis Ferguson,2022-2023,32,27,2314,25.7,7,0,7,7,0,0,4,0,4.7,4.7,1.0,5.7,31,88,114,22,Bologna,SCO,"MF,FW",Midfielder,2,1,False,0.27237354085603116,0.0,0.27237354085603116,0.18287937743190663,0.038910505836575876,0.18287937743190663,1.206225680933852,3.4241245136186773,4.43579766536965,False,False,,False,,False,,False
Liam Henderson,2022-2023,25,11,1007,11.2,0,1,1,0,0,0,9,0,0.5,0.5,1.4,1.9,11,38,38,26,Empoli,SCO,MF,Midfielder,1,1,False,0.0,0.08928571428571429,0.08928571428571429,0.044642857142857144,0.125,0.044642857142857144,0.9821428571428572,3.3928571428571432,3.3928571428571432,False,False,,False,,False,,False
Liberato Cacace,2022-2023,12,5,587,6.5,0,0,0,0,0,0,1,0,0.6,0.6,0.6,1.2,21,41,31,21,Empoli,NZL,DF,Defender,1,1,False,0.0,0.0,0.0,0.0923076923076923,0.0923076923076923,0.0923076923076923,3.230769230769231,6.3076923076923075,4.769230769230769,False,False,,False,,False,,False
Lorenzo Colombo,2022-2023,33,18,1515,16.8,5,2,7,4,1,2,4,0,6.2,4.6,1.4,6.1,14,21,119,20,Lecce,ITA,FW,Forward,1,1,False,0.2976190476190476,0.11904761904761904,0.41666666666666663,0.36904761904761907,0.08333333333333333,0.2738095238095238,0.8333333333333333,1.25,7.083333333333333,False,False,,False,,False,,False
Lorenzo De Silvestri,2022-2023,15,6,672,7.5,1,0,1,1,0,0,1,0,0.6,0.6,0.2,0.9,18,31,17,34,Bologna,ITA,DF,Defender,1,1,False,0.13333333333333333,0.0,0.13333333333333333,0.08,0.02666666666666667,0.08,2.4,4.133333333333334,2.2666666666666666,False,False,,False,,False,,False
Lorenzo Malagrida,2022-2023,6,0,109,1.2,0,0,0,0,0,0,2,0,0.2,0.2,0.1,0.3,1,4,10,18,Sampdoria,ITA,"MF,DF",Midfielder,2,1,False,0.0,0.0,0.0,0.16666666666666669,0.08333333333333334,0.16666666666666669,0.8333333333333334,3.3333333333333335,8.333333333333334,True,False,,False,,False,,False
Lorenzo Montipò,2022-2023,37,37,3330,37.0,0,0,0,0,0,0,1,0,0.0,0.0,0.0,0.0,0,0,0,26,Hellas Verona,ITA,GK,Goalkeeper,1,1,False,0.0,0.0,0.0,0.0,0.0,0.0,0.0,0.0,0.0,False,False,,False,,False,,False
Lorenzo Pellegrini,2022-2023,32,29,2545,28.3,4,5,9,2,2,3,5,0,8.0,5.6,7.1,12.7,58,106,113,26,Roma,ITA,MF,Midfielder,1,1,False,0.1413427561837456,0.17667844522968199,0.31802120141342755,0.2826855123674912,0.2508833922261484,0.1978798586572438,2.049469964664311,3.745583038869258,3.9929328621908127,False,False,,False,,False,,False
Lorenzo Pirola,2022-2023,26,23,1941,21.6,2,0,2,2,0,0,4,0,1.5,1.5,0.4,1.9,13,43,4,20,Salernitana,ITA,DF,Defender,1,1,False,0.09259259259259259,0.0,0.09259259259259259,0.06944444444444443,0.018518518518518517,0.06944444444444443,0.6018518518518519,1.9907407407407407,0.18518518518518517,False,False,,False,,False,,False
Lorenzo Tonelli,2022-2023,1,0,19,0.2,0,0,0,0,0,0,0,1,0.0,0.0,0.0,0.0,0,0,0,32,Empoli,ITA,DF,Defender,1,1,False,0.0,0.0,0.0,0.0,0.0,0.0,0.0,0.0,0.0,True,False,,False,,False,,False
Lorenzo Venuti,2022-2023,17,9,924,10.3,0,1,1,0,0,0,2,0,0.4,0.4,0.5,0.9,24,44,43,27,Fiorentina,ITA,DF,Defender,1,1,False,0.0,0.0970873786407767,0.0970873786407767,0.038834951456310676,0.04854368932038835,0.038834951456310676,2.3300970873786406,4.271844660194175,4.174757281553398,False,False,,False,,False,,False
Luca Caldirola,2022-2023,31,27,2353,26.1,2,0,2,2,0,0,6,0,1.1,1.1,0.5,1.6,12,63,13,31,Monza,ITA,DF,Defender,1,1,False,0.07662835249042145,0.0,0.07662835249042145,0.0421455938697318,0.019157088122605363,0.0421455938697318,0.45977011494252873,2.413793103448276,0.49808429118773945,False,False,,False,,False,,False
Luca D'Andrea,2022-2023,5,5,316,3.5,0,1,1,0,0,0,0,0,0.3,0.3,0.8,1.1,11,9,29,17,Sassuolo,ITA,FW,Forward,1,1,False,0.0,0.2857142857142857,0.2857142857142857,0.08571428571428572,0.2285714285714286,0.08571428571428572,3.142857142857143,2.5714285714285716,8.285714285714286,True,False,,False,,False,,False
Luca Marrone,2022-2023,2,2,135,1.5,0,0,0,0,0,0,0,0,0.1,0.1,0.0,0.1,0,4,0,32,Monza,ITA,DF,Defender,1,1,False,0.0,0.0,0.0,0.06666666666666667,0.0,0.06666666666666667,0.0,2.6666666666666665,0.0,True,False,,False,,False,,False
Luca Pellegrini,2022-2023,7,1,180,2.0,0,0,0,0,0,0,3,0,0.1,0.1,0.2,0.3,7,9,11,23,Lazio,ITA,DF,Defender,1,1,False,0.0,0.0,0.0,0.05,0.1,0.05,3.5,4.5,5.5,True,False,,False,,False,,False
Luca Ranieri,2022-2023,9,5,508,5.6,0,0,0,0,0,0,1,0,0.1,0.1,0.1,0.2,4,11,0,23,Fiorentina,ITA,DF,Defender,1,1,False,0.0,0.0,0.0,0.01785714285714286,0.01785714285714286,0.01785714285714286,0.7142857142857143,1.9642857142857144,0.0,False,False,,False,,False,,False
Luca Zanimacchia,2022-2023,15,9,746,8.3,0,0,0,0,0,0,2,0,1.2,1.2,0.9,2.0,22,26,70,24,Cremonese,ITA,"MF,FW",Midfielder,2,1,False,0.0,0.0,0.0,0.14457831325301204,0.10843373493975902,0.14457831325301204,2.650602409638554,3.1325301204819276,8.433734939759036,False,False,,False,,False,,False
Lucas Martínez Quarta,2022-2023,27,25,2171,24.1,1,1,2,1,0,0,6,0,2.5,2.5,0.6,3.1,19,119,6,26,Fiorentina,ARG,DF,Defender,1,1,False,0.04149377593360996,0.04149377593360996,0.08298755186721991,0.10373443983402489,0.024896265560165973,0.10373443983402489,0.7883817427385892,4.937759336099584,0.24896265560165973,False,False,,False,,False,,False
Luigi Sepe,2022-2023,17,17,1530,17.0,0,0,0,0,0,0,3,0,0.0,0.0,0.0,0.0,0,0,0,31,Salernitana,ITA,GK,Goalkeeper,1,1,False,0.0,0.0,0.0,0.0,0.0,0.0,0.0,0.0,0.0,False,False,,False,,False,,False
Luis Alberto,2022-2023,35,27,2442,27.1,6,7,13,5,1,2,4,0,4.4,2.7,7.0,9.7,73,248,94,29,Lazio,ESP,MF,Midfielder,1,1,False,0.22140221402214022,0.25830258302583026,0.4797047970479705,0.16236162361623616,0.25830258302583026,0.0996309963099631,2.6937269372693726,9.15129151291513,3.468634686346863,False,False,,False,,False,,False
Luis Muriel,2022-2023,29,10,1073,11.9,3,3,6,2,1,1,2,2,2.8,2.0,3.5,5.6,53,71,124,31,Atalanta,COL,"FW,MF",Forward,2,1,False,0.25210084033613445,0.25210084033613445,0.5042016806722689,0.2352941176470588,0.29411764705882354,0.1680672268907563,4.453781512605042,5.966386554621849,10.420168067226891,False,False,,False,,False,,False
Luka Jović,2022-2023,31,16,1534,17.0,6,3,9,6,0,1,3,0,7.9,7.1,1.5,8.6,8,28,75,24,Fiorentina,SRB,"FW,MF",Forward,2,1,False,0.35294117647058826,0.17647058823529413,0.5294117647058824,0.4647058823529412,0.08823529411764706,0.41764705882352937,0.47058823529411764,1.6470588235294117,4.411764705882353,False,False,,False,,False,,False
Luka Lochoshvili,2022-2023,25,22,1839,20.4,1,2,3,1,0,0,4,0,0.6,0.6,1.1,1.7,17,70,5,24,Cremonese,GEO,DF,Defender,1,1,False,0.04901960784313726,0.09803921568627452,0.14705882352941177,0.029411764705882353,0.05392156862745099,0.029411764705882353,0.8333333333333334,3.431372549019608,0.2450980392156863,False,False,,False,,False,,False
Luka Romero,2022-2023,6,1,151,1.7,1,0,1,1,0,0,0,0,0.9,0.9,0.1,0.9,4,4,21,17,Lazio,ARG,FW,Forward,1,1,False,0.5882352941176471,0.0,0.5882352941176471,0.5294117647058824,0.05882352941176471,0.5294117647058824,2.3529411764705883,2.3529411764705883,12.352941176470589,True,False,,False,,False,,False
Lukáš Vorlický,2022-2023,3,0,24,0.3,0,0,0,0,0,0,0,0,0.0,0.0,0.0,0.0,2,3,3,20,Atalanta,CZE,"MF,FW",Midfielder,2,1,False,0.0,0.0,0.0,0.0,0.0,0.0,6.666666666666667,10.0,10.0,True,False,,False,,False,,False
Luís Maximiano,2022-2023,1,1,5,0.1,0,0,0,0,0,0,0,1,0.0,0.0,0.0,0.0,0,0,0,23,Lazio,POR,GK,Goalkeeper,1,1,False,0.0,0.0,0.0,0.0,0.0,0.0,0.0,0.0,0.0,True,False,,False,,False,,False
M'Bala Nzola,2022-2023,31,29,2653,29.5,13,2,15,10,3,3,8,0,11.0,8.6,2.5,11.1,50,50,215,25,Spezia,ANG,FW,Forward,1,1,False,0.4406779661016949,0.06779661016949153,0.5084745762711864,0.3728813559322034,0.0847457627118644,0.29152542372881357,1.694915254237288,1.694915254237288,7.288135593220339,False,False,,False,,False,,False
Malick Thiaw,2022-2023,20,15,1362,15.1,0,0,0,0,0,0,5,0,0.8,0.8,0.2,1.0,6,67,2,20,Milan,GER,DF,Defender,1,1,False,0.0,0.0,0.0,0.05298013245033113,0.013245033112582783,0.05298013245033113,0.3973509933774835,4.437086092715232,0.13245033112582782,False,False,,False,,False,,False
Manolo Gabbiadini,2022-2023,35,27,2354,26.2,7,2,9,7,0,0,6,0,7.4,7.4,4.5,11.9,32,55,111,30,Sampdoria,ITA,"FW,MF",Forward,2,1,False,0.26717557251908397,0.07633587786259542,0.3435114503816794,0.2824427480916031,0.1717557251908397,0.2824427480916031,1.2213740458015268,2.099236641221374,4.236641221374046,False,False,,False,,False,,False
Manuel De Luca,2022-2023,2,0,44,0.5,0,0,0,0,0,0,0,0,0.0,0.0,0.0,0.0,0,0,4,24,Sampdoria,ITA,"FW,MF",Forward,2,1,False,0.0,0.0,0.0,0.0,0.0,0.0,0.0,0.0,8.0,True,False,,False,,False,,False
Manuel Lazzari,2022-2023,28,22,1879,20.9,0,0,0,0,0,0,8,0,0.3,0.3,0.7,1.0,98,64,74,28,Lazio,ITA,DF,Defender,1,1,False,0.0,0.0,0.0,0.014354066985645933,0.03349282296650718,0.014354066985645933,4.688995215311005,3.062200956937799,3.5406698564593304,False,False,,False,,False,,False
Manuel Locatelli,2022-2023,32,29,2446,27.2,0,2,2,0,0,0,8,0,1.5,1.5,1.8,3.2,25,134,37,24,Juventus,ITA,MF,Midfielder,1,1,False,0.0,0.07352941176470588,0.07352941176470588,0.05514705882352941,0.0661764705882353,0.05514705882352941,0.9191176470588236,4.926470588235294,1.3602941176470589,False,False,,False,,False,,False
Marash Kumbulla,2022-2023,7,5,259,2.9,0,0,0,0,0,0,1,1,0.0,0.0,0.1,0.1,2,8,1,22,Roma,ALB,DF,Defender,1,1,False,0.0,0.0,0.0,0.0,0.034482758620689655,0.0,0.6896551724137931,2.7586206896551726,0.3448275862068966,True,False,,False,,False,,False
Marcelo Brozović,2022-2023,28,19,1770,19.7,3,5,8,3,0,0,8,0,2.5,2.5,2.8,5.3,29,114,35,29,Inter,CRO,MF,Midfielder,1,1,False,0.15228426395939088,0.25380710659898476,0.40609137055837563,0.12690355329949238,0.14213197969543148,0.12690355329949238,1.4720812182741116,5.786802030456853,1.7766497461928934,False,True,3.0,False,3.0,True,1,True
Marcin Listkowski,2022-2023,5,0,77,0.9,0,0,0,0,0,0,0,0,0.1,0.1,0.0,0.1,6,1,4,24,Lecce,POL,"MF,FW",Midfielder,2,1,False,0.0,0.0,0.0,0.11111111111111112,0.0,0.11111111111111112,6.666666666666666,1.1111111111111112,4.444444444444445,True,False,,False,,False,,False
Marco Benassi,2022-2023,17,12,1091,12.1,0,0,0,0,0,0,1,0,1.3,1.3,0.5,1.8,10,36,36,27,MULTI:Cremonese|Fiorentina,ITA,"MF,DF",Midfielder,2,2,True,0.0,0.0,0.0,0.10743801652892562,0.04132231404958678,0.10743801652892562,0.8264462809917356,2.9752066115702482,2.9752066115702482,False,False,,False,,False,,False
Marco Bertini,2022-2023,1,0,1,0.0,0,0,0,0,0,0,0,0,0.0,0.0,0.0,0.0,0,0,0,19,Lazio,ITA,MF,Midfielder,1,1,False,,,,,,,,,,True,False,,False,,False,,False
Marco Carnesecchi,2022-2023,27,27,2430,27.0,0,1,1,0,0,0,1,0,0.0,0.0,0.2,0.2,0,0,0,22,Cremonese,ITA,GK,Goalkeeper,1,1,False,0.0,0.037037037037037035,0.037037037037037035,0.0,0.007407407407407408,0.0,0.0,0.0,0.0,False,False,,False,,False,,False
Marco D'Alessandro,2022-2023,8,3,290,3.2,0,0,0,0,0,0,2,0,0.3,0.3,0.2,0.5,14,3,19,31,Monza,ITA,"DF,FW",Defender,2,1,False,0.0,0.0,0.0,0.09374999999999999,0.0625,0.09374999999999999,4.375,0.9375,5.9375,True,False,,False,,False,,False
Marco Silvestri,2022-2023,38,38,3420,38.0,0,0,0,0,0,0,0,0,0.0,0.0,0.0,0.0,0,0,0,31,Udinese,ITA,GK,Goalkeeper,1,1,False,0.0,0.0,0.0,0.0,0.0,0.0,0.0,0.0,0.0,False,False,,False,,False,,False
Marco Sportiello,2022-2023,15,14,1339,14.9,0,0,0,0,0,0,0,0,0.0,0.0,0.0,0.0,0,2,0,30,Atalanta,ITA,GK,Goalkeeper,1,1,False,0.0,0.0,0.0,0.0,0.0,0.0,0.0,0.1342281879194631,0.0,False,False,,False,,False,,False
Marcos Antônio,2022-2023,16,6,594,6.6,1,1,2,1,0,0,2,0,1.2,1.2,0.3,1.5,1,25,8,22,Lazio,BRA,MF,Midfielder,1,1,False,0.15151515151515152,0.15151515151515152,0.30303030303030304,0.18181818181818182,0.045454545454545456,0.18181818181818182,0.15151515151515152,3.787878787878788,1.2121212121212122,False,False,,False,,False,,False
Marin Pongračić,2022-2023,9,9,790,8.8,0,0,0,0,0,0,2,0,0.0,0.0,0.1,0.1,3,19,1,24,Lecce,CRO,DF,Defender,1,1,False,0.0,0.0,0.0,0.0,0.011363636363636364,0.0,0.3409090909090909,2.1590909090909087,0.11363636363636363,False,False,,False,,False,,False
Mario Gila,2022-2023,4,0,90,1.0,0,0,0,0,0,0,0,0,0.0,0.0,0.0,0.0,1,6,2,21,Lazio,ESP,DF,Defender,1,1,False,0.0,0.0,0.0,0.0,0.0,0.0,1.0,6.0,2.0,True,False,,False,,False,,False
Mario Pašalić,2022-2023,32,24,1769,19.7,5,2,7,5,0,0,3,0,5.7,5.7,2.2,7.9,24,82,83,27,Atalanta,CRO,"MF,FW",Midfielder,2,1,False,0.25380710659898476,0.10152284263959391,0.3553299492385787,0.2893401015228427,0.11167512690355332,0.2893401015228427,1.218274111675127,4.162436548223351,4.213197969543147,False,False,,False,,False,,False
Marios Oikonomou,2022-2023,6,3,220,2.4,0,0,0,0,0,0,3,0,0.3,0.3,0.0,0.3,0,2,0,29,Sampdoria,GRE,DF,Defender,1,1,False,0.0,0.0,0.0,0.125,0.0,0.125,0.0,0.8333333333333334,0.0,True,False,,False,,False,,False
Marko Arnautović,2022-2023,21,18,1530,17.0,10,0,10,7,3,3,5,0,7.2,4.8,1.9,6.7,13,36,116,33,Bologna,AUT,FW,Forward,1,1,False,0.5882352941176471,0.0,0.5882352941176471,0.4235294117647059,0.11176470588235293,0.2823529411764706,0.7647058823529411,2.1176470588235294,6.823529411764706,False,False,,False,,False,,False
Marko Lazetić,2022-2023,1,0,9,0.1,0,0,0,0,0,0,1,0,0.1,0.1,0.0,0.1,0,0,3,18,Milan,SRB,FW,Forward,1,1,False,0.0,0.0,0.0,1.0,0.0,1.0,0.0,0.0,30.0,True,False,,False,,False,,False
Marko Pjaca,2022-2023,17,5,525,5.8,0,0,0,0,0,0,1,0,0.7,0.7,0.4,1.1,22,18,33,27,Empoli,CRO,"MF,FW",Midfielder,2,1,False,0.0,0.0,0.0,0.12068965517241378,0.06896551724137931,0.12068965517241378,3.793103448275862,3.103448275862069,5.689655172413794,False,False,,False,,False,,False
Marlon,2022-2023,28,18,1592,17.7,0,0,0,0,0,0,7,1,0.3,0.2,0.3,0.6,19,63,12,26,Monza,BRA,DF,Defender,1,1,False,0.0,0.0,0.0,0.01694915254237288,0.01694915254237288,0.01129943502824859,1.073446327683616,3.5593220338983054,0.6779661016949153,False,False,,False,,False,,False
Marten de Roon,2022-2023,35,34,2964,32.9,3,1,4,3,0,0,7,0,1.1,1.1,1.8,2.9,18,171,23,31,Atalanta,NED,MF,Midfielder,1,1,False,0.0911854103343465,0.030395136778115502,0.12158054711246201,0.033434650455927056,0.0547112462006079,0.033434650455927056,0.5471124620060791,5.197568389057751,0.6990881458966566,False,False,,False,,False,,False
Martin Erlic,2022-2023,28,26,2330,25.9,0,0,0,0,0,0,2,0,0.5,0.5,0.2,0.7,7,65,1,24,Sassuolo,CRO,DF,Defender,1,1,False,0.0,0.0,0.0,0.019305019305019305,0.007722007722007723,0.019305019305019305,0.2702702702702703,2.50965250965251,0.03861003861003861,False,False,,False,,False,,False
Martin Hongla,2022-2023,9,6,523,5.8,0,0,0,0,0,0,4,0,0.2,0.2,0.3,0.5,6,24,10,24,Hellas Verona,CMR,MF,Midfielder,1,1,False,0.0,0.0,0.0,0.034482758620689655,0.05172413793103448,0.034482758620689655,1.0344827586206897,4.137931034482759,1.7241379310344829,False,False,,False,,False,,False
Martin Satriano,2022-2023,31,20,1705,18.9,2,1,3,2,0,0,4,0,3.9,3.9,1.2,5.1,29,22,127,21,Empoli,URU,FW,Forward,1,1,False,0.10582010582010583,0.052910052910052914,0.15873015873015875,0.20634920634920637,0.06349206349206349,0.20634920634920637,1.5343915343915344,1.1640211640211642,6.71957671957672,False,False,,False,,False,,False
Martin Turk,2022-2023,4,4,360,4.0,0,0,0,0,0,0,0,0,0.0,0.0,0.0,0.0,0,0,0,18,Sampdoria,SVN,GK,Goalkeeper,1,1,False,0.0,0.0,0.0,0.0,0.0,0.0,0.0,0.0,0.0,True,False,,False,,False,,False
Marvin Zeegelaar,2022-2023,7,4,353,3.9,1,0,1,1,0,0,3,1,0.2,0.2,0.2,0.4,6,9,11,31,Udinese,NED,DF,Defender,1,1,False,0.25641025641025644,0.0,0.25641025641025644,0.05128205128205129,0.05128205128205129,0.05128205128205129,1.5384615384615385,2.307692307692308,2.8205128205128207,True,False,,False,,False,,False
Matheus Henrique,2022-2023,30,21,1947,21.6,4,1,5,4,0,0,4,0,2.9,2.9,1.8,4.6,40,116,68,24,Sassuolo,BRA,MF,Midfielder,1,1,False,0.18518518518518517,0.046296296296296294,0.23148148148148145,0.13425925925925924,0.08333333333333333,0.13425925925925924,1.8518518518518516,5.37037037037037,3.148148148148148,False,False,,False,,False,,False
Mathías Olivera,2022-2023,30,17,1643,18.3,2,2,4,2,0,0,2,0,0.7,0.7,2.1,2.8,60,88,68,24,Napoli,URU,DF,Defender,1,1,False,0.1092896174863388,0.1092896174863388,0.2185792349726776,0.03825136612021857,0.11475409836065574,0.03825136612021857,3.278688524590164,4.808743169398907,3.715846994535519,False,False,,False,,False,,False
Mato Jajalo,2022-2023,3,0,63,0.7,0,0,0,0,0,0,0,0,0.0,0.0,0.0,0.1,0,4,1,34,Udinese,BIH,MF,Midfielder,1,1,False,0.0,0.0,0.0,0.0,0.0,0.0,0.0,5.714285714285714,1.4285714285714286,True,False,,False,,False,,False
Matteo Bianchetti,2022-2023,25,22,2132,23.7,1,0,1,1,0,0,5,0,0.8,0.8,0.5,1.2,6,47,4,29,Cremonese,ITA,DF,Defender,1,1,False,0.04219409282700422,0.0,0.04219409282700422,0.03375527426160338,0.02109704641350211,0.03375527426160338,0.25316455696202533,1.9831223628691983,0.16877637130801687,False,False,,False,,False,,False
Matteo Cancellieri,2022-2023,20,1,256,2.8,0,0,0,0,0,0,4,0,0.4,0.4,0.4,0.8,15,2,33,20,Lazio,ITA,FW,Forward,1,1,False,0.0,0.0,0.0,0.14285714285714288,0.14285714285714288,0.14285714285714288,5.357142857142858,0.7142857142857143,11.785714285714286,True,False,,False,,False,,False
Matteo Darmian,2022-2023,31,24,2025,22.5,1,2,3,1,0,0,3,0,1.0,1.0,1.9,2.9,22,88,96,32,Inter,ITA,DF,Defender,1,1,False,0.044444444444444446,0.08888888888888889,0.13333333333333333,0.044444444444444446,0.08444444444444445,0.044444444444444446,0.9777777777777777,3.911111111111111,4.266666666666667,False,True,1.0,False,1.0,True,0,True
Matteo Gabbia,2022-2023,12,6,613,6.8,0,0,0,0,0,0,2,0,0.0,0.0,0.0,0.0,1,15,1,22,Milan,ITA,DF,Defender,1,1,False,0.0,0.0,0.0,0.0,0.0,0.0,0.14705882352941177,2.2058823529411766,0.14705882352941177,False,False,,False,,False,,False
Matteo Lovato,2022-2023,17,8,814,9.0,0,0,0,0,0,0,2,0,0.0,0.0,0.0,0.0,1,8,1,22,Salernitana,ITA,DF,Defender,1,1,False,0.0,0.0,0.0,0.0,0.0,0.0,0.1111111111111111,0.8888888888888888,0.1111111111111111,False,False,,False,,False,,False
Matteo Pessina,2022-2023,35,34,2932,32.6,5,3,8,2,3,3,6,0,5.1,2.8,2.1,4.9,77,193,88,25,Monza,ITA,MF,Midfielder,1,1,False,0.15337423312883436,0.09202453987730061,0.24539877300613497,0.15644171779141103,0.06441717791411043,0.08588957055214723,2.3619631901840488,5.920245398773006,2.6993865030674846,False,False,,False,,False,,False
Matteo Politano,2022-2023,27,14,1166,13.0,3,3,6,1,2,3,1,0,4.1,1.7,3.6,5.4,81,72,138,28,Napoli,ITA,FW,Forward,1,1,False,0.23076923076923078,0.23076923076923078,0.46153846153846156,0.3153846153846154,0.27692307692307694,0.13076923076923078,6.230769230769231,5.538461538461538,10.615384615384615,False,False,,False,,False,,False
Matteo Ruggeri,2022-2023,15,8,829,9.2,0,1,1,0,0,0,3,0,0.6,0.6,0.9,1.5,22,55,65,20,Atalanta,ITA,"DF,MF",Defender,2,1,False,0.0,0.10869565217391305,0.10869565217391305,0.06521739130434782,0.09782608695652174,0.06521739130434782,2.3913043478260874,5.978260869565218,7.065217391304349,False,False,,False,,False,,False
Mattia Caldara,2022-2023,20,13,1253,13.9,0,0,0,0,0,0,6,0,0.8,0.8,0.0,0.8,5,35,4,28,Spezia,ITA,DF,Defender,1,1,False,0.0,0.0,0.0,0.05755395683453238,0.0,0.05755395683453238,0.3597122302158273,2.5179856115107913,0.28776978417266186,False,False,,False,,False,,False
Mattia De Sciglio,2022-2023,17,11,1042,11.6,0,0,0,0,0,0,0,0,0.1,0.1,0.5,0.6,16,50,40,29,Juventus,ITA,DF,Defender,1,1,False,0.0,0.0,0.0,0.008620689655172414,0.04310344827586207,0.008620689655172414,1.3793103448275863,4.310344827586207,3.4482758620689657,False,False,,False,,False,,False
Mattia Destro,2022-2023,17,6,572,6.4,1,0,1,1,0,0,3,0,1.4,1.4,0.4,1.8,4,4,20,31,Empoli,ITA,"FW,MF",Forward,2,1,False,0.15625,0.0,0.15625,0.21874999999999997,0.0625,0.21874999999999997,0.625,0.625,3.125,False,False,,False,,False,,False
Mattia Perin,2022-2023,11,10,948,10.5,0,0,0,0,0,0,0,0,0.0,0.0,0.0,0.0,0,1,0,29,Juventus,ITA,GK,Goalkeeper,1,1,False,0.0,0.0,0.0,0.0,0.0,0.0,0.0,0.09523809523809523,0.0,False,False,,False,,False,,False
Mattia Valoti,2022-2023,16,4,453,5.0,0,0,0,0,0,0,1,0,0.2,0.2,0.1,0.2,7,16,9,28,Monza,ITA,"MF,FW",Midfielder,2,1,False,0.0,0.0,0.0,0.04,0.02,0.04,1.4,3.2,1.8,False,False,,False,,False,,False
Mattia Zaccagni,2022-2023,35,33,2770,30.8,10,6,16,9,1,1,9,0,6.7,5.9,4.5,10.4,118,76,282,27,Lazio,ITA,FW,Forward,1,1,False,0.3246753246753247,0.19480519480519481,0.5194805194805194,0.21753246753246752,0.1461038961038961,0.19155844155844157,3.831168831168831,2.4675324675324677,9.155844155844155,False,False,,False,,False,,False
Mattia Zanotti,2022-2023,2,0,27,0.3,0,0,0,0,0,0,0,0,0.0,0.0,0.1,0.1,1,1,2,19,Inter,ITA,DF,Defender,1,1,False,0.0,0.0,0.0,0.0,0.33333333333333337,0.0,3.3333333333333335,3.3333333333333335,6.666666666666667,True,True,2.0,False,2.0,True,1,True
Matìas Soulé,2022-2023,13,4,420,4.7,1,0,1,1,0,0,0,0,1.5,1.5,0.8,2.3,12,15,33,19,Juventus,ARG,"MF,FW",Midfielder,2,1,False,0.2127659574468085,0.0,0.2127659574468085,0.3191489361702127,0.1702127659574468,0.3191489361702127,2.553191489361702,3.1914893617021276,7.0212765957446805,True,False,,False,,False,,False
Matías Vecino,2022-2023,32,17,1691,18.8,2,0,2,2,0,0,6,0,2.5,2.5,0.5,3.0,22,88,17,30,Lazio,URU,MF,Midfielder,1,1,False,0.10638297872340426,0.0,0.10638297872340426,0.13297872340425532,0.026595744680851064,0.13297872340425532,1.1702127659574468,4.680851063829787,0.9042553191489361,False,False,,False,,False,,False
Matías Viña,2022-2023,3,1,55,0.6,0,0,0,0,0,0,0,0,0.0,0.0,0.1,0.1,2,2,4,24,Roma,URU,DF,Defender,1,1,False,0.0,0.0,0.0,0.0,0.16666666666666669,0.0,3.3333333333333335,3.3333333333333335,6.666666666666667,True,False,,False,,False,,False
Maxime Lopez,2022-2023,30,25,2296,25.5,0,0,0,0,0,0,11,0,1.0,1.0,2.1,3.1,54,210,40,24,Sassuolo,FRA,MF,Midfielder,1,1,False,0.0,0.0,0.0,0.0392156862745098,0.08235294117647059,0.0392156862745098,2.1176470588235294,8.235294117647058,1.5686274509803921,False,False,,False,,False,,False
Mehdi Bourabia,2022-2023,37,36,2771,30.8,1,3,4,1,0,0,3,0,2.1,2.1,4.4,6.5,37,113,58,30,Spezia,MAR,MF,Midfielder,1,1,False,0.032467532467532464,0.09740259740259741,0.12987012987012986,0.06818181818181818,0.14285714285714288,0.06818181818181818,1.2012987012987013,3.6688311688311686,1.883116883116883,False,False,,False,,False,,False
Mehdi Léris,2022-2023,32,29,2460,27.3,1,1,2,1,0,0,13,0,3.4,3.4,1.8,5.2,56,62,165,24,Sampdoria,ALG,"MF,DF",Midfielder,2,1,False,0.03663003663003663,0.03663003663003663,0.07326007326007326,0.12454212454212453,0.06593406593406594,0.12454212454212453,2.051282051282051,2.271062271062271,6.043956043956044,False,False,,False,,False,,False
Merih Demiral,2022-2023,28,14,1536,17.1,1,0,1,1,0,0,5,0,0.7,0.7,0.5,1.2,3,26,4,24,Atalanta,TUR,DF,Defender,1,1,False,0.05847953216374269,0.0,0.05847953216374269,0.040935672514619874,0.029239766081871343,0.040935672514619874,0.17543859649122806,1.5204678362573099,0.23391812865497075,False,False,,False,,False,,False
Mert Müldür,2022-2023,2,1,13,0.1,0,0,0,0,0,0,0,0,0.0,0.0,0.0,0.0,0,0,0,23,Sassuolo,TUR,"FW,DF",Forward,2,1,False,0.0,0.0,0.0,0.0,0.0,0.0,0.0,0.0,0.0,True,False,,False,,False,,False
Michel Aebischer,2022-2023,32,18,1542,17.1,1,0,1,1,0,0,4,0,1.5,1.5,0.6,2.1,14,46,85,25,Bologna,SUI,"FW,MF",Forward,2,1,False,0.05847953216374269,0.0,0.05847953216374269,0.08771929824561403,0.03508771929824561,0.08771929824561403,0.8187134502923976,2.6900584795321634,4.970760233918128,False,False,,False,,False,,False
Michel Ndary Adopo,2022-2023,9,3,264,2.9,0,0,0,0,0,0,1,0,0.1,0.1,0.0,0.1,2,10,4,22,Torino,FRA,"MF,DF",Midfielder,2,1,False,0.0,0.0,0.0,0.034482758620689655,0.0,0.034482758620689655,0.6896551724137931,3.4482758620689657,1.3793103448275863,True,False,,False,,False,,False
Michele Castagnetti,2022-2023,27,14,1412,15.7,0,1,1,0,0,0,2,0,0.6,0.6,1.8,2.5,14,120,10,32,Cremonese,ITA,MF,Midfielder,1,1,False,0.0,0.06369426751592357,0.06369426751592357,0.03821656050955414,0.11464968152866242,0.03821656050955414,0.89171974522293,7.643312101910828,0.6369426751592357,False,False,,False,,False,,False
Michele Cerofolini,2022-2023,5,5,450,5.0,0,0,0,0,0,0,0,0,0.0,0.0,0.0,0.0,0,0,0,23,Fiorentina,ITA,GK,Goalkeeper,1,1,False,0.0,0.0,0.0,0.0,0.0,0.0,0.0,0.0,0.0,False,False,,False,,False,,False
Michele Di Gregorio,2022-2023,37,37,3330,37.0,0,1,1,0,0,0,0,0,0.0,0.0,0.0,0.0,0,0,0,25,Monza,ITA,GK,Goalkeeper,1,1,False,0.0,0.02702702702702703,0.02702702702702703,0.0,0.0,0.0,0.0,0.0,0.0,False,False,,False,,False,,False
Mickaël Cuisance,2022-2023,12,9,618,6.9,0,0,0,0,0,0,1,0,0.5,0.5,0.7,1.2,11,23,31,22,Sampdoria,FRA,MF,Midfielder,1,1,False,0.0,0.0,0.0,0.07246376811594203,0.10144927536231883,0.07246376811594203,1.5942028985507246,3.333333333333333,4.492753623188405,False,False,,False,,False,,False
Miguel Veloso,2022-2023,22,14,1163,12.9,0,0,0,0,0,0,6,0,0.5,0.5,2.1,2.6,17,84,22,36,Hellas Verona,POR,MF,Midfielder,1,1,False,0.0,0.0,0.0,0.03875968992248062,0.16279069767441862,0.03875968992248062,1.317829457364341,6.511627906976744,1.7054263565891472,False,False,,False,,False,,False
Mihailo Ivanović,2022-2023,1,0,4,0.0,0,0,0,0,0,0,0,0,0.0,0.0,0.0,0.0,0,0,0,17,Sampdoria,SRB,FW,Forward,1,1,False,,,,,,,,,,True,False,,False,,False,,False
Mikael Ellertsson,2022-2023,11,1,171,1.9,0,0,0,0,0,0,3,0,0.1,0.1,0.0,0.2,3,3,4,20,Spezia,ISL,"MF,DF",Midfielder,2,1,False,0.0,0.0,0.0,0.052631578947368425,0.0,0.052631578947368425,1.5789473684210527,1.5789473684210527,2.1052631578947367,True,False,,False,,False,,False
Mike Maignan,2022-2023,22,22,1978,22.0,0,1,1,0,0,0,0,0,0.0,0.0,0.0,0.0,0,1,0,27,Milan,FRA,GK,Goalkeeper,1,1,False,0.0,0.045454545454545456,0.045454545454545456,0.0,0.0,0.0,0.0,0.045454545454545456,0.0,False,False,,False,,False,,False
Milan Đurić,2022-2023,28,14,1366,15.2,1,1,2,1,0,0,3,0,1.4,1.4,1.3,2.7,2,29,72,32,Hellas Verona,BIH,FW,Forward,1,1,False,0.06578947368421052,0.06578947368421052,0.13157894736842105,0.09210526315789473,0.08552631578947369,0.09210526315789473,0.13157894736842105,1.9078947368421053,4.736842105263158,False,False,,False,,False,,False
Milan Škriniar,2022-2023,21,20,1769,19.7,0,0,0,0,0,0,5,1,0.8,0.8,0.3,1.1,16,81,10,27,Inter,SVK,DF,Defender,1,1,False,0.0,0.0,0.0,0.04060913705583757,0.015228426395939087,0.04060913705583757,0.8121827411167513,4.111675126903553,0.5076142131979695,False,True,0.0,False,0.0,True,1,True
Mile Svilar,2022-2023,3,3,270,3.0,0,0,0,0,0,0,1,0,0.0,0.0,0.0,0.0,0,0,0,22,Roma,SRB,GK,Goalkeeper,1,1,False,0.0,0.0,0.0,0.0,0.0,0.0,0.0,0.0,0.0,True,False,,False,,False,,False
Mohamed Camara,2022-2023,15,8,696,7.7,0,0,0,0,0,0,3,0,0.6,0.6,0.4,1.0,13,30,14,25,Roma,GUI,MF,Midfielder,1,1,False,0.0,0.0,0.0,0.07792207792207792,0.05194805194805195,0.07792207792207792,1.6883116883116882,3.896103896103896,1.8181818181818181,False,False,,False,,False,,False
Moise Kean,2022-2023,28,11,995,11.1,6,0,6,6,0,0,5,1,6.3,6.3,1.1,7.4,30,13,76,22,Juventus,ITA,FW,Forward,1,1,False,0.5405405405405406,0.0,0.5405405405405406,0.5675675675675675,0.09909909909909911,0.5675675675675675,2.7027027027027026,1.1711711711711712,6.846846846846847,False,False,,False,,False,,False
Morten Hjulmand,2022-2023,35,34,2962,32.9,0,4,4,0,0,0,9,1,0.6,0.6,2.1,2.7,9,159,16,23,Lecce,DEN,MF,Midfielder,1,1,False,0.0,0.12158054711246201,0.12158054711246201,0.0182370820668693,0.06382978723404256,0.0182370820668693,0.27355623100303955,4.832826747720365,0.48632218844984804,False,False,,False,,False,,False
Mouhamadou Sarr,2022-2023,2,2,180,2.0,0,0,0,0,0,0,0,0,0.0,0.0,0.0,0.0,0,0,0,25,Cremonese,SEN,GK,Goalkeeper,1,1,False,0.0,0.0,0.0,0.0,0.0,0.0,0.0,0.0,0.0,True,False,,False,,False,,False
Musa Barrow,2022-2023,32,26,1960,21.8,3,8,11,3,0,0,3,0,3.0,3.0,4.7,7.7,68,58,141,23,Bologna,GAM,"FW,MF",Forward,2,1,False,0.13761467889908258,0.36697247706422015,0.5045871559633027,0.13761467889908258,0.21559633027522937,0.13761467889908258,3.1192660550458715,2.6605504587155964,6.467889908256881,False,False,,False,,False,,False
Mário Rui,2022-2023,22,21,1749,19.4,0,6,6,0,0,0,2,1,0.6,0.6,4.0,4.6,52,153,97,31,Napoli,POR,DF,Defender,1,1,False,0.0,0.30927835051546393,0.30927835051546393,0.030927835051546393,0.2061855670103093,0.030927835051546393,2.680412371134021,7.88659793814433,5.0,False,False,,False,,False,,False
Mërgim Vojvoda,2022-2023,29,18,1719,19.1,0,5,5,0,0,0,3,0,1.5,1.5,3.7,5.3,30,125,81,27,Torino,KVX,DF,Defender,1,1,False,0.0,0.2617801047120419,0.2617801047120419,0.07853403141361257,0.19371727748691098,0.07853403141361257,1.5706806282722512,6.544502617801046,4.2408376963350785,False,False,,False,,False,,False
Nadir Zortea,2022-2023,19,8,879,9.8,1,1,2,1,0,0,5,0,0.30000000000000004,0.30000000000000004,1.2999999999999998,1.5,35,47,38,23,MULTI:Atalanta|Sassuolo,ITA,"DF,MF",Defender,2,2,True,0.1020408163265306,0.1020408163265306,0.2040816326530612,0.030612244897959186,0.13265306122448978,0.030612244897959186,3.571428571428571,4.795918367346938,3.877551020408163,False,False,,False,,False,,False
Nedim Bajrami,2022-2023,37,15,1759,19.5,2,1,3,2,0,0,1,0,3.0999999999999996,3.0999999999999996,2.7,5.8,45,73,143,23,MULTI:Empoli|Sassuolo,ALB,"MF,FW",Midfielder,2,2,True,0.10256410256410256,0.05128205128205128,0.15384615384615385,0.15897435897435896,0.13846153846153847,0.15897435897435896,2.3076923076923075,3.7435897435897436,7.333333333333333,False,False,,False,,False,,False
Nehuén Pérez,2022-2023,34,33,2818,31.3,2,0,2,2,0,0,7,1,1.0,1.0,0.5,1.5,23,101,26,22,Udinese,ARG,DF,Defender,1,1,False,0.06389776357827476,0.0,0.06389776357827476,0.03194888178913738,0.01597444089456869,0.03194888178913738,0.7348242811501597,3.2268370607028753,0.8306709265175719,False,False,,False,,False,,False
Nemanja Matić,2022-2023,35,16,1852,20.6,2,2,4,2,0,0,5,0,1.0,1.0,2.6,3.6,50,134,17,33,Roma,SRB,MF,Midfielder,1,1,False,0.0970873786407767,0.0970873786407767,0.1941747572815534,0.04854368932038835,0.1262135922330097,0.04854368932038835,2.4271844660194173,6.504854368932039,0.8252427184466019,False,False,,False,,False,,False
Nemanja Radonjić,2022-2023,28,16,1461,16.2,2,2,4,2,0,0,1,0,5.0,5.0,1.7,6.6,86,42,163,26,Torino,SRB,"MF,FW",Midfielder,2,1,False,0.1234567901234568,0.1234567901234568,0.2469135802469136,0.308641975308642,0.10493827160493828,0.308641975308642,5.3086419753086425,2.5925925925925926,10.06172839506173,False,False,,False,,False,,False
Niccolò Pisilli,2022-2023,1,0,1,0.0,0,0,0,0,0,0,0,0,0.0,0.0,0.0,0.0,0,0,0,17,Roma,ITA,MF,Midfielder,1,1,False,,,,,,,,,,True,False,,False,,False,,False
Nicola Murru,2022-2023,20,5,784,8.7,0,0,0,0,0,0,3,0,0.0,0.0,0.1,0.1,7,27,13,27,Sampdoria,ITA,DF,Defender,1,1,False,0.0,0.0,0.0,0.0,0.01149425287356322,0.0,0.8045977011494253,3.1034482758620694,1.4942528735632186,False,False,,False,,False,,False
Nicola Ravaglia,2022-2023,9,9,810,9.0,0,0,0,0,0,0,0,0,0.0,0.0,0.0,0.0,0,0,0,33,Sampdoria,ITA,GK,Goalkeeper,1,1,False,0.0,0.0,0.0,0.0,0.0,0.0,0.0,0.0,0.0,False,False,,False,,False,,False
Nicola Sansone,2022-2023,18,8,740,8.2,4,2,6,4,0,0,2,0,2.8,2.8,1.0,3.7,17,13,72,30,Bologna,ITA,FW,Forward,1,1,False,0.48780487804878053,0.24390243902439027,0.7317073170731708,0.34146341463414637,0.12195121951219513,0.34146341463414637,2.073170731707317,1.5853658536585367,8.78048780487805,False,False,,False,,False,,False
Nicola Zalewski,2022-2023,33,26,2197,24.4,2,1,3,2,0,0,3,0,1.3,1.3,1.2,2.5,92,85,99,20,Roma,POL,DF,Defender,1,1,False,0.0819672131147541,0.04098360655737705,0.12295081967213116,0.05327868852459017,0.04918032786885246,0.05327868852459017,3.7704918032786887,3.4836065573770494,4.057377049180328,False,False,,False,,False,,False
Nicolas Haas,2022-2023,24,12,1156,12.8,1,1,2,1,0,0,2,0,1.2,1.2,0.9,2.1,10,36,23,26,Empoli,SUI,MF,Midfielder,1,1,False,0.078125,0.078125,0.15625,0.09374999999999999,0.0703125,0.09374999999999999,0.78125,2.8125,1.796875,False,False,,False,,False,,False
Nicolás Domínguez,2022-2023,31,26,2300,25.6,3,2,5,3,0,0,10,0,2.6,2.6,2.9,5.4,39,147,84,24,Bologna,ARG,MF,Midfielder,1,1,False,0.1171875,0.078125,0.1953125,0.1015625,0.11328124999999999,0.1015625,1.5234375,5.7421875,3.28125,False,False,,False,,False,,False
Nicolás González,2022-2023,24,13,1354,15.0,6,1,7,4,2,2,3,0,6.7,5.4,1.3,6.7,37,70,112,24,Fiorentina,ARG,"FW,MF",Forward,2,1,False,0.4,0.06666666666666667,0.4666666666666667,0.44666666666666666,0.08666666666666667,0.36000000000000004,2.466666666666667,4.666666666666667,7.466666666666667,False,False,,False,,False,,False
Nicolò Barella,2022-2023,35,31,2613,29.0,6,6,12,6,0,0,6,0,3.2,3.2,5.6,8.8,76,214,162,25,Inter,ITA,MF,Midfielder,1,1,False,0.20689655172413793,0.20689655172413793,0.41379310344827586,0.11034482758620691,0.19310344827586207,0.11034482758620691,2.6206896551724137,7.379310344827586,5.586206896551724,False,True,3.0,False,3.0,True,0,True
Nicolò Cambiaghi,2022-2023,28,12,1285,14.3,6,1,7,6,0,0,5,1,3.4,3.4,1.1,4.5,73,42,99,21,Empoli,ITA,"FW,MF",Forward,2,1,False,0.4195804195804196,0.06993006993006992,0.4895104895104895,0.23776223776223773,0.07692307692307693,0.23776223776223773,5.104895104895105,2.937062937062937,6.9230769230769225,False,False,,False,,False,,False
Nicolò Casale,2022-2023,29,27,2437,27.1,1,1,2,1,0,0,6,0,0.6,0.6,0.3,0.9,11,70,3,24,Lazio,ITA,DF,Defender,1,1,False,0.03690036900369004,0.03690036900369004,0.07380073800738007,0.02214022140221402,0.01107011070110701,0.02214022140221402,0.4059040590405904,2.5830258302583022,0.11070110701107011,False,False,,False,,False,,False
Nicolò Cocetta,2022-2023,1,0,32,0.4,0,0,0,0,0,0,0,0,0.0,0.0,0.0,0.0,0,0,0,18,Udinese,ITA,DF,Defender,1,1,False,0.0,0.0,0.0,0.0,0.0,0.0,0.0,0.0,0.0,True,False,,False,,False,,False
Nicolò Fagioli,2022-2023,26,17,1520,16.9,3,3,6,3,0,0,3,0,1.5,1.5,1.3,2.8,27,56,56,21,Juventus,ITA,MF,Midfielder,1,1,False,0.1775147928994083,0.1775147928994083,0.3550295857988166,0.08875739644970415,0.07692307692307693,0.08875739644970415,1.5976331360946747,3.313609467455622,3.313609467455622,False,False,,False,,False,,False
Nicolò Rovella,2022-2023,28,21,1767,19.6,1,2,3,1,0,0,6,1,1.3,1.3,2.2,3.5,27,100,21,20,MULTI:Juventus|Monza,ITA,MF,Midfielder,1,2,True,0.0510204081632653,0.1020408163265306,0.1530612244897959,0.0663265306122449,0.11224489795918367,0.0663265306122449,1.3775510204081631,5.1020408163265305,1.0714285714285714,False,False,,False,,False,,False
Nicolò Zaniolo,2022-2023,13,12,890,9.9,1,0,1,1,0,0,4,0,2.9,2.9,0.9,3.8,34,19,69,23,Roma,ITA,"MF,FW",Midfielder,2,1,False,0.10101010101010101,0.0,0.10101010101010101,0.29292929292929293,0.09090909090909091,0.29292929292929293,3.4343434343434343,1.9191919191919191,6.96969696969697,False,False,,False,,False,,False
Niklas Pyyhtiä,2022-2023,6,0,110,1.2,0,1,1,0,0,0,0,0,0.2,0.2,0.1,0.3,2,1,5,18,Bologna,FIN,MF,Midfielder,1,1,False,0.0,0.8333333333333334,0.8333333333333334,0.16666666666666669,0.08333333333333334,0.16666666666666669,1.6666666666666667,0.8333333333333334,4.166666666666667,True,False,,False,,False,,False
Nikola Milenković,2022-2023,27,23,2137,23.7,2,1,3,2,0,0,4,0,1.9,1.9,0.5,2.4,9,78,3,24,Fiorentina,SRB,DF,Defender,1,1,False,0.08438818565400844,0.04219409282700422,0.12658227848101267,0.08016877637130801,0.02109704641350211,0.08016877637130801,0.379746835443038,3.2911392405063293,0.12658227848101267,False,False,,False,,False,,False
Nikola Moro,2022-2023,26,12,1226,13.6,1,5,6,1,0,0,1,0,0.8,0.8,2.2,3.0,24,102,35,24,Bologna,CRO,MF,Midfielder,1,1,False,0.07352941176470588,0.36764705882352944,0.4411764705882353,0.05882352941176471,0.16176470588235295,0.05882352941176471,1.7647058823529411,7.5,2.573529411764706,False,False,,False,,False,,False
Nikola Vlašić,2022-2023,34,29,2728,30.3,5,6,11,5,0,0,1,0,4.3,4.3,4.1,8.4,85,106,210,24,Torino,CRO,"MF,FW",Midfielder,2,1,False,0.16501650165016502,0.198019801980198,0.36303630363036304,0.1419141914191419,0.13531353135313529,0.1419141914191419,2.8052805280528053,3.498349834983498,6.930693069306931,False,False,,False,,False,,False
Norbert Gyömbér,2022-2023,27,23,1740,19.3,0,1,1,0,0,0,5,0,0.7,0.7,0.6,1.4,5,45,2,30,Salernitana,SVK,DF,Defender,1,1,False,0.0,0.05181347150259067,0.05181347150259067,0.03626943005181347,0.031088082901554404,0.03626943005181347,0.25906735751295334,2.33160621761658,0.10362694300518134,False,False,,False,,False,,False
Ola Aina,2022-2023,19,9,876,9.7,1,1,2,1,0,0,5,0,0.8,0.8,2.1,2.9,35,43,43,25,Torino,NGA,DF,Defender,1,1,False,0.10309278350515465,0.10309278350515465,0.2061855670103093,0.08247422680412372,0.21649484536082478,0.08247422680412372,3.6082474226804124,4.43298969072165,4.43298969072165,False,False,,False,,False,,False
Ola Solbakken,2022-2023,14,7,502,5.6,1,2,3,1,0,0,2,0,0.6,0.6,1.6,2.2,5,14,35,23,Roma,NOR,"MF,FW",Midfielder,2,1,False,0.17857142857142858,0.35714285714285715,0.5357142857142857,0.10714285714285715,0.28571428571428575,0.10714285714285715,0.8928571428571429,2.5,6.25,False,False,,False,,False,,False
Oliver Abildgaard,2022-2023,13,6,592,6.6,0,0,0,0,0,0,2,0,0.1,0.1,0.4,0.6,2,15,8,26,Hellas Verona,DEN,MF,Midfielder,1,1,False,0.0,0.0,0.0,0.015151515151515154,0.060606060606060615,0.015151515151515154,0.30303030303030304,2.272727272727273,1.2121212121212122,False,False,,False,,False,,False
Olivier Giroud,2022-2023,33,25,2139,23.8,13,5,18,10,3,3,8,1,12.7,10.4,4.0,14.4,12,36,152,35,Milan,FRA,FW,Forward,1,1,False,0.5462184873949579,0.21008403361344538,0.7563025210084033,0.5336134453781513,0.1680672268907563,0.4369747899159664,0.5042016806722689,1.5126050420168067,6.386554621848739,False,False,,False,,False,,False
Omar Colley,2022-2023,16,15,1384,15.4,1,0,1,1,0,0,5,0,1.2,1.2,0.0,1.2,3,33,2,29,Sampdoria,GAM,DF,Defender,1,1,False,0.06493506493506493,0.0,0.06493506493506493,0.07792207792207792,0.0,0.07792207792207792,0.19480519480519481,2.142857142857143,0.12987012987012986,False,False,,False,,False,,False
Ondrej Duda,2022-2023,15,11,1061,11.8,0,0,0,0,0,0,4,0,0.8,0.8,0.3,1.1,15,44,22,27,Hellas Verona,SVK,MF,Midfielder,1,1,False,0.0,0.0,0.0,0.06779661016949153,0.02542372881355932,0.06779661016949153,1.271186440677966,3.7288135593220337,1.8644067796610169,False,False,,False,,False,,False
Pablo Galdames Millán,2022-2023,13,10,734,8.2,1,2,3,1,0,0,2,0,0.3,0.3,1.1,1.4,5,33,17,25,Cremonese,CHI,MF,Midfielder,1,1,False,0.12195121951219513,0.24390243902439027,0.3658536585365854,0.03658536585365854,0.13414634146341467,0.03658536585365854,0.6097560975609757,4.024390243902439,2.073170731707317,False,False,,False,,False,,False
Pablo Marí,2022-2023,30,28,2487,27.6,1,0,1,1,0,0,4,0,0.6,0.6,0.3,1.0,6,57,3,28,Monza,ESP,DF,Defender,1,1,False,0.036231884057971016,0.0,0.036231884057971016,0.021739130434782608,0.010869565217391304,0.021739130434782608,0.21739130434782608,2.0652173913043477,0.10869565217391304,False,False,,False,,False,,False
Pablo Rodríguez,2022-2023,4,0,54,0.6,0,0,0,0,0,0,0,0,0.0,0.0,0.0,0.0,2,3,7,20,Lecce,ESP,"FW,MF",Forward,2,1,False,0.0,0.0,0.0,0.0,0.0,0.0,3.3333333333333335,5.0,11.666666666666668,True,False,,False,,False,,False
Panagiotis Retsos,2022-2023,2,1,122,1.4,0,0,0,0,0,0,0,0,0.1,0.1,0.0,0.1,2,2,0,23,Hellas Verona,GRE,DF,Defender,1,1,False,0.0,0.0,0.0,0.07142857142857144,0.0,0.07142857142857144,1.4285714285714286,1.4285714285714286,0.0,True,False,,False,,False,,False
Paolo Ghiglione,2022-2023,15,8,711,7.9,1,1,2,1,0,0,4,0,0.8,0.8,0.6,1.5,5,19,35,25,Cremonese,ITA,DF,Defender,1,1,False,0.12658227848101264,0.12658227848101264,0.2531645569620253,0.10126582278481013,0.07594936708860758,0.10126582278481013,0.6329113924050632,2.4050632911392404,4.430379746835443,False,False,,False,,False,,False
Pasquale Mazzocchi,2022-2023,27,23,1958,21.8,2,3,5,2,0,0,2,0,1.3,1.3,2.6,3.9,70,60,102,27,Salernitana,ITA,DF,Defender,1,1,False,0.09174311926605504,0.13761467889908258,0.2293577981651376,0.05963302752293578,0.11926605504587157,0.05963302752293578,3.2110091743119265,2.7522935779816513,4.678899082568807,False,False,,False,,False,,False
Patric,2022-2023,18,16,1413,15.7,0,0,0,0,0,0,1,0,0.1,0.1,0.0,0.2,0,27,3,29,Lazio,ESP,DF,Defender,1,1,False,0.0,0.0,0.0,0.006369426751592357,0.0,0.006369426751592357,0.0,1.7197452229299364,0.1910828025477707,False,False,,False,,False,,False
Patrick Ciurria,2022-2023,36,31,2753,30.6,6,5,11,6,0,0,4,0,4.8,4.8,5.5,10.2,67,91,168,27,Monza,ITA,"DF,MF",Defender,2,1,False,0.19607843137254902,0.16339869281045752,0.35947712418300654,0.1568627450980392,0.17973856209150327,0.1568627450980392,2.1895424836601305,2.9738562091503264,5.490196078431373,False,False,,False,,False,,False
Paul Pogba,2022-2023,6,1,111,1.2,0,0,0,0,0,0,0,0,0.3,0.3,0.2,0.6,5,4,15,29,Juventus,FRA,"MF,FW",Midfielder,2,1,False,0.0,0.0,0.0,0.25,0.16666666666666669,0.25,4.166666666666667,3.3333333333333335,12.5,True,False,,False,,False,,False
Paulo Dybala,2022-2023,25,21,1739,19.3,12,6,18,7,5,5,5,0,9.3,5.3,6.8,12.2,56,75,109,28,Roma,ARG,"MF,FW",Midfielder,2,1,False,0.6217616580310881,0.31088082901554404,0.9326424870466321,0.4818652849740933,0.35233160621761656,0.27461139896373055,2.901554404145078,3.8860103626943006,5.647668393782383,False,False,,False,,False,,False
Paweł Dawidowicz,2022-2023,23,20,1632,18.1,1,1,2,1,0,0,6,1,1.1,1.1,0.8,1.9,20,60,17,27,Hellas Verona,POL,DF,Defender,1,1,False,0.055248618784530384,0.055248618784530384,0.11049723756906077,0.06077348066298342,0.04419889502762431,0.06077348066298342,1.1049723756906076,3.3149171270718227,0.9392265193370165,False,False,,False,,False,,False
Pedro,2022-2023,36,17,1898,21.1,4,3,7,4,0,0,1,0,3.4,3.4,2.6,6.1,64,52,144,35,Lazio,ESP,FW,Forward,1,1,False,0.1895734597156398,0.14218009478672985,0.33175355450236965,0.16113744075829384,0.12322274881516587,0.16113744075829384,3.0331753554502368,2.4644549763033172,6.824644549763033,False,False,,False,,False,,False
Pedro Obiang,2022-2023,17,11,876,9.7,0,1,1,0,0,0,2,0,0.4,0.4,0.2,0.6,0,40,6,30,Sassuolo,EQG,MF,Midfielder,1,1,False,0.0,0.10309278350515465,0.10309278350515465,0.04123711340206186,0.02061855670103093,0.04123711340206186,0.0,4.123711340206186,0.6185567010309279,False,False,,False,,False,,False
Pepín,2022-2023,25,11,1123,12.5,0,2,2,0,0,0,4,0,0.5,0.5,1.5,2.0,19,74,28,25,Monza,EQG,MF,Midfielder,1,1,False,0.0,0.16,0.16,0.04,0.12,0.04,1.52,5.92,2.24,False,False,,False,,False,,False
Perr Schuurs,2022-2023,30,28,2326,25.8,0,2,2,0,0,0,5,0,0.9,0.9,0.9,1.8,14,56,2,22,Torino,NED,DF,Defender,1,1,False,0.0,0.07751937984496124,0.07751937984496124,0.03488372093023256,0.03488372093023256,0.03488372093023256,0.5426356589147286,2.1705426356589146,0.07751937984496124,False,False,,False,,False,,False
Petar Stojanović,2022-2023,27,16,1530,17.0,0,1,1,0,0,0,3,0,0.3,0.3,1.0,1.3,50,91,51,26,Empoli,SVN,DF,Defender,1,1,False,0.0,0.058823529411764705,0.058823529411764705,0.01764705882352941,0.058823529411764705,0.01764705882352941,2.9411764705882355,5.352941176470588,3.0,False,False,,False,,False,,False
Petar Zovko,2022-2023,1,0,74,0.8,0,0,0,0,0,0,0,0,0.0,0.0,0.0,0.0,0,0,0,20,Spezia,BIH,GK,Goalkeeper,1,1,False,0.0,0.0,0.0,0.0,0.0,0.0,0.0,0.0,0.0,True,False,,False,,False,,False
Petko Hristov,2022-2023,9,4,365,4.1,0,0,0,0,0,0,0,0,0.1,0.1,0.0,0.1,2,8,3,23,Spezia,BUL,DF,Defender,1,1,False,0.0,0.0,0.0,0.02439024390243903,0.0,0.02439024390243903,0.48780487804878053,1.9512195121951221,0.7317073170731708,True,False,,False,,False,,False
Pierluigi Gollini,2022-2023,7,7,630,7.0,0,0,0,0,0,0,0,0,0.0,0.0,0.0,0.0,0,0,0,27,MULTI:Fiorentina|Napoli,ITA,GK,Goalkeeper,1,2,True,0.0,0.0,0.0,0.0,0.0,0.0,0.0,0.0,0.0,False,False,,False,,False,,False
Pierre Kalulu,2022-2023,34,26,2548,28.3,1,0,1,1,0,0,4,0,1.5,1.5,1.2,2.8,52,138,43,22,Milan,FRA,DF,Defender,1,1,False,0.0353356890459364,0.0,0.0353356890459364,0.053003533568904596,0.04240282685512367,0.053003533568904596,1.8374558303886925,4.876325088339223,1.519434628975265,False,False,,False,,False,,False
Pietro Ceccaroni,2022-2023,2,0,43,0.5,0,0,0,0,0,0,0,0,0.1,0.1,0.2,0.3,0,0,1,26,Lecce,ITA,DF,Defender,1,1,False,0.0,0.0,0.0,0.2,0.4,0.2,0.0,0.0,2.0,True,False,,False,,False,,False
Pietro Pellegri,2022-2023,18,4,465,5.2,2,0,2,2,0,0,3,0,1.5,1.5,0.5,2.0,4,8,50,21,Torino,ITA,FW,Forward,1,1,False,0.3846153846153846,0.0,0.3846153846153846,0.28846153846153844,0.09615384615384615,0.28846153846153844,0.7692307692307692,1.5384615384615383,9.615384615384615,False,False,,False,,False,,False
Pietro Terracciano,2022-2023,29,29,2610,29.0,0,0,0,0,0,0,1,0,0.0,0.0,0.0,0.0,0,0,0,32,Fiorentina,ITA,GK,Goalkeeper,1,1,False,0.0,0.0,0.0,0.0,0.0,0.0,0.0,0.0,0.0,False,False,,False,,False,,False
Piotr Zieliński,2022-2023,37,27,2287,25.4,3,8,11,3,0,0,3,0,3.5,3.5,7.4,10.9,62,128,129,28,Napoli,POL,MF,Midfielder,1,1,False,0.11811023622047245,0.31496062992125984,0.4330708661417323,0.1377952755905512,0.2913385826771654,0.1377952755905512,2.440944881889764,5.039370078740157,5.078740157480315,False,False,,False,,False,,False
Przemysław Wiśniewski,2022-2023,14,11,1003,11.1,1,0,1,1,0,0,3,0,1.2,1.2,0.7,1.9,2,24,1,24,Spezia,POL,DF,Defender,1,1,False,0.0900900900900901,0.0,0.0900900900900901,0.10810810810810811,0.06306306306306306,0.10810810810810811,0.1801801801801802,2.1621621621621623,0.0900900900900901,False,False,,False,,False,,False
Rade Krunić,2022-2023,23,18,1657,18.4,0,1,1,0,0,0,8,0,1.1,1.1,1.1,2.2,31,73,21,28,Milan,BIH,MF,Midfielder,1,1,False,0.0,0.05434782608695653,0.05434782608695653,0.05978260869565218,0.05978260869565218,0.05978260869565218,1.6847826086956523,3.9673913043478266,1.1413043478260871,False,False,,False,,False,,False
Rafael Leão,2022-2023,35,28,2421,26.9,15,8,23,15,0,0,7,1,10.8,10.8,7.0,17.9,136,122,235,23,Milan,POR,"FW,MF",Forward,2,1,False,0.5576208178438662,0.29739776951672864,0.8550185873605949,0.4014869888475837,0.26022304832713755,0.4014869888475837,5.055762081784387,4.5353159851301115,8.736059479553903,False,False,,False,,False,,False
Rafael Tolói,2022-2023,32,32,2784,30.9,2,1,3,2,0,0,8,0,2.8,2.8,1.2,4.0,21,148,29,31,Atalanta,ITA,DF,Defender,1,1,False,0.06472491909385114,0.03236245954692557,0.0970873786407767,0.09061488673139158,0.03883495145631068,0.09061488673139158,0.6796116504854369,4.789644012944984,0.9385113268608415,False,False,,False,,False,,False
Raimonds Krollis,2022-2023,4,0,36,0.4,0,0,0,0,0,0,0,0,0.1,0.1,0.0,0.1,1,2,4,20,Spezia,LVA,"FW,DF",Forward,2,1,False,0.0,0.0,0.0,0.25,0.0,0.25,2.5,5.0,10.0,True,False,,False,,False,,False
Raoul Bellanova,2022-2023,18,3,496,5.5,0,0,0,0,0,0,0,0,0.6,0.6,0.4,1.0,25,12,37,22,Inter,ITA,DF,Defender,1,1,False,0.0,0.0,0.0,0.10909090909090909,0.07272727272727274,0.10909090909090909,4.545454545454546,2.1818181818181817,6.7272727272727275,False,True,,True,-1.0,True,1,True
Rasmus Højlund,2022-2023,32,20,1834,20.4,9,2,11,9,0,0,1,0,9.5,9.5,2.4,11.8,40,37,224,19,Atalanta,DEN,FW,Forward,1,1,False,0.44117647058823534,0.09803921568627452,0.5392156862745099,0.46568627450980393,0.11764705882352941,0.46568627450980393,1.9607843137254903,1.8137254901960786,10.980392156862745,False,False,,False,,False,,False
Remi Oudin,2022-2023,31,12,1321,14.7,3,0,3,3,0,0,3,0,2.0,2.0,2.3,4.3,24,63,54,25,Lecce,FRA,"FW,MF",Forward,2,1,False,0.20408163265306123,0.0,0.20408163265306123,0.1360544217687075,0.1564625850340136,0.1360544217687075,1.6326530612244898,4.285714285714286,3.673469387755102,False,False,,False,,False,,False
Ricardo Rodríguez,2022-2023,35,30,2670,29.7,0,0,0,0,0,0,3,0,0.4,0.4,1.9,2.4,49,133,51,29,Torino,SUI,DF,Defender,1,1,False,0.0,0.0,0.0,0.01346801346801347,0.06397306397306397,0.01346801346801347,1.6498316498316499,4.478114478114478,1.7171717171717171,False,False,,False,,False,,False
Riccardo Marchizza,2022-2023,10,3,283,3.1,0,1,1,0,0,0,1,0,0.0,0.0,0.3,0.3,3,15,15,24,Sassuolo,ITA,DF,Defender,1,1,False,0.0,0.3225806451612903,0.3225806451612903,0.0,0.0967741935483871,0.0,0.9677419354838709,4.838709677419355,4.838709677419355,True,False,,False,,False,,False
Riccardo Orsolini,2022-2023,32,22,2124,23.6,11,4,15,8,3,3,8,2,10.5,8.1,3.1,11.2,53,62,212,25,Bologna,ITA,FW,Forward,1,1,False,0.4661016949152542,0.1694915254237288,0.635593220338983,0.4449152542372881,0.1313559322033898,0.3432203389830508,2.2457627118644066,2.6271186440677963,8.983050847457626,False,False,,False,,False,,False
Riccardo Saponara,2022-2023,29,14,1208,13.4,4,3,7,4,0,0,4,0,2.8,2.8,3.4,6.2,56,56,125,30,Fiorentina,ITA,FW,Forward,1,1,False,0.29850746268656714,0.22388059701492538,0.5223880597014925,0.208955223880597,0.2537313432835821,0.208955223880597,4.17910447761194,4.17910447761194,9.328358208955224,False,False,,False,,False,,False
Riccardo Sottil,2022-2023,18,9,833,9.3,0,2,2,0,0,0,1,0,1.0,1.0,1.1,2.2,65,27,123,23,Fiorentina,ITA,FW,Forward,1,1,False,0.0,0.2150537634408602,0.2150537634408602,0.1075268817204301,0.11827956989247312,0.1075268817204301,6.989247311827956,2.9032258064516125,13.225806451612902,False,False,,False,,False,,False
Rick Karsdorp,2022-2023,13,8,711,7.9,0,0,0,0,0,0,0,0,0.3,0.3,1.2,1.5,16,24,33,27,Roma,NED,DF,Defender,1,1,False,0.0,0.0,0.0,0.03797468354430379,0.15189873417721517,0.03797468354430379,2.0253164556962022,3.0379746835443036,4.177215189873418,False,False,,False,,False,,False
Roberto Gagliardini,2022-2023,19,7,783,8.7,0,0,0,0,0,0,5,1,0.9,0.9,0.3,1.1,20,39,22,28,Inter,ITA,MF,Midfielder,1,1,False,0.0,0.0,0.0,0.10344827586206898,0.034482758620689655,0.10344827586206898,2.298850574712644,4.482758620689656,2.528735632183908,False,True,0.0,False,0.0,True,1,True
Roberto Pereyra,2022-2023,34,33,2820,31.3,5,7,12,5,0,1,7,0,4.7,3.9,5.5,9.5,66,143,186,31,Udinese,ARG,"DF,MF",Defender,2,1,False,0.1597444089456869,0.22364217252396165,0.38338658146964855,0.1501597444089457,0.1757188498402556,0.12460063897763578,2.108626198083067,4.568690095846645,5.942492012779552,False,False,,False,,False,,False
Roberto Piccoli,2022-2023,20,8,708,7.800000000000001,2,0,2,2,0,0,0,0,1.7000000000000002,1.7000000000000002,0.6000000000000001,2.3,10,4,33,21,MULTI:Empoli|Hellas Verona,ITA,FW,Forward,1,2,True,0.2564102564102564,0.0,0.2564102564102564,0.21794871794871795,0.07692307692307693,0.21794871794871795,1.282051282051282,0.5128205128205128,4.23076923076923,False,False,,False,,False,,False
Roberto Soriano,2022-2023,27,15,1326,14.7,1,3,4,1,0,0,1,0,0.6,0.6,2.5,3.1,30,56,66,31,Bologna,ITA,"FW,MF",Forward,2,1,False,0.06802721088435375,0.20408163265306123,0.272108843537415,0.04081632653061225,0.17006802721088435,0.04081632653061225,2.0408163265306123,3.8095238095238098,4.4897959183673475,False,False,,False,,False,,False
Robin Gosens,2022-2023,32,11,1184,13.2,3,0,3,3,0,0,2,0,3.0,3.0,2.4,5.3,29,41,102,28,Inter,GER,DF,Defender,1,1,False,0.2272727272727273,0.0,0.2272727272727273,0.2272727272727273,0.18181818181818182,0.2272727272727273,2.1969696969696972,3.1060606060606064,7.7272727272727275,False,True,1.0,False,1.0,True,0,True
Rodrigo Becão,2022-2023,28,28,2484,27.6,2,1,3,2,0,0,11,1,1.5,1.5,0.6,2.1,19,98,48,26,Udinese,BRA,DF,Defender,1,1,False,0.07246376811594203,0.036231884057971016,0.10869565217391304,0.05434782608695652,0.021739130434782608,0.05434782608695652,0.6884057971014492,3.550724637681159,1.7391304347826086,False,False,,False,,False,,False
Roger Ibanez,2022-2023,33,32,2796,31.1,3,0,3,3,0,0,11,1,3.0,3.0,0.6,3.5,24,77,9,23,Roma,BRA,DF,Defender,1,1,False,0.09646302250803858,0.0,0.09646302250803858,0.09646302250803858,0.019292604501607715,0.09646302250803858,0.7717041800643086,2.47588424437299,0.28938906752411575,False,False,,False,,False,,False
Rogério,2022-2023,36,34,2996,33.3,0,3,3,0,0,0,5,1,0.5,0.5,2.7,3.3,110,185,115,24,Sassuolo,BRA,DF,Defender,1,1,False,0.0,0.0900900900900901,0.0900900900900901,0.015015015015015017,0.0810810810810811,0.015015015015015017,3.3033033033033035,5.555555555555556,3.4534534534534536,False,False,,False,,False,,False
Rolando Mandragora,2022-2023,29,22,1950,21.7,2,4,6,2,0,0,8,0,1.5,1.5,4.9,6.4,18,142,59,25,Fiorentina,ITA,MF,Midfielder,1,1,False,0.09216589861751152,0.18433179723502305,0.2764976958525346,0.06912442396313365,0.22580645161290325,0.06912442396313365,0.8294930875576038,6.5437788018433185,2.71889400921659,False,False,,False,,False,,False
Romelu Lukaku,2022-2023,25,19,1660,18.4,10,6,16,8,2,2,1,0,9.0,7.4,4.1,11.5,34,41,159,29,Inter,BEL,FW,Forward,1,1,False,0.5434782608695653,0.32608695652173914,0.8695652173913044,0.48913043478260876,0.22282608695652173,0.4021739130434783,1.847826086956522,2.2282608695652177,8.641304347826088,False,True,,True,-1.0,True,1,True
Ronaldo Vieira,2022-2023,18,8,831,9.299999999999999,0,0,0,0,0,0,3,0,0.4,0.4,0.0,0.4,6,40,5,24,MULTI:Sampdoria|Torino,ENG,MF,Midfielder,1,2,True,0.0,0.0,0.0,0.04301075268817205,0.0,0.04301075268817205,0.6451612903225807,4.301075268817205,0.5376344086021506,False,False,,False,,False,,False
Ruan,2022-2023,23,21,1711,19.0,0,0,0,0,0,0,13,3,0.5,0.5,0.0,0.5,6,22,3,23,Sassuolo,BRA,DF,Defender,1,1,False,0.0,0.0,0.0,0.02631578947368421,0.0,0.02631578947368421,0.3157894736842105,1.1578947368421053,0.15789473684210525,False,False,,False,,False,,False
Rui Patrício,2022-2023,35,35,3150,35.0,0,0,0,0,0,0,1,0,0.0,0.0,0.0,0.0,0,0,0,34,Roma,POR,GK,Goalkeeper,1,1,False,0.0,0.0,0.0,0.0,0.0,0.0,0.0,0.0,0.0,False,False,,False,,False,,False
Ruslan Malinovskyi,2022-2023,15,5,553,6.1,1,2,3,1,0,0,2,0,0.6,0.6,2.0,2.6,19,50,36,29,Atalanta,UKR,"MF,FW",Midfielder,2,1,False,0.1639344262295082,0.3278688524590164,0.49180327868852464,0.09836065573770492,0.3278688524590164,0.09836065573770492,3.114754098360656,8.196721311475411,5.901639344262295,False,False,,False,,False,,False
Răzvan Marin,2022-2023,33,28,2538,28.2,2,4,6,2,0,0,7,0,1.4,1.4,4.2,5.5,35,118,27,26,Empoli,ROU,MF,Midfielder,1,1,False,0.07092198581560284,0.14184397163120568,0.2127659574468085,0.04964539007092198,0.14893617021276598,0.04964539007092198,1.2411347517730498,4.184397163120567,0.9574468085106383,False,False,,False,,False,,False
Salvador Ferrer,2022-2023,5,0,136,1.5,0,0,0,0,0,0,0,0,0.0,0.0,0.0,0.0,0,1,2,24,Spezia,ESP,DF,Defender,1,1,False,0.0,0.0,0.0,0.0,0.0,0.0,0.0,0.6666666666666666,1.3333333333333333,True,False,,False,,False,,False
Salvatore Esposito,2022-2023,15,10,971,10.8,1,0,1,1,0,0,5,1,0.7,0.7,1.5,2.2,4,51,11,21,Spezia,ITA,MF,Midfielder,1,1,False,0.09259259259259259,0.0,0.09259259259259259,0.06481481481481481,0.13888888888888887,0.06481481481481481,0.37037037037037035,4.722222222222222,1.0185185185185184,False,False,,False,,False,,False
Salvatore Molina,2022-2023,5,1,229,2.5,0,0,0,0,0,0,1,0,0.0,0.0,0.1,0.1,9,7,22,30,Monza,ITA,DF,Defender,1,1,False,0.0,0.0,0.0,0.0,0.04,0.0,3.6,2.8,8.8,True,False,,False,,False,,False
Salvatore Sirigu,2022-2023,1,1,90,1.0,0,0,0,0,0,0,0,0,0.0,0.0,0.0,0.0,0,0,0,35,Fiorentina,ITA,GK,Goalkeeper,1,1,False,0.0,0.0,0.0,0.0,0.0,0.0,0.0,0.0,0.0,True,False,,False,,False,,False
Sam Lammers,2022-2023,33,23,1983,22.0,2,2,4,2,0,0,1,0,4.8,4.8,1.9,6.6,26,38,132,25,MULTI:Empoli|Sampdoria,NED,FW,Forward,1,2,True,0.09090909090909091,0.09090909090909091,0.18181818181818182,0.21818181818181817,0.08636363636363636,0.21818181818181817,1.1818181818181819,1.7272727272727273,6.0,False,False,,False,,False,,False
Samir Handanović,2022-2023,14,14,1234,13.7,0,0,0,0,0,0,0,0,0.0,0.0,0.0,0.0,0,0,0,38,Inter,SVN,GK,Goalkeeper,1,1,False,0.0,0.0,0.0,0.0,0.0,0.0,0.0,0.0,0.0,False,True,0.0,False,0.0,True,1,True
Samir Ujkani,2022-2023,1,0,7,0.1,0,0,0,0,0,0,0,0,0.0,0.0,0.0,0.0,0,0,0,34,Empoli,KVX,GK,Goalkeeper,1,1,False,0.0,0.0,0.0,0.0,0.0,0.0,0.0,0.0,0.0,True,False,,False,,False,,False
Samuel Di Carmine,2022-2023,2,0,28,0.3,0,0,0,0,0,0,0,0,0.1,0.1,0.0,0.1,1,1,2,33,Cremonese,ITA,"FW,MF",Forward,2,1,False,0.0,0.0,0.0,0.33333333333333337,0.0,0.33333333333333337,3.3333333333333335,3.3333333333333335,6.666666666666667,True,False,,False,,False,,False
Samuel Iling-Junior,2022-2023,12,1,318,3.5,1,1,2,1,0,0,1,0,0.7,0.7,0.2,1.0,11,18,36,18,Juventus,ENG,"DF,FW",Defender,2,1,False,0.2857142857142857,0.2857142857142857,0.5714285714285714,0.19999999999999998,0.05714285714285715,0.19999999999999998,3.142857142857143,5.142857142857143,10.285714285714286,True,False,,False,,False,,False
Samuel Ntanda,2022-2023,1,0,4,0.0,0,0,0,0,0,0,0,0,0.1,0.1,0.0,0.1,0,0,1,17,Sampdoria,COD,MF,Midfielder,1,1,False,,,,,,,,,,True,False,,False,,False,,False
Samuel Umtiti,2022-2023,25,24,2113,23.5,0,0,0,0,0,0,8,0,0.8,0.8,0.1,0.9,12,56,2,28,Lecce,FRA,DF,Defender,1,1,False,0.0,0.0,0.0,0.03404255319148936,0.00425531914893617,0.03404255319148936,0.5106382978723404,2.382978723404255,0.0851063829787234,False,False,,False,,False,,False
Samuele Birindelli,2022-2023,31,14,1400,15.6,0,1,1,0,0,0,8,0,1.1,1.1,2.2,3.3,55,43,121,23,Monza,ITA,DF,Defender,1,1,False,0.0,0.06410256410256411,0.06410256410256411,0.07051282051282053,0.14102564102564105,0.07051282051282053,3.5256410256410255,2.7564102564102564,7.756410256410256,False,False,,False,,False,,False
Samuele Perisan,2022-2023,7,7,630,7.0,0,0,0,0,0,0,0,0,0.0,0.0,0.0,0.0,0,0,0,24,Empoli,ITA,GK,Goalkeeper,1,1,False,0.0,0.0,0.0,0.0,0.0,0.0,0.0,0.0,0.0,False,False,,False,,False,,False
Samuele Ricci,2022-2023,28,23,2070,23.0,2,1,3,2,0,0,6,0,1.7,1.7,1.8,3.5,43,104,31,20,Torino,ITA,MF,Midfielder,1,1,False,0.08695652173913043,0.043478260869565216,0.13043478260869565,0.07391304347826087,0.0782608695652174,0.07391304347826087,1.8695652173913044,4.521739130434782,1.3478260869565217,False,False,,False,,False,,False
Samuele Vignato,2022-2023,5,0,62,0.7,0,1,1,0,0,0,0,0,0.1,0.1,0.3,0.4,4,1,6,18,Monza,ITA,"MF,FW",Midfielder,2,1,False,0.0,1.4285714285714286,1.4285714285714286,0.14285714285714288,0.4285714285714286,0.14285714285714288,5.714285714285714,1.4285714285714286,8.571428571428571,True,False,,False,,False,,False
Sandi Lovrić,2022-2023,37,28,2335,25.9,5,6,11,5,0,0,4,0,4.8,4.8,3.2,8.0,42,105,90,24,Udinese,SVN,MF,Midfielder,1,1,False,0.19305019305019305,0.23166023166023167,0.42471042471042475,0.18532818532818532,0.12355212355212357,0.18532818532818532,1.6216216216216217,4.054054054054054,3.474903474903475,False,False,,False,,False,,False
Sandro Tonali,2022-2023,34,30,2713,30.1,2,7,9,2,0,0,7,0,2.4,2.4,5.7,8.1,61,159,86,22,Milan,ITA,MF,Midfielder,1,1,False,0.06644518272425248,0.23255813953488372,0.2990033222591362,0.07973421926910298,0.1893687707641196,0.07973421926910298,2.0265780730897007,5.282392026578073,2.857142857142857,False,False,,False,,False,,False
Santiago Ascacíbar,2022-2023,13,7,727,8.1,0,0,0,0,0,0,1,0,0.4,0.4,0.4,0.8,1,41,6,25,Cremonese,ARG,MF,Midfielder,1,1,False,0.0,0.0,0.0,0.04938271604938272,0.04938271604938272,0.04938271604938272,0.1234567901234568,5.061728395061729,0.7407407407407408,False,False,,False,,False,,False
Saša Lukić,2022-2023,16,13,1195,13.3,2,0,2,1,1,1,4,0,1.7,0.9,1.4,2.3,26,44,33,25,Torino,SRB,MF,Midfielder,1,1,False,0.15037593984962405,0.0,0.15037593984962405,0.12781954887218044,0.10526315789473684,0.06766917293233082,1.9548872180451127,3.308270676691729,2.481203007518797,False,False,,False,,False,,False
Sebastian Walukiewicz,2022-2023,11,6,603,6.7,0,0,0,0,0,0,0,0,0.3,0.3,0.1,0.4,6,13,0,22,Empoli,POL,DF,Defender,1,1,False,0.0,0.0,0.0,0.04477611940298507,0.014925373134328358,0.04477611940298507,0.8955223880597015,1.9402985074626866,0.0,False,False,,False,,False,,False
Sebastiano Luperto,2022-2023,36,36,3135,34.8,2,0,2,2,0,0,4,2,1.2,1.2,0.6,1.9,13,72,3,25,Empoli,ITA,DF,Defender,1,1,False,0.0574712643678161,0.0,0.0574712643678161,0.034482758620689655,0.017241379310344827,0.034482758620689655,0.37356321839080464,2.0689655172413794,0.08620689655172414,False,False,,False,,False,,False
Sergej Milinković-Savić,2022-2023,36,34,3022,33.6,9,8,17,9,0,0,10,0,6.8,6.8,7.1,13.9,47,166,129,27,Lazio,SRB,MF,Midfielder,1,1,False,0.26785714285714285,0.23809523809523808,0.5059523809523809,0.20238095238095236,0.21130952380952378,0.20238095238095236,1.3988095238095237,4.940476190476191,3.839285714285714,False,False,,False,,False,,False
Sergiño Dest,2022-2023,8,2,329,3.7,0,0,0,0,0,0,0,0,0.3,0.3,0.3,0.6,11,14,12,21,Milan,USA,DF,Defender,1,1,False,0.0,0.0,0.0,0.08108108108108107,0.08108108108108107,0.08108108108108107,2.972972972972973,3.7837837837837838,3.243243243243243,True,False,,False,,False,,False
Simon Kjær,2022-2023,17,12,1007,11.2,0,0,0,0,0,0,4,0,0.0,0.0,0.0,0.0,3,45,1,33,Milan,DEN,DF,Defender,1,1,False,0.0,0.0,0.0,0.0,0.0,0.0,0.26785714285714285,4.017857142857143,0.08928571428571429,False,False,,False,,False,,False
Simone Bastoni,2022-2023,19,15,1189,13.2,2,4,6,2,0,0,7,0,1.1,1.1,1.7,2.8,20,32,65,25,Spezia,ITA,"MF,DF",Midfielder,2,1,False,0.15151515151515152,0.30303030303030304,0.4545454545454546,0.08333333333333334,0.12878787878787878,0.08333333333333334,1.5151515151515151,2.4242424242424243,4.924242424242425,False,False,,False,,False,,False
Simone Pafundi,2022-2023,8,0,85,0.9,0,0,0,0,0,0,0,0,0.1,0.1,0.1,0.2,3,6,9,16,Udinese,ITA,"MF,FW",Midfielder,2,1,False,0.0,0.0,0.0,0.11111111111111112,0.11111111111111112,0.11111111111111112,3.333333333333333,6.666666666666666,10.0,True,False,,False,,False,,False
Simone Perilli,2022-2023,1,1,90,1.0,0,0,0,0,0,0,0,0,0.0,0.0,0.0,0.0,0,0,0,27,Hellas Verona,ITA,GK,Goalkeeper,1,1,False,0.0,0.0,0.0,0.0,0.0,0.0,0.0,0.0,0.0,True,False,,False,,False,,False
Simone Romagnoli,2022-2023,7,1,167,1.9,0,0,0,0,0,0,0,0,0.0,0.0,0.0,0.0,0,5,0,32,Lecce,ITA,DF,Defender,1,1,False,0.0,0.0,0.0,0.0,0.0,0.0,0.0,2.6315789473684212,0.0,True,False,,False,,False,,False
Simone Verdi,2022-2023,24,12,1096,12.2,5,0,5,4,1,1,3,0,2.6,1.8,2.1,3.9,34,46,57,30,Hellas Verona,ITA,"MF,FW",Midfielder,2,1,False,0.4098360655737705,0.0,0.4098360655737705,0.21311475409836067,0.17213114754098363,0.1475409836065574,2.7868852459016393,3.7704918032786887,4.672131147540984,False,False,,False,,False,,False
Sofyan Amrabat,2022-2023,29,24,1998,22.2,0,1,1,0,0,0,11,0,0.5,0.5,1.1,1.6,36,176,24,25,Fiorentina,MAR,MF,Midfielder,1,1,False,0.0,0.04504504504504505,0.04504504504504505,0.022522522522522525,0.04954954954954956,0.022522522522522525,1.6216216216216217,7.927927927927928,1.0810810810810811,False,False,,False,,False,,False
Soualiho Meïté,2022-2023,31,28,2366,26.3,0,2,2,0,0,0,5,0,0.5,0.5,0.7,1.2,26,82,22,28,Cremonese,FRA,MF,Midfielder,1,1,False,0.0,0.07604562737642585,0.07604562737642585,0.019011406844106463,0.026615969581749048,0.019011406844106463,0.9885931558935361,3.11787072243346,0.8365019011406843,False,False,,False,,False,,False
Stanislav Lobotka,2022-2023,38,34,3101,34.5,1,1,2,1,0,0,2,0,0.6,0.6,1.0,1.6,51,172,39,27,Napoli,SVK,MF,Midfielder,1,1,False,0.028985507246376812,0.028985507246376812,0.057971014492753624,0.017391304347826087,0.028985507246376812,0.017391304347826087,1.4782608695652173,4.9855072463768115,1.1304347826086956,False,False,,False,,False,,False
Stefan Posch,2022-2023,30,30,2532,28.1,6,2,8,6,0,0,6,0,3.3,3.3,2.0,5.3,45,148,65,25,Bologna,AUT,DF,Defender,1,1,False,0.21352313167259784,0.07117437722419928,0.2846975088967971,0.11743772241992881,0.07117437722419928,0.11743772241992881,1.601423487544484,5.266903914590747,2.3131672597864767,False,False,,False,,False,,False
Stefan de Vrij,2022-2023,27,22,1945,21.6,1,0,1,1,0,0,4,0,2.2,2.2,0.2,2.4,13,55,0,30,Inter,NED,DF,Defender,1,1,False,0.046296296296296294,0.0,0.046296296296296294,0.10185185185185186,0.009259259259259259,0.10185185185185186,0.6018518518518519,2.5462962962962963,0.0,False,True,0.0,False,0.0,True,0,True
Stefano Sensi,2022-2023,28,21,1618,18.0,3,1,4,3,0,0,8,0,1.4,1.4,2.1,3.5,27,143,37,26,Monza,ITA,MF,Midfielder,1,1,False,0.16666666666666666,0.05555555555555555,0.2222222222222222,0.07777777777777778,0.11666666666666667,0.07777777777777778,1.5,7.944444444444445,2.0555555555555554,False,False,,False,,False,,False
Stephan El Shaarawy,2022-2023,29,14,1523,16.9,7,2,9,7,0,0,3,0,5.6,5.6,1.4,7.0,58,66,136,29,Roma,ITA,"DF,MF",Defender,2,1,False,0.4142011834319527,0.1183431952662722,0.5325443786982249,0.33136094674556216,0.08284023668639054,0.33136094674556216,3.4319526627218937,3.9053254437869827,8.04733727810651,False,False,,False,,False,,False
Szymon Żurkowski,2022-2023,12,3,459,5.1000000000000005,0,1,1,0,0,0,1,0,0.7,0.7,0.0,0.7,12,11,14,24,MULTI:Fiorentina|Spezia,POL,MF,Midfielder,1,2,True,0.0,0.196078431372549,0.196078431372549,0.1372549019607843,0.0,0.1372549019607843,2.352941176470588,2.156862745098039,2.745098039215686,False,False,,False,,False,,False
Tammy Abraham,2022-2023,38,24,2189,24.3,8,3,11,8,0,0,2,0,10.8,10.8,3.7,14.5,35,54,141,24,Roma,ENG,FW,Forward,1,1,False,0.3292181069958848,0.12345679012345678,0.45267489711934156,0.4444444444444445,0.1522633744855967,0.4444444444444445,1.4403292181069958,2.2222222222222223,5.802469135802469,False,False,,False,,False,,False
Tanguy Ndombele,2022-2023,30,8,807,9.0,1,0,1,1,0,0,5,0,1.0,1.0,0.5,1.4,27,52,33,25,Napoli,FRA,MF,Midfielder,1,1,False,0.1111111111111111,0.0,0.1111111111111111,0.1111111111111111,0.05555555555555555,0.1111111111111111,3.0,5.777777777777778,3.6666666666666665,False,False,,False,,False,,False
Telasco Segovia,2022-2023,1,0,4,0.0,0,0,0,0,0,0,0,0,0.0,0.0,0.0,0.0,0,0,0,19,Sampdoria,VEN,MF,Midfielder,1,1,False,,,,,,,,,,True,False,,False,,False,,False
Teun Koopmeiners,2022-2023,33,32,2858,31.8,10,4,14,8,2,4,7,0,7.6,4.3,6.4,10.7,60,186,106,24,Atalanta,NED,MF,Midfielder,1,1,False,0.31446540880503143,0.12578616352201258,0.44025157232704404,0.23899371069182387,0.20125786163522014,0.13522012578616352,1.8867924528301887,5.849056603773585,3.333333333333333,False,False,,False,,False,,False
Theo Hernández,2022-2023,32,32,2771,30.8,4,3,7,3,1,1,7,0,4.1,3.3,3.3,6.6,108,128,146,24,Milan,FRA,DF,Defender,1,1,False,0.12987012987012986,0.09740259740259741,0.22727272727272727,0.1331168831168831,0.10714285714285714,0.10714285714285714,3.5064935064935066,4.1558441558441555,4.74025974025974,False,False,,False,,False,,False
Thomas Henry,2022-2023,16,13,1030,11.4,2,0,2,2,0,0,4,0,1.7,1.7,1.1,2.8,3,18,58,27,Hellas Verona,FRA,FW,Forward,1,1,False,0.17543859649122806,0.0,0.17543859649122806,0.14912280701754385,0.09649122807017545,0.14912280701754385,0.2631578947368421,1.5789473684210527,5.087719298245614,False,False,,False,,False,,False
Tiemoué Bakayoko,2022-2023,3,0,41,0.5,0,0,0,0,0,0,0,0,0.0,0.0,0.0,0.0,0,2,1,27,Milan,FRA,MF,Midfielder,1,1,False,0.0,0.0,0.0,0.0,0.0,0.0,0.0,4.0,2.0,True,False,,False,,False,,False
Tio Cipot,2022-2023,8,0,139,1.5,0,0,0,0,0,0,0,0,0.0,0.0,0.1,0.2,5,5,17,19,Spezia,SVN,"FW,MF",Forward,2,1,False,0.0,0.0,0.0,0.0,0.06666666666666667,0.0,3.3333333333333335,3.3333333333333335,11.333333333333334,True,False,,False,,False,,False
Tolgay Arslan,2022-2023,36,12,1211,13.5,1,0,1,1,0,0,3,0,2.2,2.2,1.6,3.8,45,77,37,31,Udinese,GER,MF,Midfielder,1,1,False,0.07407407407407407,0.0,0.07407407407407407,0.16296296296296298,0.11851851851851852,0.16296296296296298,3.3333333333333335,5.703703703703703,2.740740740740741,False,False,,False,,False,,False
Toma Bašić,2022-2023,25,4,513,5.7,1,0,1,1,0,0,2,0,1.8,1.8,0.4,2.2,14,22,29,25,Lazio,CRO,MF,Midfielder,1,1,False,0.17543859649122806,0.0,0.17543859649122806,0.3157894736842105,0.07017543859649122,0.3157894736842105,2.456140350877193,3.8596491228070176,5.087719298245614,False,False,,False,,False,,False
Tommaso Augello,2022-2023,37,35,3061,34.0,2,5,7,2,0,0,3,0,1.0,1.0,3.9,4.8,84,119,153,27,Sampdoria,ITA,DF,Defender,1,1,False,0.058823529411764705,0.14705882352941177,0.20588235294117646,0.029411764705882353,0.11470588235294117,0.029411764705882353,2.4705882352941178,3.5,4.5,False,False,,False,,False,,False
Tommaso Baldanzi,2022-2023,26,24,1772,19.7,4,0,4,4,0,0,2,0,2.4,2.4,1.8,4.2,57,69,94,19,Empoli,ITA,MF,Midfielder,1,1,False,0.20304568527918782,0.0,0.20304568527918782,0.1218274111675127,0.09137055837563453,0.1218274111675127,2.8934010152284264,3.50253807106599,4.771573604060914,False,False,,False,,False,,False
Tommaso Barbieri,2022-2023,3,2,109,1.2,0,0,0,0,0,0,0,0,0.0,0.0,0.0,0.0,5,0,4,19,Juventus,ITA,DF,Defender,1,1,False,0.0,0.0,0.0,0.0,0.0,0.0,4.166666666666667,0.0,3.3333333333333335,True,False,,False,,False,,False
Tommaso Cassandro,2022-2023,1,0,13,0.1,0,0,0,0,0,0,0,0,0.0,0.0,0.0,0.0,0,0,0,22,Lecce,ITA,DF,Defender,1,1,False,0.0,0.0,0.0,0.0,0.0,0.0,0.0,0.0,0.0,True,False,,False,,False,,False
Tommaso De Nipoti,2022-2023,1,0,4,0.0,0,0,0,0,0,0,0,0,0.0,0.0,0.0,0.0,1,1,0,19,Atalanta,ITA,MF,Midfielder,1,1,False,,,,,,,,,,True,False,,False,,False,,False
Tommaso Milanese,2022-2023,2,0,27,0.3,0,0,0,0,0,0,0,0,0.0,0.0,0.2,0.2,2,2,1,20,Cremonese,ITA,MF,Midfielder,1,1,False,0.0,0.0,0.0,0.0,0.6666666666666667,0.0,6.666666666666667,6.666666666666667,3.3333333333333335,True,False,,False,,False,,False
Tommaso Pobega,2022-2023,19,9,883,9.8,2,0,2,2,0,0,4,0,1.4,1.4,0.3,1.7,8,36,22,23,Milan,ITA,MF,Midfielder,1,1,False,0.2040816326530612,0.0,0.2040816326530612,0.14285714285714285,0.03061224489795918,0.14285714285714285,0.8163265306122448,3.6734693877551017,2.2448979591836733,False,False,,False,,False,,False
Tomás Rincón,2022-2023,34,30,2555,28.4,0,2,2,0,0,0,7,1,0.6,0.6,1.2,1.8,27,122,35,34,Sampdoria,VEN,MF,Midfielder,1,1,False,0.0,0.07042253521126761,0.07042253521126761,0.02112676056338028,0.04225352112676056,0.02112676056338028,0.9507042253521127,4.295774647887324,1.2323943661971832,False,False,,False,,False,,False
Tonny Vilhena,2022-2023,33,27,2265,25.2,4,1,5,4,0,0,5,0,2.4,2.4,1.7,4.1,30,80,59,27,Salernitana,NED,MF,Midfielder,1,1,False,0.15873015873015872,0.03968253968253968,0.19841269841269843,0.09523809523809523,0.06746031746031746,0.09523809523809523,1.1904761904761905,3.174603174603175,2.3412698412698414,False,False,,False,,False,,False
Tyronne Ebuehi,2022-2023,26,22,1923,21.4,2,4,6,2,0,0,0,0,3.1,3.1,1.9,5.0,31,41,42,26,Empoli,NGA,DF,Defender,1,1,False,0.09345794392523366,0.1869158878504673,0.28037383177570097,0.14485981308411217,0.08878504672897196,0.14485981308411217,1.4485981308411215,1.9158878504672898,1.9626168224299068,False,False,,False,,False,,False
Valentin Antov,2022-2023,9,2,306,3.4,0,0,0,0,0,0,2,0,0.0,0.0,0.0,0.0,2,14,3,21,Monza,BUL,DF,Defender,1,1,False,0.0,0.0,0.0,0.0,0.0,0.0,0.5882352941176471,4.11764705882353,0.8823529411764706,True,False,,False,,False,,False
Valentin Carboni,2022-2023,5,0,25,0.3,0,0,0,0,0,0,0,0,0.0,0.0,0.0,0.0,2,1,3,17,Inter,ARG,"MF,DF",Midfielder,2,1,False,0.0,0.0,0.0,0.0,0.0,0.0,6.666666666666667,3.3333333333333335,10.0,True,True,4.0,False,4.0,True,1,True
Valentin Gendrey,2022-2023,37,35,3101,34.5,0,2,2,0,0,0,4,0,0.6,0.6,2.9,3.5,47,112,107,22,Lecce,FRA,DF,Defender,1,1,False,0.0,0.057971014492753624,0.057971014492753624,0.017391304347826087,0.08405797101449275,0.017391304347826087,1.3623188405797102,3.246376811594203,3.101449275362319,False,False,,False,,False,,False
Valentino Lazaro,2022-2023,23,15,1373,15.3,0,3,3,0,0,0,4,0,0.4,0.4,2.7,3.1,44,74,84,26,Torino,AUT,DF,Defender,1,1,False,0.0,0.19607843137254902,0.19607843137254902,0.026143790849673203,0.17647058823529413,0.026143790849673203,2.8758169934640523,4.836601307189542,5.490196078431373,False,False,,False,,False,,False
Valerio Verre,2022-2023,18,6,677,7.5,0,0,0,0,0,0,5,0,0.6,0.6,1.1,1.7,16,45,27,28,Sampdoria,ITA,MF,Midfielder,1,1,False,0.0,0.0,0.0,0.08,0.14666666666666667,0.08,2.1333333333333333,6.0,3.6,False,False,,False,,False,,False
Vanja Milinković-Savić,2022-2023,38,38,3420,38.0,0,0,0,0,0,0,4,0,0.0,0.0,0.5,0.5,0,0,0,25,Torino,SRB,GK,Goalkeeper,1,1,False,0.0,0.0,0.0,0.0,0.013157894736842105,0.0,0.0,0.0,0.0,False,False,,False,,False,,False
Victor Osimhen,2022-2023,32,30,2566,28.5,26,4,30,24,2,3,4,0,21.3,18.9,2.8,21.8,43,28,196,23,Napoli,NGA,FW,Forward,1,1,False,0.9122807017543859,0.14035087719298245,1.0526315789473684,0.7473684210526316,0.09824561403508772,0.6631578947368421,1.5087719298245614,0.9824561403508771,6.87719298245614,False,False,,False,,False,,False
Viktor Kovalenko,2022-2023,18,7,548,6.1,0,0,0,0,0,0,1,0,1.6,1.6,0.6,2.2,4,22,28,26,Spezia,UKR,MF,Midfielder,1,1,False,0.0,0.0,0.0,0.26229508196721313,0.09836065573770492,0.26229508196721313,0.6557377049180328,3.6065573770491803,4.59016393442623,False,False,,False,,False,,False
Vincenzo Fiorillo,2022-2023,1,1,90,1.0,0,0,0,0,0,0,0,0,0.0,0.0,0.0,0.0,0,0,0,32,Salernitana,ITA,GK,Goalkeeper,1,1,False,0.0,0.0,0.0,0.0,0.0,0.0,0.0,0.0,0.0,True,False,,False,,False,,False
Vivaldo Semedo,2022-2023,5,0,36,0.4,0,0,0,0,0,0,0,0,0.1,0.1,0.0,0.1,0,1,3,17,Udinese,POR,"FW,MF",Forward,2,1,False,0.0,0.0,0.0,0.25,0.0,0.25,0.0,2.5,7.5,True,False,,False,,False,,False
Vlad Chiricheș,2022-2023,16,14,983,10.9,0,0,0,0,0,0,2,0,0.0,0.0,0.0,0.0,2,18,1,32,Cremonese,ROU,DF,Defender,1,1,False,0.0,0.0,0.0,0.0,0.0,0.0,0.18348623853211007,1.6513761467889907,0.09174311926605504,False,False,,False,,False,,False
Walace,2022-2023,37,37,3190,35.4,0,1,1,0,0,0,6,0,1.1,1.1,1.7,2.8,47,170,36,27,Udinese,BRA,MF,Midfielder,1,1,False,0.0,0.02824858757062147,0.02824858757062147,0.03107344632768362,0.0480225988700565,0.03107344632768362,1.3276836158192091,4.80225988700565,1.0169491525423728,False,False,,False,,False,,False
Warren Bondo,2022-2023,4,0,60,0.7,0,0,0,0,0,0,1,0,0.1,0.1,0.0,0.1,3,5,2,18,Monza,FRA,MF,Midfielder,1,1,False,0.0,0.0,0.0,0.14285714285714288,0.0,0.14285714285714288,4.285714285714286,7.142857142857143,2.857142857142857,True,False,,False,,False,,False
Weston McKennie,2022-2023,15,13,1052,11.7,1,1,2,1,0,0,0,0,0.9,0.9,0.7,1.6,19,39,54,23,Juventus,USA,"MF,DF",Midfielder,2,1,False,0.08547008547008547,0.08547008547008547,0.17094017094017094,0.07692307692307693,0.05982905982905983,0.07692307692307693,1.623931623931624,3.3333333333333335,4.615384615384616,False,False,,False,,False,,False
Wilfried Singo,2022-2023,31,24,2046,22.7,2,1,3,2,0,0,8,0,2.7,2.7,1.9,4.6,54,67,93,21,Torino,CIV,DF,Defender,1,1,False,0.0881057268722467,0.04405286343612335,0.13215859030837004,0.11894273127753305,0.08370044052863436,0.11894273127753305,2.378854625550661,2.9515418502202646,4.096916299559472,False,False,,False,,False,,False
William Troost-Ekong,2022-2023,9,4,444,4.9,1,0,1,1,0,0,1,0,0.7,0.7,0.0,0.7,1,6,0,28,Salernitana,NGA,DF,Defender,1,1,False,0.2040816326530612,0.0,0.2040816326530612,0.14285714285714285,0.0,0.14285714285714285,0.2040816326530612,1.2244897959183672,0.0,True,False,,False,,False,,False
Wladimiro Falcone,2022-2023,38,38,3420,38.0,0,0,0,0,0,0,2,0,0.0,0.0,0.2,0.2,0,0,0,27,Lecce,ITA,GK,Goalkeeper,1,1,False,0.0,0.0,0.0,0.0,0.005263157894736842,0.0,0.0,0.0,0.0,False,False,,False,,False,,False
Wojciech Szczęsny,2022-2023,28,28,2472,27.5,0,0,0,0,0,0,0,0,0.0,0.0,0.0,0.0,0,0,0,32,Juventus,POL,GK,Goalkeeper,1,1,False,0.0,0.0,0.0,0.0,0.0,0.0,0.0,0.0,0.0,False,False,,False,,False,,False
Yacine Adli,2022-2023,6,1,144,1.6,0,0,0,0,0,0,1,0,0.1,0.1,0.3,0.3,7,10,8,22,Milan,FRA,"MF,FW",Midfielder,2,1,False,0.0,0.0,0.0,0.0625,0.18749999999999997,0.0625,4.375,6.25,5.0,True,False,,False,,False,,False
Yann Karamoh,2022-2023,21,7,716,8.0,4,0,4,4,0,0,2,0,3.3,3.3,0.7,4.0,27,12,74,24,Torino,FRA,"MF,FW",Midfielder,2,1,False,0.5,0.0,0.5,0.4125,0.0875,0.4125,3.375,1.5,9.25,False,False,,False,,False,,False
Yayah Kallon,2022-2023,22,8,860,9.6,1,1,2,1,0,0,1,0,1.7,1.7,1.5,3.2,33,22,64,21,Hellas Verona,SLE,"MF,FW",Midfielder,2,1,False,0.10416666666666667,0.10416666666666667,0.20833333333333334,0.17708333333333334,0.15625,0.17708333333333334,3.4375,2.291666666666667,6.666666666666667,False,False,,False,,False,,False
Youssef Maleh,2022-2023,24,11,971,10.8,0,1,1,0,0,0,5,0,0.8999999999999999,0.8999999999999999,0.8999999999999999,1.7999999999999998,12,30,36,23,MULTI:Fiorentina|Lecce,MAR,MF,Midfielder,1,2,True,0.0,0.09259259259259259,0.09259259259259259,0.08333333333333331,0.08333333333333331,0.08333333333333331,1.111111111111111,2.7777777777777777,3.333333333333333,False,False,,False,,False,,False
Yıldırım Mert Çetin,2022-2023,1,1,20,0.2,0,0,0,0,0,0,0,0,0.0,0.0,0.0,0.0,0,0,0,25,Lecce,TUR,DF,Defender,1,1,False,0.0,0.0,0.0,0.0,0.0,0.0,0.0,0.0,0.0,True,False,,False,,False,,False
Zeki Çelik,2022-2023,24,16,1504,16.7,0,1,1,0,0,0,7,1,0.3,0.3,1.6,1.9,34,67,76,25,Roma,TUR,DF,Defender,1,1,False,0.0,0.059880239520958084,0.059880239520958084,0.017964071856287425,0.09580838323353294,0.017964071856287425,2.035928143712575,4.0119760479041915,4.550898203592815,False,False,,False,,False,,False
Zlatan Ibrahimović,2022-2023,4,1,146,1.6,1,0,1,0,1,1,0,0,1.2,0.4,0.2,0.6,0,4,10,40,Milan,SWE,FW,Forward,1,1,False,0.625,0.0,0.625,0.7499999999999999,0.125,0.25,0.0,2.5,6.25,True,False,,False,,False,,False
Ángel Di María,2022-2023,26,15,1363,15.1,4,4,8,3,1,1,1,1,3.1,2.3,4.5,6.7,56,96,95,34,Juventus,ARG,"FW,MF",Forward,2,1,False,0.26490066225165565,0.26490066225165565,0.5298013245033113,0.20529801324503313,0.2980132450331126,0.152317880794702,3.708609271523179,6.357615894039736,6.291390728476821,False,False,,False,,False,,False
Éderson,2022-2023,35,25,2215,24.6,1,1,2,1,0,0,4,0,2.0,2.0,2.3,4.2,37,93,62,23,Atalanta,BRA,MF,Midfielder,1,1,False,0.04065040650406504,0.04065040650406504,0.08130081300813008,0.08130081300813008,0.09349593495934957,0.08130081300813008,1.5040650406504064,3.7804878048780486,2.5203252032520322,False,False,,False,,False,,False
Þórir Jóhann Helgason,2022-2023,12,2,222,2.5,0,0,0,0,0,0,0,0,0.1,0.1,0.4,0.4,2,2,5,21,Lecce,ISL,MF,Midfielder,1,1,False,0.0,0.0,0.0,0.04,0.16,0.04,0.8,0.8,2.0,True,False,,False,,False,,False
Łukasz Skorupski,2022-2023,37,37,3330,37.0,0,0,0,0,0,0,4,0,0.0,0.0,0.0,0.0,0,0,0,31,Bologna,POL,GK,Goalkeeper,1,1,False,0.0,0.0,0.0,0.0,0.0,0.0,0.0,0.0,0.0,False,False,,False,,False,,False
Ștefan Radu,2022-2023,1,0,1,0.0,0,0,0,0,0,0,1,0,0.0,0.0,0.0,0.0,0,1,0,35,Lazio,ROU,FW,Forward,1,1,False,,,,,,,,,,True,False,,False,,False,,False
