event_id,match_date,competition,player_id,player_name_provider,player_name_zh,team_id_or_name,participation_status,minutes_played_raw,minutes_played_numeric,started,started_source,started_source_tier,observed_position_group,observed_role,participation_source,evidence_timestamp,source_url
15551889,2026-03-08,Chinese Super League,827192,Guilherme Ramos,拉莫斯,Beijing Guoan,appeared_in_player_stats_table,90',90,true,https://www.cfl-china.cn/zh/content/news/mBiB.html,official_cfl_match_report,D,,sofascore_rendered_player_stats,2026-09-27T06:11:02.377755+00:00,https://www.sofascore.com/football/match/wuhan-three-towns-beijing-guoan/Brbscdtc#id:15551889
15551889,2026-03-08,Chinese Super League,843735,Sai Erjini'ao,塞尔吉尼奥,Beijing Guoan,appeared_in_player_stats_table,71',71,true,https://www.cfl-china.cn/zh/content/news/mBiB.html,official_cfl_match_report,M,,sofascore_rendered_player_stats,2026-09-27T06:11:02.377755+00:00,https://www.sofascore.com/football/match/wuhan-three-towns-beijing-guoan/Brbscdtc#id:15551889
15551889,2026-03-08,Chinese Super League,77758,Gang Wang,王刚,Beijing Guoan,appeared_in_player_stats_table,82',82,true,https://www.cfl-china.cn/zh/content/news/mBiB.html,official_cfl_match_report,D,,sofascore_rendered_player_stats,2026-09-27T06:11:02.377755+00:00,https://www.sofascore.com/football/match/wuhan-three-towns-beijing-guoan/Brbscdtc#id:15551889
15551889,2026-03-08,Chinese Super League,920987,Abdugheni Abduhamit,阿不都海米提,Beijing Guoan,appeared_in_player_stats_table,90',90,true,https://www.cfl-china.cn/zh/content/news/mBiB.html,official_cfl_match_report,D,,sofascore_rendered_player_stats,2026-09-27T06:11:02.377755+00:00,https://www.sofascore.com/football/match/wuhan-three-towns-beijing-guoan/Brbscdtc#id:15551889
15551889,2026-03-08,Chinese Super League,343673,Fabio Abreu,法比奥,Beijing Guoan,appeared_in_player_stats_table,90',90,true,https://www.cfl-china.cn/zh/content/news/mBiB.html,official_cfl_match_report,F,,sofascore_rendered_player_stats,2026-09-27T06:11:02.377755+00:00,https://www.sofascore.com/football/match/wuhan-three-towns-beijing-guoan/Brbscdtc#id:15551889
15551889,2026-03-08,Chinese Super League,793878,Hou Sen,侯森,Beijing Guoan,appeared_in_player_stats_table,90',90,true,https://www.cfl-china.cn/zh/content/news/mBiB.html,official_cfl_match_report,G,,sofascore_rendered_player_stats,2026-09-27T06:11:02.377755+00:00,https://www.sofascore.com/football/match/wuhan-three-towns-beijing-guoan/Brbscdtc#id:15551889
15551889,2026-03-08,Chinese Super League,979120,Aboubacar Konte,孔特,Beijing Guoan,appeared_in_player_stats_table,90',90,true,https://www.cfl-china.cn/zh/content/news/mBiB.html,official_cfl_match_report,M,,sofascore_rendered_player_stats,2026-09-27T06:11:02.377755+00:00,https://www.sofascore.com/football/match/wuhan-three-towns-beijing-guoan/Brbscdtc#id:15551889
15551889,2026-03-08,Chinese Super League,828227,Zhang Yuning,张玉宁,Beijing Guoan,appeared_in_player_stats_table,71',71,true,https://www.cfl-china.cn/zh/content/news/mBiB.html,official_cfl_match_report,F,,sofascore_rendered_player_stats,2026-09-27T06:11:02.377755+00:00,https://www.sofascore.com/football/match/wuhan-three-towns-beijing-guoan/Brbscdtc#id:15551889
15551889,2026-03-08,Chinese Super League,797459,Chi Zhongguo,池忠国,Beijing Guoan,appeared_in_player_stats_table,8',8,false,https://www.cfl-china.cn/zh/content/news/mBiB.html,official_cfl_match_report,M,,sofascore_rendered_player_stats,2026-09-27T06:11:02.377755+00:00,https://www.sofascore.com/football/match/wuhan-three-towns-beijing-guoan/Brbscdtc#id:15551889
15551889,2026-03-08,Chinese Super League,837300,Béni Nkololo,恩科洛洛,Beijing Guoan,appeared_in_player_stats_table,82',82,true,https://www.cfl-china.cn/zh/content/news/mBiB.html,official_cfl_match_report,M,,sofascore_rendered_player_stats,2026-09-27T06:11:02.377755+00:00,https://www.sofascore.com/football/match/wuhan-three-towns-beijing-guoan/Brbscdtc#id:15551889
15551889,2026-03-08,Chinese Super League,2443057,Deng Jiefu,邓捷夫,Beijing Guoan,appeared_in_player_stats_table,90',90,true,https://www.cfl-china.cn/zh/content/news/mBiB.html,official_cfl_match_report,D,,sofascore_rendered_player_stats,2026-09-27T06:11:02.377755+00:00,https://www.sofascore.com/football/match/wuhan-three-towns-beijing-guoan/Brbscdtc#id:15551889
15551889,2026-03-08,Chinese Super League,2181862,Jiaao Wei,魏家傲,Beijing Guoan,appeared_in_player_stats_table,8',8,false,https://www.cfl-china.cn/zh/content/news/mBiB.html,official_cfl_match_report,M,,sofascore_rendered_player_stats,2026-09-27T06:11:02.377755+00:00,https://www.sofascore.com/football/match/wuhan-three-towns-beijing-guoan/Brbscdtc#id:15551889
15551889,2026-03-08,Chinese Super League,231992,Zhang Xizhe,张稀哲,Beijing Guoan,appeared_in_player_stats_table,19',19,false,https://www.cfl-china.cn/zh/content/news/mBiB.html,official_cfl_match_report,M,,sofascore_rendered_player_stats,2026-09-27T06:11:02.377755+00:00,https://www.sofascore.com/football/match/wuhan-three-towns-beijing-guoan/Brbscdtc#id:15551889
15551889,2026-03-08,Chinese Super League,1121219,Feifan Jia,贾非凡,Beijing Guoan,appeared_in_player_stats_table,19',19,false,https://www.cfl-china.cn/zh/content/news/mBiB.html,official_cfl_match_report,M,,sofascore_rendered_player_stats,2026-09-27T06:11:02.377755+00:00,https://www.sofascore.com/football/match/wuhan-three-towns-beijing-guoan/Brbscdtc#id:15551889
15551889,2026-03-08,Chinese Super League,817886,Yongjing Cao,曹永竞,Beijing Guoan,appeared_in_player_stats_table,27',27,false,https://www.cfl-china.cn/zh/content/news/mBiB.html,official_cfl_match_report,M,,sofascore_rendered_player_stats,2026-09-27T06:11:02.377755+00:00,https://www.sofascore.com/football/match/wuhan-three-towns-beijing-guoan/Brbscdtc#id:15551889
15551889,2026-03-08,Chinese Super League,900549,Lin Liangming,林良铭,Beijing Guoan,appeared_in_player_stats_table,63',63,true,https://www.cfl-china.cn/zh/content/news/mBiB.html,official_cfl_match_report,M,,sofascore_rendered_player_stats,2026-09-27T06:11:02.377755+00:00,https://www.sofascore.com/football/match/wuhan-three-towns-beijing-guoan/Brbscdtc#id:15551889
15551891,2026-03-14,Chinese Super League,837300,Béni Nkololo,恩科洛洛,Beijing Guoan,appeared_in_player_stats_table,90',90,true,https://www.transfermarkt.com/spielbericht/index/spielbericht/4826113,third_party_database_lineup_user_reviewed:Transfermarkt,M,,sofascore_rendered_player_stats,2026-09-27T05:39:54.526954+00:00,https://www.sofascore.com/football/match/beijing-guoan-shandong-taishan/wrbsBrb#id:15551891
15551891,2026-03-14,Chinese Super League,843735,Sai Erjini'ao,塞尔吉尼奥,Beijing Guoan,appeared_in_player_stats_table,71',71,true,https://www.transfermarkt.com/spielbericht/index/spielbericht/4826113,third_party_database_lineup_user_reviewed:Transfermarkt,M,,sofascore_rendered_player_stats,2026-09-27T05:39:54.526954+00:00,https://www.sofascore.com/football/match/beijing-guoan-shandong-taishan/wrbsBrb#id:15551891
15551891,2026-03-14,Chinese Super League,979120,Aboubacar Konte,孔特,Beijing Guoan,appeared_in_player_stats_table,90',90,true,https://www.transfermarkt.com/spielbericht/index/spielbericht/4826113,third_party_database_lineup_user_reviewed:Transfermarkt,M,,sofascore_rendered_player_stats,2026-09-27T05:39:54.526954+00:00,https://www.sofascore.com/football/match/beijing-guoan-shandong-taishan/wrbsBrb#id:15551891
15551891,2026-03-14,Chinese Super League,991528,Zhang Jianzhi,张健智,Beijing Guoan,appeared_in_player_stats_table,90',90,true,https://www.transfermarkt.com/spielbericht/index/spielbericht/4826113,third_party_database_lineup_user_reviewed:Transfermarkt,G,,sofascore_rendered_player_stats,2026-09-27T05:39:54.526954+00:00,https://www.sofascore.com/football/match/beijing-guoan-shandong-taishan/wrbsBrb#id:15551891
15551891,2026-03-14,Chinese Super League,828227,Zhang Yuning,张玉宁,Beijing Guoan,appeared_in_player_stats_table,90',90,true,https://www.transfermarkt.com/spielbericht/index/spielbericht/4826113,third_party_database_lineup_user_reviewed:Transfermarkt,F,,sofascore_rendered_player_stats,2026-09-27T05:39:54.526954+00:00,https://www.sofascore.com/football/match/beijing-guoan-shandong-taishan/wrbsBrb#id:15551891
15551891,2026-03-14,Chinese Super League,827192,Guilherme Ramos,拉莫斯,Beijing Guoan,appeared_in_player_stats_table,90',90,true,https://www.transfermarkt.com/spielbericht/index/spielbericht/4826113,third_party_database_lineup_user_reviewed:Transfermarkt,D,,sofascore_rendered_player_stats,2026-09-27T05:39:54.526954+00:00,https://www.sofascore.com/football/match/beijing-guoan-shandong-taishan/wrbsBrb#id:15551891
15551891,2026-03-14,Chinese Super League,77758,Gang Wang,王刚,Beijing Guoan,appeared_in_player_stats_table,89',89,true,https://www.transfermarkt.com/spielbericht/index/spielbericht/4826113,third_party_database_lineup_user_reviewed:Transfermarkt,D,,sofascore_rendered_player_stats,2026-09-27T05:39:54.526954+00:00,https://www.sofascore.com/football/match/beijing-guoan-shandong-taishan/wrbsBrb#id:15551891
15551891,2026-03-14,Chinese Super League,2443057,Deng Jiefu,邓捷夫,Beijing Guoan,appeared_in_player_stats_table,90',90,true,https://www.transfermarkt.com/spielbericht/index/spielbericht/4826113,third_party_database_lineup_user_reviewed:Transfermarkt,D,,sofascore_rendered_player_stats,2026-09-27T05:39:54.526954+00:00,https://www.sofascore.com/football/match/beijing-guoan-shandong-taishan/wrbsBrb#id:15551891
15551891,2026-03-14,Chinese Super League,900549,Lin Liangming,林良铭,Beijing Guoan,appeared_in_player_stats_table,19',19,false,https://www.transfermarkt.com/spielbericht/index/spielbericht/4826113,third_party_database_lineup_user_reviewed:Transfermarkt,F,,sofascore_rendered_player_stats,2026-09-27T05:39:54.526954+00:00,https://www.sofascore.com/football/match/beijing-guoan-shandong-taishan/wrbsBrb#id:15551891
15551891,2026-03-14,Chinese Super League,231992,Zhang Xizhe,张稀哲,Beijing Guoan,appeared_in_player_stats_table,19',19,false,https://www.transfermarkt.com/spielbericht/index/spielbericht/4826113,third_party_database_lineup_user_reviewed:Transfermarkt,M,,sofascore_rendered_player_stats,2026-09-27T05:39:54.526954+00:00,https://www.sofascore.com/football/match/beijing-guoan-shandong-taishan/wrbsBrb#id:15551891
15551891,2026-03-14,Chinese Super League,343673,Fabio Abreu,法比奥,Beijing Guoan,appeared_in_player_stats_table,90',90,true,https://www.transfermarkt.com/spielbericht/index/spielbericht/4826113,third_party_database_lineup_user_reviewed:Transfermarkt,F,,sofascore_rendered_player_stats,2026-09-27T05:39:54.526954+00:00,https://www.sofascore.com/football/match/beijing-guoan-shandong-taishan/wrbsBrb#id:15551891
15551891,2026-03-14,Chinese Super League,920987,Abdugheni Abduhamit,阿不都海米提,Beijing Guoan,appeared_in_player_stats_table,90',90,true,https://www.transfermarkt.com/spielbericht/index/spielbericht/4826113,third_party_database_lineup_user_reviewed:Transfermarkt,D,,sofascore_rendered_player_stats,2026-09-27T05:39:54.526954+00:00,https://www.sofascore.com/football/match/beijing-guoan-shandong-taishan/wrbsBrb#id:15551891
15551891,2026-03-14,Chinese Super League,817886,Yongjing Cao,曹永竞,Beijing Guoan,appeared_in_player_stats_table,71',71,true,https://www.transfermarkt.com/spielbericht/index/spielbericht/4826113,third_party_database_lineup_user_reviewed:Transfermarkt,M,,sofascore_rendered_player_stats,2026-09-27T05:39:54.526954+00:00,https://www.sofascore.com/football/match/beijing-guoan-shandong-taishan/wrbsBrb#id:15551891
15551891,2026-03-14,Chinese Super League,1121219,Feifan Jia,贾非凡,Beijing Guoan,appeared_in_player_stats_table,1',1,false,https://www.transfermarkt.com/spielbericht/index/spielbericht/4826113,third_party_database_lineup_user_reviewed:Transfermarkt,M,,sofascore_rendered_player_stats,2026-09-27T05:39:54.526954+00:00,https://www.sofascore.com/football/match/beijing-guoan-shandong-taishan/wrbsBrb#id:15551891
15551900,2026-03-21,Chinese Super League,828227,Zhang Yuning,张玉宁,Beijing Guoan,appeared_in_player_stats_table,90',90,true,https://finance.sina.com.cn/jjxw/2026-03-21/doc-inhruetq2920218.shtml,secondary_public_report:Beijing Youth Daily syndicated report,F,,sofascore_rendered_player_stats,2026-09-27T05:34:17.270560+00:00,https://www.sofascore.com/football/match/beijing-guoan-shanghai-shenhua/yrbsBrb#id:15551900
15551900,2026-03-21,Chinese Super League,979120,Aboubacar Konte,孔特,Beijing Guoan,appeared_in_player_stats_table,90',90,true,https://finance.sina.com.cn/jjxw/2026-03-21/doc-inhruetq2920218.shtml,secondary_public_report:Beijing Youth Daily syndicated report,M,,sofascore_rendered_player_stats,2026-09-27T05:34:17.270560+00:00,https://www.sofascore.com/football/match/beijing-guoan-shanghai-shenhua/yrbsBrb#id:15551900
15551900,2026-03-21,Chinese Super League,827192,Guilherme Ramos,拉莫斯,Beijing Guoan,appeared_in_player_stats_table,90',90,true,https://finance.sina.com.cn/jjxw/2026-03-21/doc-inhruetq2920218.shtml,secondary_public_report:Beijing Youth Daily syndicated report,D,,sofascore_rendered_player_stats,2026-09-27T05:34:17.270560+00:00,https://www.sofascore.com/football/match/beijing-guoan-shanghai-shenhua/yrbsBrb#id:15551900
15551900,2026-03-21,Chinese Super League,231992,Zhang Xizhe,张稀哲,Beijing Guoan,appeared_in_player_stats_table,78',78,true,https://finance.sina.com.cn/jjxw/2026-03-21/doc-inhruetq2920218.shtml,secondary_public_report:Beijing Youth Daily syndicated report,M,,sofascore_rendered_player_stats,2026-09-27T05:34:17.270560+00:00,https://www.sofascore.com/football/match/beijing-guoan-shanghai-shenhua/yrbsBrb#id:15551900
15551900,2026-03-21,Chinese Super League,2443057,Deng Jiefu,邓捷夫,Beijing Guoan,appeared_in_player_stats_table,62',62,true,https://finance.sina.com.cn/jjxw/2026-03-21/doc-inhruetq2920218.shtml,secondary_public_report:Beijing Youth Daily syndicated report,D,,sofascore_rendered_player_stats,2026-09-27T05:34:17.270560+00:00,https://www.sofascore.com/football/match/beijing-guoan-shanghai-shenhua/yrbsBrb#id:15551900
15551900,2026-03-21,Chinese Super League,817886,Yongjing Cao,曹永竞,Beijing Guoan,appeared_in_player_stats_table,12',12,false,https://finance.sina.com.cn/jjxw/2026-03-21/doc-inhruetq2920218.shtml,secondary_public_report:Beijing Youth Daily syndicated report,M,,sofascore_rendered_player_stats,2026-09-27T05:34:17.270560+00:00,https://www.sofascore.com/football/match/beijing-guoan-shanghai-shenhua/yrbsBrb#id:15551900
15551900,2026-03-21,Chinese Super League,797459,Chi Zhongguo,池忠国,Beijing Guoan,appeared_in_player_stats_table,12',12,false,https://finance.sina.com.cn/jjxw/2026-03-21/doc-inhruetq2920218.shtml,secondary_public_report:Beijing Youth Daily syndicated report,M,,sofascore_rendered_player_stats,2026-09-27T05:34:17.270560+00:00,https://www.sofascore.com/football/match/beijing-guoan-shanghai-shenhua/yrbsBrb#id:15551900
15551900,2026-03-21,Chinese Super League,1121219,Feifan Jia,贾非凡,Beijing Guoan,appeared_in_player_stats_table,90',90,true,https://finance.sina.com.cn/jjxw/2026-03-21/doc-inhruetq2920218.shtml,secondary_public_report:Beijing Youth Daily syndicated report,D,,sofascore_rendered_player_stats,2026-09-27T05:34:17.270560+00:00,https://www.sofascore.com/football/match/beijing-guoan-shanghai-shenhua/yrbsBrb#id:15551900
15551900,2026-03-21,Chinese Super League,900549,Lin Liangming,林良铭,Beijing Guoan,appeared_in_player_stats_table,78',78,true,https://finance.sina.com.cn/jjxw/2026-03-21/doc-inhruetq2920218.shtml,secondary_public_report:Beijing Youth Daily syndicated report,M,,sofascore_rendered_player_stats,2026-09-27T05:34:17.270560+00:00,https://www.sofascore.com/football/match/beijing-guoan-shanghai-shenhua/yrbsBrb#id:15551900
15551900,2026-03-21,Chinese Super League,920987,Abdugheni Abduhamit,阿不都海米提,Beijing Guoan,appeared_in_player_stats_table,90',90,true,https://finance.sina.com.cn/jjxw/2026-03-21/doc-inhruetq2920218.shtml,secondary_public_report:Beijing Youth Daily syndicated report,D,,sofascore_rendered_player_stats,2026-09-27T05:34:17.270560+00:00,https://www.sofascore.com/football/match/beijing-guoan-shanghai-shenhua/yrbsBrb#id:15551900
15551900,2026-03-21,Chinese Super League,837300,Béni Nkololo,恩科洛洛,Beijing Guoan,appeared_in_player_stats_table,90',90,true,https://finance.sina.com.cn/jjxw/2026-03-21/doc-inhruetq2920218.shtml,secondary_public_report:Beijing Youth Daily syndicated report,M,,sofascore_rendered_player_stats,2026-09-27T05:34:17.270560+00:00,https://www.sofascore.com/football/match/beijing-guoan-shanghai-shenhua/yrbsBrb#id:15551900
15551900,2026-03-21,Chinese Super League,343673,Fabio Abreu,法比奥,Beijing Guoan,appeared_in_player_stats_table,90',90,true,https://finance.sina.com.cn/jjxw/2026-03-21/doc-inhruetq2920218.shtml,secondary_public_report:Beijing Youth Daily syndicated report,F,,sofascore_rendered_player_stats,2026-09-27T05:34:17.270560+00:00,https://www.sofascore.com/football/match/beijing-guoan-shanghai-shenhua/yrbsBrb#id:15551900
15551900,2026-03-21,Chinese Super League,991528,Zhang Jianzhi,张健智,Beijing Guoan,appeared_in_player_stats_table,90',90,true,https://finance.sina.com.cn/jjxw/2026-03-21/doc-inhruetq2920218.shtml,secondary_public_report:Beijing Youth Daily syndicated report,G,,sofascore_rendered_player_stats,2026-09-27T05:34:17.270560+00:00,https://www.sofascore.com/football/match/beijing-guoan-shanghai-shenhua/yrbsBrb#id:15551900
15551900,2026-03-21,Chinese Super League,863642,Feng Boxuan,冯博轩,Beijing Guoan,appeared_in_player_stats_table,28',28,false,https://finance.sina.com.cn/jjxw/2026-03-21/doc-inhruetq2920218.shtml,secondary_public_report:Beijing Youth Daily syndicated report,D,,sofascore_rendered_player_stats,2026-09-27T05:34:17.270560+00:00,https://www.sofascore.com/football/match/beijing-guoan-shanghai-shenhua/yrbsBrb#id:15551900
15552476,2026-04-04,Chinese Super League,979120,Aboubacar Konte,孔特,Beijing Guoan,appeared_in_player_stats_table,90',90,true,https://m2.zhibo8.com/news/web/zuqiu/2026-04-04/69d0948caa95cnative.htm,secondary_public_report:Zhibo8 matchday lineup report,M,,sofascore_rendered_player_stats,2026-09-27T05:34:08.318303+00:00,https://www.sofascore.com/football/match/liaoning-tieren-fc-beijing-guoan/BrbsPzNb#id:15552476
15552476,2026-04-04,Chinese Super League,343673,Fabio Abreu,法比奥,Beijing Guoan,appeared_in_player_stats_table,90',90,true,https://m2.zhibo8.com/news/web/zuqiu/2026-04-04/69d0948caa95cnative.htm,secondary_public_report:Zhibo8 matchday lineup report,F,,sofascore_rendered_player_stats,2026-09-27T05:34:08.318303+00:00,https://www.sofascore.com/football/match/liaoning-tieren-fc-beijing-guoan/BrbsPzNb#id:15552476
15552476,2026-04-04,Chinese Super League,843735,Sai Erjini'ao,塞尔吉尼奥,Beijing Guoan,appeared_in_player_stats_table,45',45,false,https://m2.zhibo8.com/news/web/zuqiu/2026-04-04/69d0948caa95cnative.htm,secondary_public_report:Zhibo8 matchday lineup report,M,,sofascore_rendered_player_stats,2026-09-27T05:34:08.318303+00:00,https://www.sofascore.com/football/match/liaoning-tieren-fc-beijing-guoan/BrbsPzNb#id:15552476
15552476,2026-04-04,Chinese Super League,1113798,Yang Bai,柏杨,Beijing Guoan,appeared_in_player_stats_table,78',78,false,https://m2.zhibo8.com/news/web/zuqiu/2026-04-04/69d0948caa95cnative.htm,secondary_public_report:Zhibo8 matchday lineup report,D,,sofascore_rendered_player_stats,2026-09-27T05:34:08.318303+00:00,https://www.sofascore.com/football/match/liaoning-tieren-fc-beijing-guoan/BrbsPzNb#id:15552476
15552476,2026-04-04,Chinese Super League,900549,Lin Liangming,林良铭,Beijing Guoan,appeared_in_player_stats_table,90',90,true,https://m2.zhibo8.com/news/web/zuqiu/2026-04-04/69d0948caa95cnative.htm,secondary_public_report:Zhibo8 matchday lineup report,M,,sofascore_rendered_player_stats,2026-09-27T05:34:08.318303+00:00,https://www.sofascore.com/football/match/liaoning-tieren-fc-beijing-guoan/BrbsPzNb#id:15552476
15552476,2026-04-04,Chinese Super League,920987,Abdugheni Abduhamit,阿不都海米提,Beijing Guoan,appeared_in_player_stats_table,90',90,true,https://m2.zhibo8.com/news/web/zuqiu/2026-04-04/69d0948caa95cnative.htm,secondary_public_report:Zhibo8 matchday lineup report,D,,sofascore_rendered_player_stats,2026-09-27T05:34:08.318303+00:00,https://www.sofascore.com/football/match/liaoning-tieren-fc-beijing-guoan/BrbsPzNb#id:15552476
15552476,2026-04-04,Chinese Super League,827192,Guilherme Ramos,拉莫斯,Beijing Guoan,appeared_in_player_stats_table,12',12,true,https://m2.zhibo8.com/news/web/zuqiu/2026-04-04/69d0948caa95cnative.htm,secondary_public_report:Zhibo8 matchday lineup report,D,,sofascore_rendered_player_stats,2026-09-27T05:34:08.318303+00:00,https://www.sofascore.com/football/match/liaoning-tieren-fc-beijing-guoan/BrbsPzNb#id:15552476
15552476,2026-04-04,Chinese Super League,817886,Yongjing Cao,曹永竞,Beijing Guoan,appeared_in_player_stats_table,45',45,false,https://m2.zhibo8.com/news/web/zuqiu/2026-04-04/69d0948caa95cnative.htm,secondary_public_report:Zhibo8 matchday lineup report,M,,sofascore_rendered_player_stats,2026-09-27T05:34:08.318303+00:00,https://www.sofascore.com/football/match/liaoning-tieren-fc-beijing-guoan/BrbsPzNb#id:15552476
15552476,2026-04-04,Chinese Super League,991528,Zhang Jianzhi,张健智,Beijing Guoan,appeared_in_player_stats_table,90',90,true,https://m2.zhibo8.com/news/web/zuqiu/2026-04-04/69d0948caa95cnative.htm,secondary_public_report:Zhibo8 matchday lineup report,G,,sofascore_rendered_player_stats,2026-09-27T05:34:08.318303+00:00,https://www.sofascore.com/football/match/liaoning-tieren-fc-beijing-guoan/BrbsPzNb#id:15552476
15552476,2026-04-04,Chinese Super League,828227,Zhang Yuning,张玉宁,Beijing Guoan,appeared_in_player_stats_table,45',45,true,https://m2.zhibo8.com/news/web/zuqiu/2026-04-04/69d0948caa95cnative.htm,secondary_public_report:Zhibo8 matchday lineup report,F,,sofascore_rendered_player_stats,2026-09-27T05:34:08.318303+00:00,https://www.sofascore.com/football/match/liaoning-tieren-fc-beijing-guoan/BrbsPzNb#id:15552476
15552476,2026-04-04,Chinese Super League,1115187,Jiang Wenhao,江文豪,Beijing Guoan,appeared_in_player_stats_table,45',45,false,https://m2.zhibo8.com/news/web/zuqiu/2026-04-04/69d0948caa95cnative.htm,secondary_public_report:Zhibo8 matchday lineup report,D,,sofascore_rendered_player_stats,2026-09-27T05:34:08.318303+00:00,https://www.sofascore.com/football/match/liaoning-tieren-fc-beijing-guoan/BrbsPzNb#id:15552476
15552476,2026-04-04,Chinese Super League,837300,Béni Nkololo,恩科洛洛,Beijing Guoan,appeared_in_player_stats_table,90',90,true,https://m2.zhibo8.com/news/web/zuqiu/2026-04-04/69d0948caa95cnative.htm,secondary_public_report:Zhibo8 matchday lineup report,M,,sofascore_rendered_player_stats,2026-09-27T05:34:08.318303+00:00,https://www.sofascore.com/football/match/liaoning-tieren-fc-beijing-guoan/BrbsPzNb#id:15552476
15552476,2026-04-04,Chinese Super League,231992,Zhang Xizhe,张稀哲,Beijing Guoan,appeared_in_player_stats_table,90',90,true,https://m2.zhibo8.com/news/web/zuqiu/2026-04-04/69d0948caa95cnative.htm,secondary_public_report:Zhibo8 matchday lineup report,M,,sofascore_rendered_player_stats,2026-09-27T05:34:08.318303+00:00,https://www.sofascore.com/football/match/liaoning-tieren-fc-beijing-guoan/BrbsPzNb#id:15552476
15552476,2026-04-04,Chinese Super League,1121219,Feifan Jia,贾非凡,Beijing Guoan,appeared_in_player_stats_table,45',45,true,https://m2.zhibo8.com/news/web/zuqiu/2026-04-04/69d0948caa95cnative.htm,secondary_public_report:Zhibo8 matchday lineup report,D,,sofascore_rendered_player_stats,2026-09-27T05:34:08.318303+00:00,https://www.sofascore.com/football/match/liaoning-tieren-fc-beijing-guoan/BrbsPzNb#id:15552476
15552476,2026-04-04,Chinese Super League,2443057,Deng Jiefu,邓捷夫,Beijing Guoan,appeared_in_player_stats_table,45',45,true,https://m2.zhibo8.com/news/web/zuqiu/2026-04-04/69d0948caa95cnative.htm,secondary_public_report:Zhibo8 matchday lineup report,D,,sofascore_rendered_player_stats,2026-09-27T05:34:08.318303+00:00,https://www.sofascore.com/football/match/liaoning-tieren-fc-beijing-guoan/BrbsPzNb#id:15552476
15552489,2026-04-12,Chinese Super League,828227,Zhang Yuning,张玉宁,Beijing Guoan,appeared_in_player_stats_table,45',45,false,https://www.cfl-china.cn/zh/content/news/bSDa.html,official_cfl_match_report,F,,sofascore_rendered_player_stats,2026-09-27T05:34:00.098393+00:00,https://www.sofascore.com/football/match/chengdu-rongcheng-beijing-guoan/BrbsQzNb#id:15552489
15552489,2026-04-12,Chinese Super League,817886,Yongjing Cao,曹永竞,Beijing Guoan,appeared_in_player_stats_table,38',38,false,https://www.cfl-china.cn/zh/content/news/bSDa.html,official_cfl_match_report,M,,sofascore_rendered_player_stats,2026-09-27T05:34:00.098393+00:00,https://www.sofascore.com/football/match/chengdu-rongcheng-beijing-guoan/BrbsQzNb#id:15552489
15552489,2026-04-12,Chinese Super League,837300,Béni Nkololo,恩科洛洛,Beijing Guoan,appeared_in_player_stats_table,90',90,true,https://www.cfl-china.cn/zh/content/news/bSDa.html,official_cfl_match_report,M,,sofascore_rendered_player_stats,2026-09-27T05:34:00.098393+00:00,https://www.sofascore.com/football/match/chengdu-rongcheng-beijing-guoan/BrbsQzNb#id:15552489
15552489,2026-04-12,Chinese Super League,77758,Gang Wang,王刚,Beijing Guoan,appeared_in_player_stats_table,52',52,true,https://www.cfl-china.cn/zh/content/news/bSDa.html,official_cfl_match_report,D,,sofascore_rendered_player_stats,2026-09-27T05:34:00.098393+00:00,https://www.sofascore.com/football/match/chengdu-rongcheng-beijing-guoan/BrbsQzNb#id:15552489
15552489,2026-04-12,Chinese Super League,1113798,Yang Bai,柏杨,Beijing Guoan,appeared_in_player_stats_table,90',90,true,https://www.cfl-china.cn/zh/content/news/bSDa.html,official_cfl_match_report,D,,sofascore_rendered_player_stats,2026-09-27T05:34:00.098393+00:00,https://www.sofascore.com/football/match/chengdu-rongcheng-beijing-guoan/BrbsQzNb#id:15552489
15552489,2026-04-12,Chinese Super League,979120,Aboubacar Konte,孔特,Beijing Guoan,appeared_in_player_stats_table,90',90,true,https://www.cfl-china.cn/zh/content/news/bSDa.html,official_cfl_match_report,M,,sofascore_rendered_player_stats,2026-09-27T05:34:00.098393+00:00,https://www.sofascore.com/football/match/chengdu-rongcheng-beijing-guoan/BrbsQzNb#id:15552489
15552489,2026-04-12,Chinese Super League,2443057,Deng Jiefu,邓捷夫,Beijing Guoan,appeared_in_player_stats_table,52',52,true,https://www.cfl-china.cn/zh/content/news/bSDa.html,official_cfl_match_report,D,,sofascore_rendered_player_stats,2026-09-27T05:34:00.098393+00:00,https://www.sofascore.com/football/match/chengdu-rongcheng-beijing-guoan/BrbsQzNb#id:15552489
15552489,2026-04-12,Chinese Super League,843735,Sai Erjini'ao,塞尔吉尼奥,Beijing Guoan,appeared_in_player_stats_table,90',90,true,https://www.cfl-china.cn/zh/content/news/bSDa.html,official_cfl_match_report,M,,sofascore_rendered_player_stats,2026-09-27T05:34:00.098393+00:00,https://www.sofascore.com/football/match/chengdu-rongcheng-beijing-guoan/BrbsQzNb#id:15552489
15552489,2026-04-12,Chinese Super League,920987,Abdugheni Abduhamit,阿不都海米提,Beijing Guoan,appeared_in_player_stats_table,90',90,true,https://www.cfl-china.cn/zh/content/news/bSDa.html,official_cfl_match_report,D,,sofascore_rendered_player_stats,2026-09-27T05:34:00.098393+00:00,https://www.sofascore.com/football/match/chengdu-rongcheng-beijing-guoan/BrbsQzNb#id:15552489
15552489,2026-04-12,Chinese Super League,900549,Lin Liangming,林良铭,Beijing Guoan,appeared_in_player_stats_table,73',73,true,https://www.cfl-china.cn/zh/content/news/bSDa.html,official_cfl_match_report,M,,sofascore_rendered_player_stats,2026-09-27T05:34:00.098393+00:00,https://www.sofascore.com/football/match/chengdu-rongcheng-beijing-guoan/BrbsQzNb#id:15552489
15552489,2026-04-12,Chinese Super League,797459,Chi Zhongguo,池忠国,Beijing Guoan,appeared_in_player_stats_table,28',28,false,https://www.cfl-china.cn/zh/content/news/bSDa.html,official_cfl_match_report,M,,sofascore_rendered_player_stats,2026-09-27T05:34:00.098393+00:00,https://www.sofascore.com/football/match/chengdu-rongcheng-beijing-guoan/BrbsQzNb#id:15552489
15552489,2026-04-12,Chinese Super League,343673,Fabio Abreu,法比奥,Beijing Guoan,appeared_in_player_stats_table,45',45,true,https://www.cfl-china.cn/zh/content/news/bSDa.html,official_cfl_match_report,F,,sofascore_rendered_player_stats,2026-09-27T05:34:00.098393+00:00,https://www.sofascore.com/football/match/chengdu-rongcheng-beijing-guoan/BrbsQzNb#id:15552489
15552489,2026-04-12,Chinese Super League,1121219,Feifan Jia,贾非凡,Beijing Guoan,appeared_in_player_stats_table,17',17,false,https://www.cfl-china.cn/zh/content/news/bSDa.html,official_cfl_match_report,M,,sofascore_rendered_player_stats,2026-09-27T05:34:00.098393+00:00,https://www.sofascore.com/football/match/chengdu-rongcheng-beijing-guoan/BrbsQzNb#id:15552489
15552489,2026-04-12,Chinese Super League,793878,Hou Sen,侯森,Beijing Guoan,appeared_in_player_stats_table,90',90,true,https://www.cfl-china.cn/zh/content/news/bSDa.html,official_cfl_match_report,G,,sofascore_rendered_player_stats,2026-09-27T05:34:00.098393+00:00,https://www.sofascore.com/football/match/chengdu-rongcheng-beijing-guoan/BrbsQzNb#id:15552489
15552489,2026-04-12,Chinese Super League,231992,Zhang Xizhe,张稀哲,Beijing Guoan,appeared_in_player_stats_table,62',62,true,https://www.cfl-china.cn/zh/content/news/bSDa.html,official_cfl_match_report,F,,sofascore_rendered_player_stats,2026-09-27T05:34:00.098393+00:00,https://www.sofascore.com/football/match/chengdu-rongcheng-beijing-guoan/BrbsQzNb#id:15552489
15552489,2026-04-12,Chinese Super League,791491,Li Lei,李磊,Beijing Guoan,appeared_in_player_stats_table,38',38,false,https://www.cfl-china.cn/zh/content/news/bSDa.html,official_cfl_match_report,D,,sofascore_rendered_player_stats,2026-09-27T05:34:00.098393+00:00,https://www.sofascore.com/football/match/chengdu-rongcheng-beijing-guoan/BrbsQzNb#id:15552489
15552493,2026-04-17,Chinese Super League,793878,Hou Sen,侯森,Beijing Guoan,appeared_in_player_stats_table,90',90,true,https://www.cfl-china.cn/zh/content/news/uVVu.html,official_cfl_match_report,G,,sofascore_rendered_player_stats,2026-09-27T05:33:51.457896+00:00,https://www.sofascore.com/football/match/zhejiang-beijing-guoan/BrbsXTn#id:15552493
15552493,2026-04-17,Chinese Super League,843735,Sai Erjini'ao,塞尔吉尼奥,Beijing Guoan,appeared_in_player_stats_table,90',90,true,https://www.cfl-china.cn/zh/content/news/uVVu.html,official_cfl_match_report,M,,sofascore_rendered_player_stats,2026-09-27T05:33:51.457896+00:00,https://www.sofascore.com/football/match/zhejiang-beijing-guoan/BrbsXTn#id:15552493
15552493,2026-04-17,Chinese Super League,791491,Li Lei,李磊,Beijing Guoan,appeared_in_player_stats_table,90',90,true,https://www.cfl-china.cn/zh/content/news/uVVu.html,official_cfl_match_report,D,,sofascore_rendered_player_stats,2026-09-27T05:33:51.457896+00:00,https://www.sofascore.com/football/match/zhejiang-beijing-guoan/BrbsXTn#id:15552493
15552493,2026-04-17,Chinese Super League,837300,Béni Nkololo,恩科洛洛,Beijing Guoan,appeared_in_player_stats_table,89',89,true,https://www.cfl-china.cn/zh/content/news/uVVu.html,official_cfl_match_report,M,,sofascore_rendered_player_stats,2026-09-27T05:33:51.457896+00:00,https://www.sofascore.com/football/match/zhejiang-beijing-guoan/BrbsXTn#id:15552493
15552493,2026-04-17,Chinese Super League,827192,Guilherme Ramos,拉莫斯,Beijing Guoan,appeared_in_player_stats_table,90',90,true,https://www.cfl-china.cn/zh/content/news/uVVu.html,official_cfl_match_report,D,,sofascore_rendered_player_stats,2026-09-27T05:33:51.457896+00:00,https://www.sofascore.com/football/match/zhejiang-beijing-guoan/BrbsXTn#id:15552493
15552493,2026-04-17,Chinese Super League,926823,Dawhan,达万,Beijing Guoan,appeared_in_player_stats_table,73',73,true,https://www.cfl-china.cn/zh/content/news/uVVu.html,official_cfl_match_report,M,,sofascore_rendered_player_stats,2026-09-27T05:33:51.457896+00:00,https://www.sofascore.com/football/match/zhejiang-beijing-guoan/BrbsXTn#id:15552493
15552493,2026-04-17,Chinese Super League,920987,Abdugheni Abduhamit,阿不都海米提,Beijing Guoan,appeared_in_player_stats_table,21',21,false,https://www.cfl-china.cn/zh/content/news/uVVu.html,official_cfl_match_report,D,,sofascore_rendered_player_stats,2026-09-27T05:33:51.457896+00:00,https://www.sofascore.com/football/match/zhejiang-beijing-guoan/BrbsXTn#id:15552493
15552493,2026-04-17,Chinese Super League,1113798,Yang Bai,柏杨,Beijing Guoan,appeared_in_player_stats_table,90',90,true,https://www.cfl-china.cn/zh/content/news/uVVu.html,official_cfl_match_report,D,,sofascore_rendered_player_stats,2026-09-27T05:33:51.457896+00:00,https://www.sofascore.com/football/match/zhejiang-beijing-guoan/BrbsXTn#id:15552493
15552493,2026-04-17,Chinese Super League,77758,Gang Wang,王刚,Beijing Guoan,appeared_in_player_stats_table,69',69,true,https://www.cfl-china.cn/zh/content/news/uVVu.html,official_cfl_match_report,D,,sofascore_rendered_player_stats,2026-09-27T05:33:51.457896+00:00,https://www.sofascore.com/football/match/zhejiang-beijing-guoan/BrbsXTn#id:15552493
15552493,2026-04-17,Chinese Super League,979120,Aboubacar Konte,孔特,Beijing Guoan,appeared_in_player_stats_table,90',90,true,https://www.cfl-china.cn/zh/content/news/uVVu.html,official_cfl_match_report,F,,sofascore_rendered_player_stats,2026-09-27T05:33:51.457896+00:00,https://www.sofascore.com/football/match/zhejiang-beijing-guoan/BrbsXTn#id:15552493
15552493,2026-04-17,Chinese Super League,900549,Lin Liangming,林良铭,Beijing Guoan,appeared_in_player_stats_table,84',84,true,https://www.cfl-china.cn/zh/content/news/uVVu.html,official_cfl_match_report,M,,sofascore_rendered_player_stats,2026-09-27T05:33:51.457896+00:00,https://www.sofascore.com/football/match/zhejiang-beijing-guoan/BrbsXTn#id:15552493
15552493,2026-04-17,Chinese Super League,797459,Chi Zhongguo,池忠国,Beijing Guoan,appeared_in_player_stats_table,8',8,false,https://www.cfl-china.cn/zh/content/news/uVVu.html,official_cfl_match_report,M,,sofascore_rendered_player_stats,2026-09-27T05:33:51.457896+00:00,https://www.sofascore.com/football/match/zhejiang-beijing-guoan/BrbsXTn#id:15552493
15552493,2026-04-17,Chinese Super League,231992,Zhang Xizhe,张稀哲,Beijing Guoan,appeared_in_player_stats_table,17',17,false,https://www.cfl-china.cn/zh/content/news/uVVu.html,official_cfl_match_report,M,,sofascore_rendered_player_stats,2026-09-27T05:33:51.457896+00:00,https://www.sofascore.com/football/match/zhejiang-beijing-guoan/BrbsXTn#id:15552493
15552493,2026-04-17,Chinese Super League,817886,Yongjing Cao,曹永竞,Beijing Guoan,appeared_in_player_stats_table,14',14,false,https://www.cfl-china.cn/zh/content/news/uVVu.html,official_cfl_match_report,M,,sofascore_rendered_player_stats,2026-09-27T05:33:51.457896+00:00,https://www.sofascore.com/football/match/zhejiang-beijing-guoan/BrbsXTn#id:15552493
15552493,2026-04-17,Chinese Super League,828227,Zhang Yuning,张玉宁,Beijing Guoan,appeared_in_player_stats_table,90',90,true,https://www.cfl-china.cn/zh/content/news/uVVu.html,official_cfl_match_report,F,,sofascore_rendered_player_stats,2026-09-27T05:33:51.457896+00:00,https://www.sofascore.com/football/match/zhejiang-beijing-guoan/BrbsXTn#id:15552493
15552498,2026-04-21,Chinese Super League,231992,Zhang Xizhe,张稀哲,Beijing Guoan,appeared_in_player_stats_table,14',14,true,https://www.cfl-china.cn/zh/content/news/GbVM.html,official_cfl_match_report,M,,sofascore_rendered_player_stats,2026-09-27T05:33:42.311877+00:00,https://www.sofascore.com/football/match/shenzhen-peng-city-beijing-guoan/BrbsGBmc#id:15552498
15552498,2026-04-21,Chinese Super League,926823,Dawhan,达万,Beijing Guoan,appeared_in_player_stats_table,90',90,true,https://www.cfl-china.cn/zh/content/news/GbVM.html,official_cfl_match_report,M,,sofascore_rendered_player_stats,2026-09-27T05:33:42.311877+00:00,https://www.sofascore.com/football/match/shenzhen-peng-city-beijing-guoan/BrbsGBmc#id:15552498
15552498,2026-04-21,Chinese Super League,827192,Guilherme Ramos,拉莫斯,Beijing Guoan,appeared_in_player_stats_table,90',90,true,https://www.cfl-china.cn/zh/content/news/GbVM.html,official_cfl_match_report,D,,sofascore_rendered_player_stats,2026-09-27T05:33:42.311877+00:00,https://www.sofascore.com/football/match/shenzhen-peng-city-beijing-guoan/BrbsGBmc#id:15552498
15552498,2026-04-21,Chinese Super League,979120,Aboubacar Konte,孔特,Beijing Guoan,appeared_in_player_stats_table,90',90,true,https://www.cfl-china.cn/zh/content/news/GbVM.html,official_cfl_match_report,M,,sofascore_rendered_player_stats,2026-09-27T05:33:42.311877+00:00,https://www.sofascore.com/football/match/shenzhen-peng-city-beijing-guoan/BrbsGBmc#id:15552498
15552498,2026-04-21,Chinese Super League,791491,Li Lei,李磊,Beijing Guoan,appeared_in_player_stats_table,90',90,false,https://www.cfl-china.cn/zh/content/news/GbVM.html,official_cfl_match_report,D,,sofascore_rendered_player_stats,2026-09-27T05:33:42.311877+00:00,https://www.sofascore.com/football/match/shenzhen-peng-city-beijing-guoan/BrbsGBmc#id:15552498
15552498,2026-04-21,Chinese Super League,793878,Hou Sen,侯森,Beijing Guoan,appeared_in_player_stats_table,90',90,true,https://www.cfl-china.cn/zh/content/news/GbVM.html,official_cfl_match_report,G,,sofascore_rendered_player_stats,2026-09-27T05:33:42.311877+00:00,https://www.sofascore.com/football/match/shenzhen-peng-city-beijing-guoan/BrbsGBmc#id:15552498
15552498,2026-04-21,Chinese Super League,828227,Zhang Yuning,张玉宁,Beijing Guoan,appeared_in_player_stats_table,90',90,true,https://www.cfl-china.cn/zh/content/news/GbVM.html,official_cfl_match_report,F,,sofascore_rendered_player_stats,2026-09-27T05:33:42.311877+00:00,https://www.sofascore.com/football/match/shenzhen-peng-city-beijing-guoan/BrbsGBmc#id:15552498
15552498,2026-04-21,Chinese Super League,900549,Lin Liangming,林良铭,Beijing Guoan,appeared_in_player_stats_table,89',89,true,https://www.cfl-china.cn/zh/content/news/GbVM.html,official_cfl_match_report,M,,sofascore_rendered_player_stats,2026-09-27T05:33:42.311877+00:00,https://www.sofascore.com/football/match/shenzhen-peng-city-beijing-guoan/BrbsGBmc#id:15552498
15552498,2026-04-21,Chinese Super League,1113798,Yang Bai,柏杨,Beijing Guoan,appeared_in_player_stats_table,90',90,true,https://www.cfl-china.cn/zh/content/news/GbVM.html,official_cfl_match_report,D,,sofascore_rendered_player_stats,2026-09-27T05:33:42.311877+00:00,https://www.sofascore.com/football/match/shenzhen-peng-city-beijing-guoan/BrbsGBmc#id:15552498
15552498,2026-04-21,Chinese Super League,817886,Yongjing Cao,曹永竞,Beijing Guoan,appeared_in_player_stats_table,76',76,true,https://www.cfl-china.cn/zh/content/news/GbVM.html,official_cfl_match_report,M,,sofascore_rendered_player_stats,2026-09-27T05:33:42.311877+00:00,https://www.sofascore.com/football/match/shenzhen-peng-city-beijing-guoan/BrbsGBmc#id:15552498
15552498,2026-04-21,Chinese Super League,77758,Gang Wang,王刚,Beijing Guoan,appeared_in_player_stats_table,90',90,true,https://www.cfl-china.cn/zh/content/news/GbVM.html,official_cfl_match_report,D,,sofascore_rendered_player_stats,2026-09-27T05:33:42.311877+00:00,https://www.sofascore.com/football/match/shenzhen-peng-city-beijing-guoan/BrbsGBmc#id:15552498
15552498,2026-04-21,Chinese Super League,843735,Sai Erjini'ao,塞尔吉尼奥,Beijing Guoan,appeared_in_player_stats_table,90',90,true,https://www.cfl-china.cn/zh/content/news/GbVM.html,official_cfl_match_report,M,,sofascore_rendered_player_stats,2026-09-27T05:33:42.311877+00:00,https://www.sofascore.com/football/match/shenzhen-peng-city-beijing-guoan/BrbsGBmc#id:15552498
15552498,2026-04-21,Chinese Super League,2443057,Deng Jiefu,邓捷夫,Beijing Guoan,appeared_in_player_stats_table,1',1,false,https://www.cfl-china.cn/zh/content/news/GbVM.html,official_cfl_match_report,D,,sofascore_rendered_player_stats,2026-09-27T05:33:42.311877+00:00,https://www.sofascore.com/football/match/shenzhen-peng-city-beijing-guoan/BrbsGBmc#id:15552498
15552507,2026-04-25,Chinese Super League,900549,Lin Liangming,林良铭,Beijing Guoan,appeared_in_player_stats_table,76',76,true,https://www.cfl-china.cn/zh/content/news/ePaU.html,official_cfl_match_report,M,,sofascore_rendered_player_stats,2026-09-27T05:33:33.739951+00:00,https://www.sofascore.com/football/match/beijing-guoan-tianjin-jinmen-tiger/rrbsBrb#id:15552507
15552507,2026-04-25,Chinese Super League,979120,Aboubacar Konte,孔特,Beijing Guoan,appeared_in_player_stats_table,90',90,true,https://www.cfl-china.cn/zh/content/news/ePaU.html,official_cfl_match_report,M,,sofascore_rendered_player_stats,2026-09-27T05:33:33.739951+00:00,https://www.sofascore.com/football/match/beijing-guoan-tianjin-jinmen-tiger/rrbsBrb#id:15552507
15552507,2026-04-25,Chinese Super League,828227,Zhang Yuning,张玉宁,Beijing Guoan,appeared_in_player_stats_table,90',90,true,https://www.cfl-china.cn/zh/content/news/ePaU.html,official_cfl_match_report,F,,sofascore_rendered_player_stats,2026-09-27T05:33:33.739951+00:00,https://www.sofascore.com/football/match/beijing-guoan-tianjin-jinmen-tiger/rrbsBrb#id:15552507
15552507,2026-04-25,Chinese Super League,791491,Li Lei,李磊,Beijing Guoan,appeared_in_player_stats_table,90',90,true,https://www.cfl-china.cn/zh/content/news/ePaU.html,official_cfl_match_report,D,,sofascore_rendered_player_stats,2026-09-27T05:33:33.739951+00:00,https://www.sofascore.com/football/match/beijing-guoan-tianjin-jinmen-tiger/rrbsBrb#id:15552507
15552507,2026-04-25,Chinese Super League,797459,Chi Zhongguo,池忠国,Beijing Guoan,appeared_in_player_stats_table,14',14,false,https://www.cfl-china.cn/zh/content/news/ePaU.html,official_cfl_match_report,M,,sofascore_rendered_player_stats,2026-09-27T05:33:33.739951+00:00,https://www.sofascore.com/football/match/beijing-guoan-tianjin-jinmen-tiger/rrbsBrb#id:15552507
15552507,2026-04-25,Chinese Super League,231992,Zhang Xizhe,张稀哲,Beijing Guoan,appeared_in_player_stats_table,33',33,false,https://www.cfl-china.cn/zh/content/news/ePaU.html,official_cfl_match_report,M,,sofascore_rendered_player_stats,2026-09-27T05:33:33.739951+00:00,https://www.sofascore.com/football/match/beijing-guoan-tianjin-jinmen-tiger/rrbsBrb#id:15552507
15552507,2026-04-25,Chinese Super League,926823,Dawhan,达万,Beijing Guoan,appeared_in_player_stats_table,90',90,true,https://www.cfl-china.cn/zh/content/news/ePaU.html,official_cfl_match_report,M,,sofascore_rendered_player_stats,2026-09-27T05:33:33.739951+00:00,https://www.sofascore.com/football/match/beijing-guoan-tianjin-jinmen-tiger/rrbsBrb#id:15552507
15552507,2026-04-25,Chinese Super League,817886,Yongjing Cao,曹永竞,Beijing Guoan,appeared_in_player_stats_table,57',57,true,https://www.cfl-china.cn/zh/content/news/ePaU.html,official_cfl_match_report,M,,sofascore_rendered_player_stats,2026-09-27T05:33:33.739951+00:00,https://www.sofascore.com/football/match/beijing-guoan-tianjin-jinmen-tiger/rrbsBrb#id:15552507
15552507,2026-04-25,Chinese Super League,843735,Sai Erjini'ao,塞尔吉尼奥,Beijing Guoan,appeared_in_player_stats_table,90',90,true,https://www.cfl-china.cn/zh/content/news/ePaU.html,official_cfl_match_report,M,,sofascore_rendered_player_stats,2026-09-27T05:33:33.739951+00:00,https://www.sofascore.com/football/match/beijing-guoan-tianjin-jinmen-tiger/rrbsBrb#id:15552507
15552507,2026-04-25,Chinese Super League,77758,Gang Wang,王刚,Beijing Guoan,appeared_in_player_stats_table,76',76,true,https://www.cfl-china.cn/zh/content/news/ePaU.html,official_cfl_match_report,D,,sofascore_rendered_player_stats,2026-09-27T05:33:33.739951+00:00,https://www.sofascore.com/football/match/beijing-guoan-tianjin-jinmen-tiger/rrbsBrb#id:15552507
15552507,2026-04-25,Chinese Super League,827192,Guilherme Ramos,拉莫斯,Beijing Guoan,appeared_in_player_stats_table,90',90,true,https://www.cfl-china.cn/zh/content/news/ePaU.html,official_cfl_match_report,D,,sofascore_rendered_player_stats,2026-09-27T05:33:33.739951+00:00,https://www.sofascore.com/football/match/beijing-guoan-tianjin-jinmen-tiger/rrbsBrb#id:15552507
15552507,2026-04-25,Chinese Super League,2443057,Deng Jiefu,邓捷夫,Beijing Guoan,appeared_in_player_stats_table,14',14,false,https://www.cfl-china.cn/zh/content/news/ePaU.html,official_cfl_match_report,D,,sofascore_rendered_player_stats,2026-09-27T05:33:33.739951+00:00,https://www.sofascore.com/football/match/beijing-guoan-tianjin-jinmen-tiger/rrbsBrb#id:15552507
15552507,2026-04-25,Chinese Super League,1113798,Yang Bai,柏杨,Beijing Guoan,appeared_in_player_stats_table,90',90,true,https://www.cfl-china.cn/zh/content/news/ePaU.html,official_cfl_match_report,D,,sofascore_rendered_player_stats,2026-09-27T05:33:33.739951+00:00,https://www.sofascore.com/football/match/beijing-guoan-tianjin-jinmen-tiger/rrbsBrb#id:15552507
15552507,2026-04-25,Chinese Super League,793878,Hou Sen,侯森,Beijing Guoan,appeared_in_player_stats_table,90',90,true,https://www.cfl-china.cn/zh/content/news/ePaU.html,official_cfl_match_report,G,,sofascore_rendered_player_stats,2026-09-27T05:33:33.739951+00:00,https://www.sofascore.com/football/match/beijing-guoan-tianjin-jinmen-tiger/rrbsBrb#id:15552507
15552529,2026-05-02,Chinese Super League,231992,Zhang Xizhe,张稀哲,Beijing Guoan,appeared_in_player_stats_table,73',73,true,https://sports.sina.cn/2026-05-02/detail-inhwppvx5370696.d.html,secondary_public_report:Sina Sports match report,M,,sofascore_rendered_player_stats,2026-09-27T05:33:24.553310+00:00,https://www.sofascore.com/football/match/yunnan-yukun-beijing-guoan/BrbsQZOd#id:15552529
15552529,2026-05-02,Chinese Super League,843735,Sai Erjini'ao,塞尔吉尼奥,Beijing Guoan,appeared_in_player_stats_table,83',83,true,https://sports.sina.cn/2026-05-02/detail-inhwppvx5370696.d.html,secondary_public_report:Sina Sports match report,M,,sofascore_rendered_player_stats,2026-09-27T05:33:24.553310+00:00,https://www.sofascore.com/football/match/yunnan-yukun-beijing-guoan/BrbsQZOd#id:15552529
15552529,2026-05-02,Chinese Super League,828227,Zhang Yuning,张玉宁,Beijing Guoan,appeared_in_player_stats_table,90',90,true,https://sports.sina.cn/2026-05-02/detail-inhwppvx5370696.d.html,secondary_public_report:Sina Sports match report,F,,sofascore_rendered_player_stats,2026-09-27T05:33:24.553310+00:00,https://www.sofascore.com/football/match/yunnan-yukun-beijing-guoan/BrbsQZOd#id:15552529
15552529,2026-05-02,Chinese Super League,926823,Dawhan,达万,Beijing Guoan,appeared_in_player_stats_table,90',90,true,https://sports.sina.cn/2026-05-02/detail-inhwppvx5370696.d.html,secondary_public_report:Sina Sports match report,M,,sofascore_rendered_player_stats,2026-09-27T05:33:24.553310+00:00,https://www.sofascore.com/football/match/yunnan-yukun-beijing-guoan/BrbsQZOd#id:15552529
15552529,2026-05-02,Chinese Super League,979120,Aboubacar Konte,孔特,Beijing Guoan,appeared_in_player_stats_table,90',90,true,https://sports.sina.cn/2026-05-02/detail-inhwppvx5370696.d.html,secondary_public_report:Sina Sports match report,M,,sofascore_rendered_player_stats,2026-09-27T05:33:24.553310+00:00,https://www.sofascore.com/football/match/yunnan-yukun-beijing-guoan/BrbsQZOd#id:15552529
15552529,2026-05-02,Chinese Super League,863642,Feng Boxuan,冯博轩,Beijing Guoan,appeared_in_player_stats_table,17',17,false,https://sports.sina.cn/2026-05-02/detail-inhwppvx5370696.d.html,secondary_public_report:Sina Sports match report,D,,sofascore_rendered_player_stats,2026-09-27T05:33:24.553310+00:00,https://www.sofascore.com/football/match/yunnan-yukun-beijing-guoan/BrbsQZOd#id:15552529
15552529,2026-05-02,Chinese Super League,2443057,Deng Jiefu,邓捷夫,Beijing Guoan,appeared_in_player_stats_table,15',15,false,https://sports.sina.cn/2026-05-02/detail-inhwppvx5370696.d.html,secondary_public_report:Sina Sports match report,D,,sofascore_rendered_player_stats,2026-09-27T05:33:24.553310+00:00,https://www.sofascore.com/football/match/yunnan-yukun-beijing-guoan/BrbsQZOd#id:15552529
15552529,2026-05-02,Chinese Super League,77758,Gang Wang,王刚,Beijing Guoan,appeared_in_player_stats_table,60',60,true,https://sports.sina.cn/2026-05-02/detail-inhwppvx5370696.d.html,secondary_public_report:Sina Sports match report,D,,sofascore_rendered_player_stats,2026-09-27T05:33:24.553310+00:00,https://www.sofascore.com/football/match/yunnan-yukun-beijing-guoan/BrbsQZOd#id:15552529
15552529,2026-05-02,Chinese Super League,817886,Yongjing Cao,曹永竞,Beijing Guoan,appeared_in_player_stats_table,90',90,true,https://sports.sina.cn/2026-05-02/detail-inhwppvx5370696.d.html,secondary_public_report:Sina Sports match report,M,,sofascore_rendered_player_stats,2026-09-27T05:33:24.553310+00:00,https://www.sofascore.com/football/match/yunnan-yukun-beijing-guoan/BrbsQZOd#id:15552529
15552529,2026-05-02,Chinese Super League,827192,Guilherme Ramos,拉莫斯,Beijing Guoan,appeared_in_player_stats_table,90',90,true,https://sports.sina.cn/2026-05-02/detail-inhwppvx5370696.d.html,secondary_public_report:Sina Sports match report,D,,sofascore_rendered_player_stats,2026-09-27T05:33:24.553310+00:00,https://www.sofascore.com/football/match/yunnan-yukun-beijing-guoan/BrbsQZOd#id:15552529
15552529,2026-05-02,Chinese Super League,1113798,Yang Bai,柏杨,Beijing Guoan,appeared_in_player_stats_table,90',90,true,https://sports.sina.cn/2026-05-02/detail-inhwppvx5370696.d.html,secondary_public_report:Sina Sports match report,D,,sofascore_rendered_player_stats,2026-09-27T05:33:24.553310+00:00,https://www.sofascore.com/football/match/yunnan-yukun-beijing-guoan/BrbsQZOd#id:15552529
15552529,2026-05-02,Chinese Super League,967088,Tze-Nam Yue,茹子楠,Beijing Guoan,appeared_in_player_stats_table,30',30,false,https://sports.sina.cn/2026-05-02/detail-inhwppvx5370696.d.html,secondary_public_report:Sina Sports match report,D,,sofascore_rendered_player_stats,2026-09-27T05:33:24.553310+00:00,https://www.sofascore.com/football/match/yunnan-yukun-beijing-guoan/BrbsQZOd#id:15552529
15552529,2026-05-02,Chinese Super League,793878,Hou Sen,侯森,Beijing Guoan,appeared_in_player_stats_table,90',90,true,https://sports.sina.cn/2026-05-02/detail-inhwppvx5370696.d.html,secondary_public_report:Sina Sports match report,G,,sofascore_rendered_player_stats,2026-09-27T05:33:24.553310+00:00,https://www.sofascore.com/football/match/yunnan-yukun-beijing-guoan/BrbsQZOd#id:15552529
15552529,2026-05-02,Chinese Super League,920987,Abdugheni Abduhamit,阿不都海米提,Beijing Guoan,appeared_in_player_stats_table,90',90,true,https://sports.sina.cn/2026-05-02/detail-inhwppvx5370696.d.html,secondary_public_report:Sina Sports match report,D,,sofascore_rendered_player_stats,2026-09-27T05:33:24.553310+00:00,https://www.sofascore.com/football/match/yunnan-yukun-beijing-guoan/BrbsQZOd#id:15552529
15552536,2026-05-06,Chinese Super League,843735,Sai Erjini'ao,塞尔吉尼奥,Beijing Guoan,appeared_in_player_stats_table,86',86,true,https://www.fczhibo.net/live/zhongchao/511567.html,secondary_public_report:Fengchi Live match lineup page,F,,sofascore_rendered_player_stats,2026-09-27T05:33:16.489880+00:00,https://www.sofascore.com/football/match/dalian-yingbo-fc-beijing-guoan/BrbsRZOd#id:15552536
15552536,2026-05-06,Chinese Super League,827192,Guilherme Ramos,拉莫斯,Beijing Guoan,appeared_in_player_stats_table,90',90,true,https://www.fczhibo.net/live/zhongchao/511567.html,secondary_public_report:Fengchi Live match lineup page,D,,sofascore_rendered_player_stats,2026-09-27T05:33:16.489880+00:00,https://www.sofascore.com/football/match/dalian-yingbo-fc-beijing-guoan/BrbsRZOd#id:15552536
15552536,2026-05-06,Chinese Super League,926823,Dawhan,达万,Beijing Guoan,appeared_in_player_stats_table,70',70,true,https://www.fczhibo.net/live/zhongchao/511567.html,secondary_public_report:Fengchi Live match lineup page,M,,sofascore_rendered_player_stats,2026-09-27T05:33:16.489880+00:00,https://www.sofascore.com/football/match/dalian-yingbo-fc-beijing-guoan/BrbsRZOd#id:15552536
15552536,2026-05-06,Chinese Super League,979120,Aboubacar Konte,孔特,Beijing Guoan,appeared_in_player_stats_table,90',90,true,https://www.fczhibo.net/live/zhongchao/511567.html,secondary_public_report:Fengchi Live match lineup page,M,,sofascore_rendered_player_stats,2026-09-27T05:33:16.489880+00:00,https://www.sofascore.com/football/match/dalian-yingbo-fc-beijing-guoan/BrbsRZOd#id:15552536
15552536,2026-05-06,Chinese Super League,1113798,Yang Bai,柏杨,Beijing Guoan,appeared_in_player_stats_table,90',90,true,https://www.fczhibo.net/live/zhongchao/511567.html,secondary_public_report:Fengchi Live match lineup page,D,,sofascore_rendered_player_stats,2026-09-27T05:33:16.489880+00:00,https://www.sofascore.com/football/match/dalian-yingbo-fc-beijing-guoan/BrbsRZOd#id:15552536
15552536,2026-05-06,Chinese Super League,793878,Hou Sen,侯森,Beijing Guoan,appeared_in_player_stats_table,90',90,true,https://www.fczhibo.net/live/zhongchao/511567.html,secondary_public_report:Fengchi Live match lineup page,G,,sofascore_rendered_player_stats,2026-09-27T05:33:16.489880+00:00,https://www.sofascore.com/football/match/dalian-yingbo-fc-beijing-guoan/BrbsRZOd#id:15552536
15552536,2026-05-06,Chinese Super League,967088,Tze-Nam Yue,茹子楠,Beijing Guoan,appeared_in_player_stats_table,45',45,true,https://www.fczhibo.net/live/zhongchao/511567.html,secondary_public_report:Fengchi Live match lineup page,M,,sofascore_rendered_player_stats,2026-09-27T05:33:16.489880+00:00,https://www.sofascore.com/football/match/dalian-yingbo-fc-beijing-guoan/BrbsRZOd#id:15552536
15552536,2026-05-06,Chinese Super League,900549,Lin Liangming,林良铭,Beijing Guoan,appeared_in_player_stats_table,45',45,false,https://www.fczhibo.net/live/zhongchao/511567.html,secondary_public_report:Fengchi Live match lineup page,F,,sofascore_rendered_player_stats,2026-09-27T05:33:16.489880+00:00,https://www.sofascore.com/football/match/dalian-yingbo-fc-beijing-guoan/BrbsRZOd#id:15552536
15552536,2026-05-06,Chinese Super League,920987,Abdugheni Abduhamit,阿不都海米提,Beijing Guoan,appeared_in_player_stats_table,20',20,false,https://www.fczhibo.net/live/zhongchao/511567.html,secondary_public_report:Fengchi Live match lineup page,D,,sofascore_rendered_player_stats,2026-09-27T05:33:16.489880+00:00,https://www.sofascore.com/football/match/dalian-yingbo-fc-beijing-guoan/BrbsRZOd#id:15552536
15552536,2026-05-06,Chinese Super League,77758,Gang Wang,王刚,Beijing Guoan,appeared_in_player_stats_table,90',90,true,https://www.fczhibo.net/live/zhongchao/511567.html,secondary_public_report:Fengchi Live match lineup page,D,,sofascore_rendered_player_stats,2026-09-27T05:33:16.489880+00:00,https://www.sofascore.com/football/match/dalian-yingbo-fc-beijing-guoan/BrbsRZOd#id:15552536
15552536,2026-05-06,Chinese Super League,2443057,Deng Jiefu,邓捷夫,Beijing Guoan,appeared_in_player_stats_table,10',10,false,https://www.fczhibo.net/live/zhongchao/511567.html,secondary_public_report:Fengchi Live match lineup page,D,,sofascore_rendered_player_stats,2026-09-27T05:33:16.489880+00:00,https://www.sofascore.com/football/match/dalian-yingbo-fc-beijing-guoan/BrbsRZOd#id:15552536
15552536,2026-05-06,Chinese Super League,828227,Zhang Yuning,张玉宁,Beijing Guoan,appeared_in_player_stats_table,45',45,true,https://www.fczhibo.net/live/zhongchao/511567.html,secondary_public_report:Fengchi Live match lineup page,F,,sofascore_rendered_player_stats,2026-09-27T05:33:16.489880+00:00,https://www.sofascore.com/football/match/dalian-yingbo-fc-beijing-guoan/BrbsRZOd#id:15552536
15552536,2026-05-06,Chinese Super League,1130184,Wang Yu,王禹,Beijing Guoan,appeared_in_player_stats_table,19',19,false,https://www.fczhibo.net/live/zhongchao/511567.html,secondary_public_report:Fengchi Live match lineup page,M,,sofascore_rendered_player_stats,2026-09-27T05:33:16.489880+00:00,https://www.sofascore.com/football/match/dalian-yingbo-fc-beijing-guoan/BrbsRZOd#id:15552536
15552536,2026-05-06,Chinese Super League,231992,Zhang Xizhe,张稀哲,Beijing Guoan,appeared_in_player_stats_table,71',71,true,https://www.fczhibo.net/live/zhongchao/511567.html,secondary_public_report:Fengchi Live match lineup page,F,,sofascore_rendered_player_stats,2026-09-27T05:33:16.489880+00:00,https://www.sofascore.com/football/match/dalian-yingbo-fc-beijing-guoan/BrbsRZOd#id:15552536
15552536,2026-05-06,Chinese Super League,343673,Fabio Abreu,法比奥,Beijing Guoan,appeared_in_player_stats_table,45',45,false,https://www.fczhibo.net/live/zhongchao/511567.html,secondary_public_report:Fengchi Live match lineup page,F,,sofascore_rendered_player_stats,2026-09-27T05:33:16.489880+00:00,https://www.sofascore.com/football/match/dalian-yingbo-fc-beijing-guoan/BrbsRZOd#id:15552536
15552536,2026-05-06,Chinese Super League,817886,Yongjing Cao,曹永竞,Beijing Guoan,appeared_in_player_stats_table,47',47,true,https://www.fczhibo.net/live/zhongchao/511567.html,secondary_public_report:Fengchi Live match lineup page,M,,sofascore_rendered_player_stats,2026-09-27T05:33:16.489880+00:00,https://www.sofascore.com/football/match/dalian-yingbo-fc-beijing-guoan/BrbsRZOd#id:15552536
15552546,2026-05-10,Chinese Super League,343673,Fabio Abreu,法比奥,Beijing Guoan,appeared_in_player_stats_table,90',90,true,https://www.cfl-china.cn/zh/content/news/CLkv.html,official_cfl_match_report,F,,sofascore_rendered_player_stats,2026-09-27T05:33:06.564473+00:00,https://www.sofascore.com/football/match/shanghai-port-beijing-guoan/BrbsMFq#id:15552546
15552546,2026-05-10,Chinese Super League,979120,Aboubacar Konte,孔特,Beijing Guoan,appeared_in_player_stats_table,90',90,true,https://www.cfl-china.cn/zh/content/news/CLkv.html,official_cfl_match_report,M,,sofascore_rendered_player_stats,2026-09-27T05:33:06.564473+00:00,https://www.sofascore.com/football/match/shanghai-port-beijing-guoan/BrbsMFq#id:15552546
15552546,2026-05-10,Chinese Super League,231992,Zhang Xizhe,张稀哲,Beijing Guoan,appeared_in_player_stats_table,89',89,true,https://www.cfl-china.cn/zh/content/news/CLkv.html,official_cfl_match_report,M,,sofascore_rendered_player_stats,2026-09-27T05:33:06.564473+00:00,https://www.sofascore.com/football/match/shanghai-port-beijing-guoan/BrbsMFq#id:15552546
15552546,2026-05-10,Chinese Super League,77758,Gang Wang,王刚,Beijing Guoan,appeared_in_player_stats_table,90',90,true,https://www.cfl-china.cn/zh/content/news/CLkv.html,official_cfl_match_report,D,,sofascore_rendered_player_stats,2026-09-27T05:33:06.564473+00:00,https://www.sofascore.com/football/match/shanghai-port-beijing-guoan/BrbsMFq#id:15552546
15552546,2026-05-10,Chinese Super League,900549,Lin Liangming,林良铭,Beijing Guoan,appeared_in_player_stats_table,26',26,false,https://www.cfl-china.cn/zh/content/news/CLkv.html,official_cfl_match_report,F,,sofascore_rendered_player_stats,2026-09-27T05:33:06.564473+00:00,https://www.sofascore.com/football/match/shanghai-port-beijing-guoan/BrbsMFq#id:15552546
15552546,2026-05-10,Chinese Super League,926823,Dawhan,达万,Beijing Guoan,appeared_in_player_stats_table,90',90,true,https://www.cfl-china.cn/zh/content/news/CLkv.html,official_cfl_match_report,M,,sofascore_rendered_player_stats,2026-09-27T05:33:06.564473+00:00,https://www.sofascore.com/football/match/shanghai-port-beijing-guoan/BrbsMFq#id:15552546
15552546,2026-05-10,Chinese Super League,843735,Sai Erjini'ao,塞尔吉尼奥,Beijing Guoan,appeared_in_player_stats_table,90',90,true,https://www.cfl-china.cn/zh/content/news/CLkv.html,official_cfl_match_report,M,,sofascore_rendered_player_stats,2026-09-27T05:33:06.564473+00:00,https://www.sofascore.com/football/match/shanghai-port-beijing-guoan/BrbsMFq#id:15552546
15552546,2026-05-10,Chinese Super League,828227,Zhang Yuning,张玉宁,Beijing Guoan,appeared_in_player_stats_table,90',90,true,https://www.cfl-china.cn/zh/content/news/CLkv.html,official_cfl_match_report,F,,sofascore_rendered_player_stats,2026-09-27T05:33:06.564473+00:00,https://www.sofascore.com/football/match/shanghai-port-beijing-guoan/BrbsMFq#id:15552546
15552546,2026-05-10,Chinese Super League,1113798,Yang Bai,柏杨,Beijing Guoan,appeared_in_player_stats_table,45',45,true,https://www.cfl-china.cn/zh/content/news/CLkv.html,official_cfl_match_report,D,,sofascore_rendered_player_stats,2026-09-27T05:33:06.564473+00:00,https://www.sofascore.com/football/match/shanghai-port-beijing-guoan/BrbsMFq#id:15552546
15552546,2026-05-10,Chinese Super League,793878,Hou Sen,侯森,Beijing Guoan,appeared_in_player_stats_table,90',90,true,https://www.cfl-china.cn/zh/content/news/CLkv.html,official_cfl_match_report,G,,sofascore_rendered_player_stats,2026-09-27T05:33:06.564473+00:00,https://www.sofascore.com/football/match/shanghai-port-beijing-guoan/BrbsMFq#id:15552546
15552546,2026-05-10,Chinese Super League,967088,Tze-Nam Yue,茹子楠,Beijing Guoan,appeared_in_player_stats_table,64',64,true,https://www.cfl-china.cn/zh/content/news/CLkv.html,official_cfl_match_report,D,,sofascore_rendered_player_stats,2026-09-27T05:33:06.564473+00:00,https://www.sofascore.com/football/match/shanghai-port-beijing-guoan/BrbsMFq#id:15552546
15552546,2026-05-10,Chinese Super League,791491,Li Lei,李磊,Beijing Guoan,appeared_in_player_stats_table,45',45,false,https://www.cfl-china.cn/zh/content/news/CLkv.html,official_cfl_match_report,D,,sofascore_rendered_player_stats,2026-09-27T05:33:06.564473+00:00,https://www.sofascore.com/football/match/shanghai-port-beijing-guoan/BrbsMFq#id:15552546
15552546,2026-05-10,Chinese Super League,827192,Guilherme Ramos,拉莫斯,Beijing Guoan,appeared_in_player_stats_table,90',90,true,https://www.cfl-china.cn/zh/content/news/CLkv.html,official_cfl_match_report,D,,sofascore_rendered_player_stats,2026-09-27T05:33:06.564473+00:00,https://www.sofascore.com/football/match/shanghai-port-beijing-guoan/BrbsMFq#id:15552546
15552546,2026-05-10,Chinese Super League,797459,Chi Zhongguo,池忠国,Beijing Guoan,appeared_in_player_stats_table,1',1,false,https://www.cfl-china.cn/zh/content/news/CLkv.html,official_cfl_match_report,M,,sofascore_rendered_player_stats,2026-09-27T05:33:06.564473+00:00,https://www.sofascore.com/football/match/shanghai-port-beijing-guoan/BrbsMFq#id:15552546
15549838,2026-05-15,Chinese Super League,828227,Zhang Yuning,张玉宁,Beijing Guoan,appeared_in_player_stats_table,82',82,true,https://news.zhibo8.com/zuqiu/2026-05-15/6a06c7b57051anative.htm,secondary_public_report:Zhibo8 matchday lineup report,F,,sofascore_rendered_player_stats,2026-09-27T05:32:57.573654+00:00,https://www.sofascore.com/football/match/qingdao-hainiu-beijing-guoan/BrbsVTn#id:15549838
15549838,2026-05-15,Chinese Super League,231992,Zhang Xizhe,张稀哲,Beijing Guoan,appeared_in_player_stats_table,82',82,true,https://news.zhibo8.com/zuqiu/2026-05-15/6a06c7b57051anative.htm,secondary_public_report:Zhibo8 matchday lineup report,M,,sofascore_rendered_player_stats,2026-09-27T05:32:57.573654+00:00,https://www.sofascore.com/football/match/qingdao-hainiu-beijing-guoan/BrbsVTn#id:15549838
15549838,2026-05-15,Chinese Super League,967088,Tze-Nam Yue,茹子楠,Beijing Guoan,appeared_in_player_stats_table,90',90,true,https://news.zhibo8.com/zuqiu/2026-05-15/6a06c7b57051anative.htm,secondary_public_report:Zhibo8 matchday lineup report,D,,sofascore_rendered_player_stats,2026-09-27T05:32:57.573654+00:00,https://www.sofascore.com/football/match/qingdao-hainiu-beijing-guoan/BrbsVTn#id:15549838
15549838,2026-05-15,Chinese Super League,843735,Sai Erjini'ao,塞尔吉尼奥,Beijing Guoan,appeared_in_player_stats_table,90',90,true,https://news.zhibo8.com/zuqiu/2026-05-15/6a06c7b57051anative.htm,secondary_public_report:Zhibo8 matchday lineup report,M,,sofascore_rendered_player_stats,2026-09-27T05:32:57.573654+00:00,https://www.sofascore.com/football/match/qingdao-hainiu-beijing-guoan/BrbsVTn#id:15549838
15549838,2026-05-15,Chinese Super League,817886,Yongjing Cao,曹永竞,Beijing Guoan,appeared_in_player_stats_table,28',28,false,https://news.zhibo8.com/zuqiu/2026-05-15/6a06c7b57051anative.htm,secondary_public_report:Zhibo8 matchday lineup report,M,,sofascore_rendered_player_stats,2026-09-27T05:32:57.573654+00:00,https://www.sofascore.com/football/match/qingdao-hainiu-beijing-guoan/BrbsVTn#id:15549838
15549838,2026-05-15,Chinese Super League,979120,Aboubacar Konte,孔特,Beijing Guoan,appeared_in_player_stats_table,88',88,true,https://news.zhibo8.com/zuqiu/2026-05-15/6a06c7b57051anative.htm,secondary_public_report:Zhibo8 matchday lineup report,M,,sofascore_rendered_player_stats,2026-09-27T05:32:57.573654+00:00,https://www.sofascore.com/football/match/qingdao-hainiu-beijing-guoan/BrbsVTn#id:15549838
15549838,2026-05-15,Chinese Super League,343673,Fabio Abreu,法比奥,Beijing Guoan,appeared_in_player_stats_table,90',90,true,https://news.zhibo8.com/zuqiu/2026-05-15/6a06c7b57051anative.htm,secondary_public_report:Zhibo8 matchday lineup report,F,,sofascore_rendered_player_stats,2026-09-27T05:32:57.573654+00:00,https://www.sofascore.com/football/match/qingdao-hainiu-beijing-guoan/BrbsVTn#id:15549838
15549838,2026-05-15,Chinese Super League,827192,Guilherme Ramos,拉莫斯,Beijing Guoan,appeared_in_player_stats_table,90',90,true,https://news.zhibo8.com/zuqiu/2026-05-15/6a06c7b57051anative.htm,secondary_public_report:Zhibo8 matchday lineup report,D,,sofascore_rendered_player_stats,2026-09-27T05:32:57.573654+00:00,https://www.sofascore.com/football/match/qingdao-hainiu-beijing-guoan/BrbsVTn#id:15549838
15549838,2026-05-15,Chinese Super League,1113798,Yang Bai,柏杨,Beijing Guoan,appeared_in_player_stats_table,90',90,true,https://news.zhibo8.com/zuqiu/2026-05-15/6a06c7b57051anative.htm,secondary_public_report:Zhibo8 matchday lineup report,D,,sofascore_rendered_player_stats,2026-09-27T05:32:57.573654+00:00,https://www.sofascore.com/football/match/qingdao-hainiu-beijing-guoan/BrbsVTn#id:15549838
15549838,2026-05-15,Chinese Super League,793878,Hou Sen,侯森,Beijing Guoan,appeared_in_player_stats_table,90',90,true,https://news.zhibo8.com/zuqiu/2026-05-15/6a06c7b57051anative.htm,secondary_public_report:Zhibo8 matchday lineup report,G,,sofascore_rendered_player_stats,2026-09-27T05:32:57.573654+00:00,https://www.sofascore.com/football/match/qingdao-hainiu-beijing-guoan/BrbsVTn#id:15549838
15549838,2026-05-15,Chinese Super League,77758,Gang Wang,王刚,Beijing Guoan,appeared_in_player_stats_table,90',90,true,https://news.zhibo8.com/zuqiu/2026-05-15/6a06c7b57051anative.htm,secondary_public_report:Zhibo8 matchday lineup report,D,,sofascore_rendered_player_stats,2026-09-27T05:32:57.573654+00:00,https://www.sofascore.com/football/match/qingdao-hainiu-beijing-guoan/BrbsVTn#id:15549838
15549838,2026-05-15,Chinese Super League,900549,Lin Liangming,林良铭,Beijing Guoan,appeared_in_player_stats_table,62',62,true,https://news.zhibo8.com/zuqiu/2026-05-15/6a06c7b57051anative.htm,secondary_public_report:Zhibo8 matchday lineup report,M,,sofascore_rendered_player_stats,2026-09-27T05:32:57.573654+00:00,https://www.sofascore.com/football/match/qingdao-hainiu-beijing-guoan/BrbsVTn#id:15549838
15549838,2026-05-15,Chinese Super League,797459,Chi Zhongguo,池忠国,Beijing Guoan,appeared_in_player_stats_table,8',8,false,https://news.zhibo8.com/zuqiu/2026-05-15/6a06c7b57051anative.htm,secondary_public_report:Zhibo8 matchday lineup report,M,,sofascore_rendered_player_stats,2026-09-27T05:32:57.573654+00:00,https://www.sofascore.com/football/match/qingdao-hainiu-beijing-guoan/BrbsVTn#id:15549838
15549838,2026-05-15,Chinese Super League,791491,Li Lei,李磊,Beijing Guoan,appeared_in_player_stats_table,8',8,false,https://news.zhibo8.com/zuqiu/2026-05-15/6a06c7b57051anative.htm,secondary_public_report:Zhibo8 matchday lineup report,D,,sofascore_rendered_player_stats,2026-09-27T05:32:57.573654+00:00,https://www.sofascore.com/football/match/qingdao-hainiu-beijing-guoan/BrbsVTn#id:15549838
15549838,2026-05-15,Chinese Super League,1130184,Wang Yu,王禹,Beijing Guoan,appeared_in_player_stats_table,2',2,false,https://news.zhibo8.com/zuqiu/2026-05-15/6a06c7b57051anative.htm,secondary_public_report:Zhibo8 matchday lineup report,M,,sofascore_rendered_player_stats,2026-09-27T05:32:57.573654+00:00,https://www.sofascore.com/football/match/qingdao-hainiu-beijing-guoan/BrbsVTn#id:15549838
15549843,2026-05-19,Chinese Super League,231992,Zhang Xizhe,张稀哲,Beijing Guoan,appeared_in_player_stats_table,90',90,true,https://www.ppsports.com/article/news/2538609.html,secondary_public_report:PP Sports match report,F,,sofascore_rendered_player_stats,2026-09-27T05:32:47.277019+00:00,https://www.sofascore.com/football/match/qingdao-west-coast-beijing-guoan/BrbsHPXc#id:15549843
15549843,2026-05-19,Chinese Super League,843735,Sai Erjini'ao,塞尔吉尼奥,Beijing Guoan,appeared_in_player_stats_table,90',90,true,https://www.ppsports.com/article/news/2538609.html,secondary_public_report:PP Sports match report,F,,sofascore_rendered_player_stats,2026-09-27T05:32:47.277019+00:00,https://www.sofascore.com/football/match/qingdao-west-coast-beijing-guoan/BrbsHPXc#id:15549843
15549843,2026-05-19,Chinese Super League,77758,Gang Wang,王刚,Beijing Guoan,appeared_in_player_stats_table,90',90,true,https://www.ppsports.com/article/news/2538609.html,secondary_public_report:PP Sports match report,D,,sofascore_rendered_player_stats,2026-09-27T05:32:47.277019+00:00,https://www.sofascore.com/football/match/qingdao-west-coast-beijing-guoan/BrbsHPXc#id:15549843
15549843,2026-05-19,Chinese Super League,900549,Lin Liangming,林良铭,Beijing Guoan,appeared_in_player_stats_table,18',18,false,https://www.ppsports.com/article/news/2538609.html,secondary_public_report:PP Sports match report,F,,sofascore_rendered_player_stats,2026-09-27T05:32:47.277019+00:00,https://www.sofascore.com/football/match/qingdao-west-coast-beijing-guoan/BrbsHPXc#id:15549843
15549843,2026-05-19,Chinese Super League,827192,Guilherme Ramos,拉莫斯,Beijing Guoan,appeared_in_player_stats_table,90',90,true,https://www.ppsports.com/article/news/2538609.html,secondary_public_report:PP Sports match report,D,,sofascore_rendered_player_stats,2026-09-27T05:32:47.277019+00:00,https://www.sofascore.com/football/match/qingdao-west-coast-beijing-guoan/BrbsHPXc#id:15549843
15549843,2026-05-19,Chinese Super League,926823,Dawhan,达万,Beijing Guoan,appeared_in_player_stats_table,90',90,true,https://www.ppsports.com/article/news/2538609.html,secondary_public_report:PP Sports match report,M,,sofascore_rendered_player_stats,2026-09-27T05:32:47.277019+00:00,https://www.sofascore.com/football/match/qingdao-west-coast-beijing-guoan/BrbsHPXc#id:15549843
15549843,2026-05-19,Chinese Super League,979120,Aboubacar Konte,孔特,Beijing Guoan,appeared_in_player_stats_table,90',90,true,https://www.ppsports.com/article/news/2538609.html,secondary_public_report:PP Sports match report,M,,sofascore_rendered_player_stats,2026-09-27T05:32:47.277019+00:00,https://www.sofascore.com/football/match/qingdao-west-coast-beijing-guoan/BrbsHPXc#id:15549843
15549843,2026-05-19,Chinese Super League,343673,Fabio Abreu,法比奥,Beijing Guoan,appeared_in_player_stats_table,90',90,true,https://www.ppsports.com/article/news/2538609.html,secondary_public_report:PP Sports match report,F,,sofascore_rendered_player_stats,2026-09-27T05:32:47.277019+00:00,https://www.sofascore.com/football/match/qingdao-west-coast-beijing-guoan/BrbsHPXc#id:15549843
15549843,2026-05-19,Chinese Super League,967088,Tze-Nam Yue,茹子楠,Beijing Guoan,appeared_in_player_stats_table,72',72,true,https://www.ppsports.com/article/news/2538609.html,secondary_public_report:PP Sports match report,M,,sofascore_rendered_player_stats,2026-09-27T05:32:47.277019+00:00,https://www.sofascore.com/football/match/qingdao-west-coast-beijing-guoan/BrbsHPXc#id:15549843
15549843,2026-05-19,Chinese Super League,791491,Li Lei,李磊,Beijing Guoan,appeared_in_player_stats_table,57',57,true,https://www.ppsports.com/article/news/2538609.html,secondary_public_report:PP Sports match report,M,,sofascore_rendered_player_stats,2026-09-27T05:32:47.277019+00:00,https://www.sofascore.com/football/match/qingdao-west-coast-beijing-guoan/BrbsHPXc#id:15549843
15549843,2026-05-19,Chinese Super League,1113798,Yang Bai,柏杨,Beijing Guoan,appeared_in_player_stats_table,89',89,true,https://www.ppsports.com/article/news/2538609.html,secondary_public_report:PP Sports match report,D,,sofascore_rendered_player_stats,2026-09-27T05:32:47.277019+00:00,https://www.sofascore.com/football/match/qingdao-west-coast-beijing-guoan/BrbsHPXc#id:15549843
15549843,2026-05-19,Chinese Super League,793878,Hou Sen,侯森,Beijing Guoan,appeared_in_player_stats_table,90',90,true,https://www.ppsports.com/article/news/2538609.html,secondary_public_report:PP Sports match report,G,,sofascore_rendered_player_stats,2026-09-27T05:32:47.277019+00:00,https://www.sofascore.com/football/match/qingdao-west-coast-beijing-guoan/BrbsHPXc#id:15549843
15549843,2026-05-19,Chinese Super League,817886,Yongjing Cao,曹永竞,Beijing Guoan,appeared_in_player_stats_table,33',33,false,https://www.ppsports.com/article/news/2538609.html,secondary_public_report:PP Sports match report,M,,sofascore_rendered_player_stats,2026-09-27T05:32:47.277019+00:00,https://www.sofascore.com/football/match/qingdao-west-coast-beijing-guoan/BrbsHPXc#id:15549843
15549843,2026-05-19,Chinese Super League,2443057,Deng Jiefu,邓捷夫,Beijing Guoan,appeared_in_player_stats_table,1',1,false,https://www.ppsports.com/article/news/2538609.html,secondary_public_report:PP Sports match report,D,,sofascore_rendered_player_stats,2026-09-27T05:32:47.277019+00:00,https://www.sofascore.com/football/match/qingdao-west-coast-beijing-guoan/BrbsHPXc#id:15549843
15549855,2026-05-23,Chinese Super League,231992,Zhang Xizhe,张稀哲,Beijing Guoan,appeared_in_player_stats_table,73',73,true,https://news.zhibo8.com/zuqiu/2026-05-23/6a1154355dcd0native.htm,secondary_public_report:Zhibo8 matchday lineup report,M,,sofascore_rendered_player_stats,2026-09-27T05:32:39.298848+00:00,https://www.sofascore.com/football/match/henan-fc-jiuzu-dukang-beijing-guoan/BrbsRTn#id:15549855
15549855,2026-05-23,Chinese Super League,967088,Tze-Nam Yue,茹子楠,Beijing Guoan,appeared_in_player_stats_table,77',77,true,https://news.zhibo8.com/zuqiu/2026-05-23/6a1154355dcd0native.htm,secondary_public_report:Zhibo8 matchday lineup report,M,,sofascore_rendered_player_stats,2026-09-27T05:32:39.298848+00:00,https://www.sofascore.com/football/match/henan-fc-jiuzu-dukang-beijing-guoan/BrbsRTn#id:15549855
15549855,2026-05-23,Chinese Super League,979120,Aboubacar Konte,孔特,Beijing Guoan,appeared_in_player_stats_table,90',90,true,https://news.zhibo8.com/zuqiu/2026-05-23/6a1154355dcd0native.htm,secondary_public_report:Zhibo8 matchday lineup report,M,,sofascore_rendered_player_stats,2026-09-27T05:32:39.298848+00:00,https://www.sofascore.com/football/match/henan-fc-jiuzu-dukang-beijing-guoan/BrbsRTn#id:15549855
15549855,2026-05-23,Chinese Super League,926823,Dawhan,达万,Beijing Guoan,appeared_in_player_stats_table,90',90,true,https://news.zhibo8.com/zuqiu/2026-05-23/6a1154355dcd0native.htm,secondary_public_report:Zhibo8 matchday lineup report,M,,sofascore_rendered_player_stats,2026-09-27T05:32:39.298848+00:00,https://www.sofascore.com/football/match/henan-fc-jiuzu-dukang-beijing-guoan/BrbsRTn#id:15549855
15549855,2026-05-23,Chinese Super League,843735,Sai Erjini'ao,塞尔吉尼奥,Beijing Guoan,appeared_in_player_stats_table,90',90,true,https://news.zhibo8.com/zuqiu/2026-05-23/6a1154355dcd0native.htm,secondary_public_report:Zhibo8 matchday lineup report,F,,sofascore_rendered_player_stats,2026-09-27T05:32:39.298848+00:00,https://www.sofascore.com/football/match/henan-fc-jiuzu-dukang-beijing-guoan/BrbsRTn#id:15549855
15549855,2026-05-23,Chinese Super League,827192,Guilherme Ramos,拉莫斯,Beijing Guoan,appeared_in_player_stats_table,90',90,true,https://news.zhibo8.com/zuqiu/2026-05-23/6a1154355dcd0native.htm,secondary_public_report:Zhibo8 matchday lineup report,D,,sofascore_rendered_player_stats,2026-09-27T05:32:39.298848+00:00,https://www.sofascore.com/football/match/henan-fc-jiuzu-dukang-beijing-guoan/BrbsRTn#id:15549855
15549855,2026-05-23,Chinese Super League,791491,Li Lei,李磊,Beijing Guoan,appeared_in_player_stats_table,17',17,false,https://news.zhibo8.com/zuqiu/2026-05-23/6a1154355dcd0native.htm,secondary_public_report:Zhibo8 matchday lineup report,D,,sofascore_rendered_player_stats,2026-09-27T05:32:39.298848+00:00,https://www.sofascore.com/football/match/henan-fc-jiuzu-dukang-beijing-guoan/BrbsRTn#id:15549855
15549855,2026-05-23,Chinese Super League,1113798,Yang Bai,柏杨,Beijing Guoan,appeared_in_player_stats_table,84',84,true,https://news.zhibo8.com/zuqiu/2026-05-23/6a1154355dcd0native.htm,secondary_public_report:Zhibo8 matchday lineup report,D,,sofascore_rendered_player_stats,2026-09-27T05:32:39.298848+00:00,https://www.sofascore.com/football/match/henan-fc-jiuzu-dukang-beijing-guoan/BrbsRTn#id:15549855
15549855,2026-05-23,Chinese Super League,900549,Lin Liangming,林良铭,Beijing Guoan,appeared_in_player_stats_table,17',17,false,https://news.zhibo8.com/zuqiu/2026-05-23/6a1154355dcd0native.htm,secondary_public_report:Zhibo8 matchday lineup report,F,,sofascore_rendered_player_stats,2026-09-27T05:32:39.298848+00:00,https://www.sofascore.com/football/match/henan-fc-jiuzu-dukang-beijing-guoan/BrbsRTn#id:15549855
15549855,2026-05-23,Chinese Super League,77758,Gang Wang,王刚,Beijing Guoan,appeared_in_player_stats_table,90',90,true,https://news.zhibo8.com/zuqiu/2026-05-23/6a1154355dcd0native.htm,secondary_public_report:Zhibo8 matchday lineup report,D,,sofascore_rendered_player_stats,2026-09-27T05:32:39.298848+00:00,https://www.sofascore.com/football/match/henan-fc-jiuzu-dukang-beijing-guoan/BrbsRTn#id:15549855
15549855,2026-05-23,Chinese Super League,793878,Hou Sen,侯森,Beijing Guoan,appeared_in_player_stats_table,90',90,true,https://news.zhibo8.com/zuqiu/2026-05-23/6a1154355dcd0native.htm,secondary_public_report:Zhibo8 matchday lineup report,G,,sofascore_rendered_player_stats,2026-09-27T05:32:39.298848+00:00,https://www.sofascore.com/football/match/henan-fc-jiuzu-dukang-beijing-guoan/BrbsRTn#id:15549855
15549855,2026-05-23,Chinese Super League,343673,Fabio Abreu,法比奥,Beijing Guoan,appeared_in_player_stats_table,90',90,true,https://news.zhibo8.com/zuqiu/2026-05-23/6a1154355dcd0native.htm,secondary_public_report:Zhibo8 matchday lineup report,F,,sofascore_rendered_player_stats,2026-09-27T05:32:39.298848+00:00,https://www.sofascore.com/football/match/henan-fc-jiuzu-dukang-beijing-guoan/BrbsRTn#id:15549855
15549855,2026-05-23,Chinese Super League,817886,Yongjing Cao,曹永竞,Beijing Guoan,appeared_in_player_stats_table,13',13,false,https://news.zhibo8.com/zuqiu/2026-05-23/6a1154355dcd0native.htm,secondary_public_report:Zhibo8 matchday lineup report,M,,sofascore_rendered_player_stats,2026-09-27T05:32:39.298848+00:00,https://www.sofascore.com/football/match/henan-fc-jiuzu-dukang-beijing-guoan/BrbsRTn#id:15549855
15549855,2026-05-23,Chinese Super League,828227,Zhang Yuning,张玉宁,Beijing Guoan,appeared_in_player_stats_table,77',77,true,https://news.zhibo8.com/zuqiu/2026-05-23/6a1154355dcd0native.htm,secondary_public_report:Zhibo8 matchday lineup report,F,,sofascore_rendered_player_stats,2026-09-27T05:32:39.298848+00:00,https://www.sofascore.com/football/match/henan-fc-jiuzu-dukang-beijing-guoan/BrbsRTn#id:15549855
15549855,2026-05-23,Chinese Super League,920987,Abdugheni Abduhamit,阿不都海米提,Beijing Guoan,appeared_in_player_stats_table,13',13,false,https://news.zhibo8.com/zuqiu/2026-05-23/6a1154355dcd0native.htm,secondary_public_report:Zhibo8 matchday lineup report,D,,sofascore_rendered_player_stats,2026-09-27T05:32:39.298848+00:00,https://www.sofascore.com/football/match/henan-fc-jiuzu-dukang-beijing-guoan/BrbsRTn#id:15549855
15552547,2026-05-30,Chinese Super League,843735,Sai Erjini'ao,塞尔吉尼奥,Beijing Guoan,appeared_in_player_stats_table,90',90,true,https://www.transfermarkt.co.uk/spielbericht/index/spielbericht/4827804,third_party_database_lineup_user_reviewed:Transfermarkt,M,,sofascore_rendered_player_stats,2026-09-27T05:32:31.567856+00:00,https://www.sofascore.com/football/match/chongqing-tonglianglong-fc-beijing-guoan/BrbsOZOd#id:15552547
15552547,2026-05-30,Chinese Super League,343673,Fabio Abreu,法比奥,Beijing Guoan,appeared_in_player_stats_table,90',90,true,https://www.transfermarkt.co.uk/spielbericht/index/spielbericht/4827804,third_party_database_lineup_user_reviewed:Transfermarkt,F,,sofascore_rendered_player_stats,2026-09-27T05:32:31.567856+00:00,https://www.sofascore.com/football/match/chongqing-tonglianglong-fc-beijing-guoan/BrbsOZOd#id:15552547
15552547,2026-05-30,Chinese Super League,827192,Guilherme Ramos,拉莫斯,Beijing Guoan,appeared_in_player_stats_table,90',90,true,https://www.transfermarkt.co.uk/spielbericht/index/spielbericht/4827804,third_party_database_lineup_user_reviewed:Transfermarkt,D,,sofascore_rendered_player_stats,2026-09-27T05:32:31.567856+00:00,https://www.sofascore.com/football/match/chongqing-tonglianglong-fc-beijing-guoan/BrbsOZOd#id:15552547
15552547,2026-05-30,Chinese Super League,979120,Aboubacar Konte,孔特,Beijing Guoan,appeared_in_player_stats_table,90',90,true,https://www.transfermarkt.co.uk/spielbericht/index/spielbericht/4827804,third_party_database_lineup_user_reviewed:Transfermarkt,M,,sofascore_rendered_player_stats,2026-09-27T05:32:31.567856+00:00,https://www.sofascore.com/football/match/chongqing-tonglianglong-fc-beijing-guoan/BrbsOZOd#id:15552547
15552547,2026-05-30,Chinese Super League,231992,Zhang Xizhe,张稀哲,Beijing Guoan,appeared_in_player_stats_table,89',89,true,https://www.transfermarkt.co.uk/spielbericht/index/spielbericht/4827804,third_party_database_lineup_user_reviewed:Transfermarkt,M,,sofascore_rendered_player_stats,2026-09-27T05:32:31.567856+00:00,https://www.sofascore.com/football/match/chongqing-tonglianglong-fc-beijing-guoan/BrbsOZOd#id:15552547
15552547,2026-05-30,Chinese Super League,791491,Li Lei,李磊,Beijing Guoan,appeared_in_player_stats_table,8',8,false,https://www.transfermarkt.co.uk/spielbericht/index/spielbericht/4827804,third_party_database_lineup_user_reviewed:Transfermarkt,D,,sofascore_rendered_player_stats,2026-09-27T05:32:31.567856+00:00,https://www.sofascore.com/football/match/chongqing-tonglianglong-fc-beijing-guoan/BrbsOZOd#id:15552547
15552547,2026-05-30,Chinese Super League,797459,Chi Zhongguo,池忠国,Beijing Guoan,appeared_in_player_stats_table,8',8,false,https://www.transfermarkt.co.uk/spielbericht/index/spielbericht/4827804,third_party_database_lineup_user_reviewed:Transfermarkt,M,,sofascore_rendered_player_stats,2026-09-27T05:32:31.567856+00:00,https://www.sofascore.com/football/match/chongqing-tonglianglong-fc-beijing-guoan/BrbsOZOd#id:15552547
15552547,2026-05-30,Chinese Super League,926823,Dawhan,达万,Beijing Guoan,appeared_in_player_stats_table,90',90,true,https://www.transfermarkt.co.uk/spielbericht/index/spielbericht/4827804,third_party_database_lineup_user_reviewed:Transfermarkt,M,,sofascore_rendered_player_stats,2026-09-27T05:32:31.567856+00:00,https://www.sofascore.com/football/match/chongqing-tonglianglong-fc-beijing-guoan/BrbsOZOd#id:15552547
15552547,2026-05-30,Chinese Super League,900549,Lin Liangming,林良铭,Beijing Guoan,appeared_in_player_stats_table,8',8,false,https://www.transfermarkt.co.uk/spielbericht/index/spielbericht/4827804,third_party_database_lineup_user_reviewed:Transfermarkt,F,,sofascore_rendered_player_stats,2026-09-27T05:32:31.567856+00:00,https://www.sofascore.com/football/match/chongqing-tonglianglong-fc-beijing-guoan/BrbsOZOd#id:15552547
15552547,2026-05-30,Chinese Super League,77758,Gang Wang,王刚,Beijing Guoan,appeared_in_player_stats_table,90',90,true,https://www.transfermarkt.co.uk/spielbericht/index/spielbericht/4827804,third_party_database_lineup_user_reviewed:Transfermarkt,D,,sofascore_rendered_player_stats,2026-09-27T05:32:31.567856+00:00,https://www.sofascore.com/football/match/chongqing-tonglianglong-fc-beijing-guoan/BrbsOZOd#id:15552547
15552547,2026-05-30,Chinese Super League,793878,Hou Sen,侯森,Beijing Guoan,appeared_in_player_stats_table,90',90,true,https://www.transfermarkt.co.uk/spielbericht/index/spielbericht/4827804,third_party_database_lineup_user_reviewed:Transfermarkt,G,,sofascore_rendered_player_stats,2026-09-27T05:32:31.567856+00:00,https://www.sofascore.com/football/match/chongqing-tonglianglong-fc-beijing-guoan/BrbsOZOd#id:15552547
15552547,2026-05-30,Chinese Super League,828227,Zhang Yuning,张玉宁,Beijing Guoan,appeared_in_player_stats_table,89',89,true,https://www.transfermarkt.co.uk/spielbericht/index/spielbericht/4827804,third_party_database_lineup_user_reviewed:Transfermarkt,F,,sofascore_rendered_player_stats,2026-09-27T05:32:31.567856+00:00,https://www.sofascore.com/football/match/chongqing-tonglianglong-fc-beijing-guoan/BrbsOZOd#id:15552547
15552547,2026-05-30,Chinese Super League,1113798,Yang Bai,柏杨,Beijing Guoan,appeared_in_player_stats_table,82',82,true,https://www.transfermarkt.co.uk/spielbericht/index/spielbericht/4827804,third_party_database_lineup_user_reviewed:Transfermarkt,D,,sofascore_rendered_player_stats,2026-09-27T05:32:31.567856+00:00,https://www.sofascore.com/football/match/chongqing-tonglianglong-fc-beijing-guoan/BrbsOZOd#id:15552547
15552547,2026-05-30,Chinese Super League,967088,Tze-Nam Yue,茹子楠,Beijing Guoan,appeared_in_player_stats_table,82',82,true,https://www.transfermarkt.co.uk/spielbericht/index/spielbericht/4827804,third_party_database_lineup_user_reviewed:Transfermarkt,D,,sofascore_rendered_player_stats,2026-09-27T05:32:31.567856+00:00,https://www.sofascore.com/football/match/chongqing-tonglianglong-fc-beijing-guoan/BrbsOZOd#id:15552547
15552547,2026-05-30,Chinese Super League,817886,Yongjing Cao,曹永竞,Beijing Guoan,appeared_in_player_stats_table,1',1,false,https://www.transfermarkt.co.uk/spielbericht/index/spielbericht/4827804,third_party_database_lineup_user_reviewed:Transfermarkt,M,,sofascore_rendered_player_stats,2026-09-27T05:32:31.567856+00:00,https://www.sofascore.com/football/match/chongqing-tonglianglong-fc-beijing-guoan/BrbsOZOd#id:15552547
15552561,2026-06-27,Chinese Super League,827192,Guilherme Ramos,拉莫斯,Beijing Guoan,appeared_in_player_stats_table,90',90,true,https://www.ppsports.com/article/news/2564119.html,secondary_public_report:PP Sports match report,D,,sofascore_rendered_player_stats,2026-09-27T05:32:22.547516+00:00,https://www.sofascore.com/football/match/wuhan-three-towns-beijing-guoan/Brbscdtc#id:15552561
15552561,2026-06-27,Chinese Super League,926823,Dawhan,达万,Beijing Guoan,appeared_in_player_stats_table,90',90,true,https://www.ppsports.com/article/news/2564119.html,secondary_public_report:PP Sports match report,M,,sofascore_rendered_player_stats,2026-09-27T05:32:22.547516+00:00,https://www.sofascore.com/football/match/wuhan-three-towns-beijing-guoan/Brbscdtc#id:15552561
15552561,2026-06-27,Chinese Super League,843735,Sai Erjini'ao,塞尔吉尼奥,Beijing Guoan,appeared_in_player_stats_table,80',80,false,https://www.ppsports.com/article/news/2564119.html,secondary_public_report:PP Sports match report,M,,sofascore_rendered_player_stats,2026-09-27T05:32:22.547516+00:00,https://www.sofascore.com/football/match/wuhan-three-towns-beijing-guoan/Brbscdtc#id:15552561
15552561,2026-06-27,Chinese Super League,979120,Aboubacar Konte,孔特,Beijing Guoan,appeared_in_player_stats_table,90',90,true,https://www.ppsports.com/article/news/2564119.html,secondary_public_report:PP Sports match report,M,,sofascore_rendered_player_stats,2026-09-27T05:32:22.547516+00:00,https://www.sofascore.com/football/match/wuhan-three-towns-beijing-guoan/Brbscdtc#id:15552561
15552561,2026-06-27,Chinese Super League,1113798,Yang Bai,柏杨,Beijing Guoan,appeared_in_player_stats_table,90',90,true,https://www.ppsports.com/article/news/2564119.html,secondary_public_report:PP Sports match report,D,,sofascore_rendered_player_stats,2026-09-27T05:32:22.547516+00:00,https://www.sofascore.com/football/match/wuhan-three-towns-beijing-guoan/Brbscdtc#id:15552561
15552561,2026-06-27,Chinese Super League,77758,Gang Wang,王刚,Beijing Guoan,appeared_in_player_stats_table,75',75,true,https://www.ppsports.com/article/news/2564119.html,secondary_public_report:PP Sports match report,D,,sofascore_rendered_player_stats,2026-09-27T05:32:22.547516+00:00,https://www.sofascore.com/football/match/wuhan-three-towns-beijing-guoan/Brbscdtc#id:15552561
15552561,2026-06-27,Chinese Super League,977985,Yupeng He,何宇鹏,Beijing Guoan,appeared_in_player_stats_table,29',29,false,https://www.ppsports.com/article/news/2564119.html,secondary_public_report:PP Sports match report,D,,sofascore_rendered_player_stats,2026-09-27T05:32:22.547516+00:00,https://www.sofascore.com/football/match/wuhan-three-towns-beijing-guoan/Brbscdtc#id:15552561
15552561,2026-06-27,Chinese Super League,793878,Hou Sen,侯森,Beijing Guoan,appeared_in_player_stats_table,90',90,true,https://www.ppsports.com/article/news/2564119.html,secondary_public_report:PP Sports match report,G,,sofascore_rendered_player_stats,2026-09-27T05:32:22.547516+00:00,https://www.sofascore.com/football/match/wuhan-three-towns-beijing-guoan/Brbscdtc#id:15552561
15552561,2026-06-27,Chinese Super League,343673,Fabio Abreu,法比奥,Beijing Guoan,appeared_in_player_stats_table,90',90,true,https://www.ppsports.com/article/news/2564119.html,secondary_public_report:PP Sports match report,F,,sofascore_rendered_player_stats,2026-09-27T05:32:22.547516+00:00,https://www.sofascore.com/football/match/wuhan-three-towns-beijing-guoan/Brbscdtc#id:15552561
15552561,2026-06-27,Chinese Super League,967088,Tze-Nam Yue,茹子楠,Beijing Guoan,appeared_in_player_stats_table,61',61,true,https://www.ppsports.com/article/news/2564119.html,secondary_public_report:PP Sports match report,D,,sofascore_rendered_player_stats,2026-09-27T05:32:22.547516+00:00,https://www.sofascore.com/football/match/wuhan-three-towns-beijing-guoan/Brbscdtc#id:15552561
15552561,2026-06-27,Chinese Super League,837300,Béni Nkololo,恩科洛洛,Beijing Guoan,appeared_in_player_stats_table,29',29,false,https://www.ppsports.com/article/news/2564119.html,secondary_public_report:PP Sports match report,F,,sofascore_rendered_player_stats,2026-09-27T05:32:22.547516+00:00,https://www.sofascore.com/football/match/wuhan-three-towns-beijing-guoan/Brbscdtc#id:15552561
15552561,2026-06-27,Chinese Super League,2443057,Deng Jiefu,邓捷夫,Beijing Guoan,appeared_in_player_stats_table,15',15,false,https://www.ppsports.com/article/news/2564119.html,secondary_public_report:PP Sports match report,D,,sofascore_rendered_player_stats,2026-09-27T05:32:22.547516+00:00,https://www.sofascore.com/football/match/wuhan-three-towns-beijing-guoan/Brbscdtc#id:15552561
15552561,2026-06-27,Chinese Super League,231992,Zhang Xizhe,张稀哲,Beijing Guoan,appeared_in_player_stats_table,10',10,true,https://www.ppsports.com/article/news/2564119.html,secondary_public_report:PP Sports match report,M,,sofascore_rendered_player_stats,2026-09-27T05:32:22.547516+00:00,https://www.sofascore.com/football/match/wuhan-three-towns-beijing-guoan/Brbscdtc#id:15552561
15552561,2026-06-27,Chinese Super League,828227,Zhang Yuning,张玉宁,Beijing Guoan,appeared_in_player_stats_table,90',90,true,https://www.ppsports.com/article/news/2564119.html,secondary_public_report:PP Sports match report,F,,sofascore_rendered_player_stats,2026-09-27T05:32:22.547516+00:00,https://www.sofascore.com/football/match/wuhan-three-towns-beijing-guoan/Brbscdtc#id:15552561
15552561,2026-06-27,Chinese Super League,900549,Lin Liangming,林良铭,Beijing Guoan,appeared_in_player_stats_table,61',61,true,https://www.ppsports.com/article/news/2564119.html,secondary_public_report:PP Sports match report,M,,sofascore_rendered_player_stats,2026-09-27T05:32:22.547516+00:00,https://www.sofascore.com/football/match/wuhan-three-towns-beijing-guoan/Brbscdtc#id:15552561
15552563,2026-07-04,Chinese Super League,900549,Lin Liangming,林良铭,Beijing Guoan,appeared_in_player_stats_table,90',90,true,https://www.transfermarkt.com/spielbericht/index/spielbericht/4827828,third_party_database_lineup_user_reviewed:Transfermarkt,M,,sofascore_rendered_player_stats,2026-09-27T05:32:14.735222+00:00,https://www.sofascore.com/football/match/beijing-guoan-shandong-taishan/wrbsBrb#id:15552563
15552563,2026-07-04,Chinese Super League,979120,Aboubacar Konte,孔特,Beijing Guoan,appeared_in_player_stats_table,90',90,true,https://www.transfermarkt.com/spielbericht/index/spielbericht/4827828,third_party_database_lineup_user_reviewed:Transfermarkt,M,,sofascore_rendered_player_stats,2026-09-27T05:32:14.735222+00:00,https://www.sofascore.com/football/match/beijing-guoan-shandong-taishan/wrbsBrb#id:15552563
15552563,2026-07-04,Chinese Super League,843735,Sai Erjini'ao,塞尔吉尼奥,Beijing Guoan,appeared_in_player_stats_table,90',90,true,https://www.transfermarkt.com/spielbericht/index/spielbericht/4827828,third_party_database_lineup_user_reviewed:Transfermarkt,M,,sofascore_rendered_player_stats,2026-09-27T05:32:14.735222+00:00,https://www.sofascore.com/football/match/beijing-guoan-shandong-taishan/wrbsBrb#id:15552563
15552563,2026-07-04,Chinese Super League,926823,Dawhan,达万,Beijing Guoan,appeared_in_player_stats_table,90',90,true,https://www.transfermarkt.com/spielbericht/index/spielbericht/4827828,third_party_database_lineup_user_reviewed:Transfermarkt,D,,sofascore_rendered_player_stats,2026-09-27T05:32:14.735222+00:00,https://www.sofascore.com/football/match/beijing-guoan-shandong-taishan/wrbsBrb#id:15552563
15552563,2026-07-04,Chinese Super League,1113798,Yang Bai,柏杨,Beijing Guoan,appeared_in_player_stats_table,85',85,true,https://www.transfermarkt.com/spielbericht/index/spielbericht/4827828,third_party_database_lineup_user_reviewed:Transfermarkt,D,,sofascore_rendered_player_stats,2026-09-27T05:32:14.735222+00:00,https://www.sofascore.com/football/match/beijing-guoan-shandong-taishan/wrbsBrb#id:15552563
15552563,2026-07-04,Chinese Super League,817886,Yongjing Cao,曹永竞,Beijing Guoan,appeared_in_player_stats_table,32',32,false,https://www.transfermarkt.com/spielbericht/index/spielbericht/4827828,third_party_database_lineup_user_reviewed:Transfermarkt,M,,sofascore_rendered_player_stats,2026-09-27T05:32:14.735222+00:00,https://www.sofascore.com/football/match/beijing-guoan-shandong-taishan/wrbsBrb#id:15552563
15552563,2026-07-04,Chinese Super League,793878,Hou Sen,侯森,Beijing Guoan,appeared_in_player_stats_table,90',90,true,https://www.transfermarkt.com/spielbericht/index/spielbericht/4827828,third_party_database_lineup_user_reviewed:Transfermarkt,G,,sofascore_rendered_player_stats,2026-09-27T05:32:14.735222+00:00,https://www.sofascore.com/football/match/beijing-guoan-shandong-taishan/wrbsBrb#id:15552563
15552563,2026-07-04,Chinese Super League,967088,Tze-Nam Yue,茹子楠,Beijing Guoan,appeared_in_player_stats_table,45',45,false,https://www.transfermarkt.com/spielbericht/index/spielbericht/4827828,third_party_database_lineup_user_reviewed:Transfermarkt,D,,sofascore_rendered_player_stats,2026-09-27T05:32:14.735222+00:00,https://www.sofascore.com/football/match/beijing-guoan-shandong-taishan/wrbsBrb#id:15552563
15552563,2026-07-04,Chinese Super League,343673,Fabio Abreu,法比奥,Beijing Guoan,appeared_in_player_stats_table,86',86,true,https://www.transfermarkt.com/spielbericht/index/spielbericht/4827828,third_party_database_lineup_user_reviewed:Transfermarkt,F,,sofascore_rendered_player_stats,2026-09-27T05:32:14.735222+00:00,https://www.sofascore.com/football/match/beijing-guoan-shandong-taishan/wrbsBrb#id:15552563
15552563,2026-07-04,Chinese Super League,837300,Béni Nkololo,恩科洛洛,Beijing Guoan,appeared_in_player_stats_table,58',58,true,https://www.transfermarkt.com/spielbericht/index/spielbericht/4827828,third_party_database_lineup_user_reviewed:Transfermarkt,M,,sofascore_rendered_player_stats,2026-09-27T05:32:14.735222+00:00,https://www.sofascore.com/football/match/beijing-guoan-shandong-taishan/wrbsBrb#id:15552563
15552563,2026-07-04,Chinese Super League,827192,Guilherme Ramos,拉莫斯,Beijing Guoan,appeared_in_player_stats_table,90',90,true,https://www.transfermarkt.com/spielbericht/index/spielbericht/4827828,third_party_database_lineup_user_reviewed:Transfermarkt,D,,sofascore_rendered_player_stats,2026-09-27T05:32:14.735222+00:00,https://www.sofascore.com/football/match/beijing-guoan-shandong-taishan/wrbsBrb#id:15552563
15552563,2026-07-04,Chinese Super League,977985,Yupeng He,何宇鹏,Beijing Guoan,appeared_in_player_stats_table,45',45,true,https://www.transfermarkt.com/spielbericht/index/spielbericht/4827828,third_party_database_lineup_user_reviewed:Transfermarkt,D,,sofascore_rendered_player_stats,2026-09-27T05:32:14.735222+00:00,https://www.sofascore.com/football/match/beijing-guoan-shandong-taishan/wrbsBrb#id:15552563
15552563,2026-07-04,Chinese Super League,872209,Yang Liyu,杨立瑜,Beijing Guoan,appeared_in_player_stats_table,29',29,false,https://www.transfermarkt.com/spielbericht/index/spielbericht/4827828,third_party_database_lineup_user_reviewed:Transfermarkt,F,,sofascore_rendered_player_stats,2026-09-27T05:32:14.735222+00:00,https://www.sofascore.com/football/match/beijing-guoan-shandong-taishan/wrbsBrb#id:15552563
15552563,2026-07-04,Chinese Super League,2443057,Deng Jiefu,邓捷夫,Beijing Guoan,appeared_in_player_stats_table,10',10,false,https://www.transfermarkt.com/spielbericht/index/spielbericht/4827828,third_party_database_lineup_user_reviewed:Transfermarkt,D,,sofascore_rendered_player_stats,2026-09-27T05:32:14.735222+00:00,https://www.sofascore.com/football/match/beijing-guoan-shandong-taishan/wrbsBrb#id:15552563
15552563,2026-07-04,Chinese Super League,797459,Chi Zhongguo,池忠国,Beijing Guoan,appeared_in_player_stats_table,9',9,false,https://www.transfermarkt.com/spielbericht/index/spielbericht/4827828,third_party_database_lineup_user_reviewed:Transfermarkt,M,,sofascore_rendered_player_stats,2026-09-27T05:32:14.735222+00:00,https://www.sofascore.com/football/match/beijing-guoan-shandong-taishan/wrbsBrb#id:15552563
15552563,2026-07-04,Chinese Super League,828227,Zhang Yuning,张玉宁,Beijing Guoan,appeared_in_player_stats_table,61',61,true,https://www.transfermarkt.com/spielbericht/index/spielbericht/4827828,third_party_database_lineup_user_reviewed:Transfermarkt,F,,sofascore_rendered_player_stats,2026-09-27T05:32:14.735222+00:00,https://www.sofascore.com/football/match/beijing-guoan-shandong-taishan/wrbsBrb#id:15552563
15552576,2026-07-17,Chinese Super League,843735,Sai Erjini'ao,塞尔吉尼奥,Beijing Guoan,appeared_in_player_stats_table,90',90,true,https://www.cfl-china.cn/zh/content/news/mcHi.html,official_cfl_match_report,M,,sofascore_rendered_player_stats,2026-09-27T05:32:05.450534+00:00,https://www.sofascore.com/football/match/liaoning-tieren-fc-beijing-guoan/BrbsPzNb#id:15552576
15552576,2026-07-17,Chinese Super League,979120,Aboubacar Konte,孔特,Beijing Guoan,appeared_in_player_stats_table,90',90,true,https://www.cfl-china.cn/zh/content/news/mcHi.html,official_cfl_match_report,M,,sofascore_rendered_player_stats,2026-09-27T05:32:05.450534+00:00,https://www.sofascore.com/football/match/liaoning-tieren-fc-beijing-guoan/BrbsPzNb#id:15552576
15552576,2026-07-17,Chinese Super League,1886700,Shuangjie Fan,范双杰,Beijing Guoan,appeared_in_player_stats_table,27',27,false,https://www.cfl-china.cn/zh/content/news/mcHi.html,official_cfl_match_report,D,,sofascore_rendered_player_stats,2026-09-27T05:32:05.450534+00:00,https://www.sofascore.com/football/match/liaoning-tieren-fc-beijing-guoan/BrbsPzNb#id:15552576
15552576,2026-07-17,Chinese Super League,900549,Lin Liangming,林良铭,Beijing Guoan,appeared_in_player_stats_table,90',90,true,https://www.cfl-china.cn/zh/content/news/mcHi.html,official_cfl_match_report,M,,sofascore_rendered_player_stats,2026-09-27T05:32:05.450534+00:00,https://www.sofascore.com/football/match/liaoning-tieren-fc-beijing-guoan/BrbsPzNb#id:15552576
15552576,2026-07-17,Chinese Super League,827192,Guilherme Ramos,拉莫斯,Beijing Guoan,appeared_in_player_stats_table,90',90,true,https://www.cfl-china.cn/zh/content/news/mcHi.html,official_cfl_match_report,D,,sofascore_rendered_player_stats,2026-09-27T05:32:05.450534+00:00,https://www.sofascore.com/football/match/liaoning-tieren-fc-beijing-guoan/BrbsPzNb#id:15552576
15552576,2026-07-17,Chinese Super League,817886,Yongjing Cao,曹永竞,Beijing Guoan,appeared_in_player_stats_table,27',27,false,https://www.cfl-china.cn/zh/content/news/mcHi.html,official_cfl_match_report,M,,sofascore_rendered_player_stats,2026-09-27T05:32:05.450534+00:00,https://www.sofascore.com/football/match/liaoning-tieren-fc-beijing-guoan/BrbsPzNb#id:15552576
15552576,2026-07-17,Chinese Super League,837300,Béni Nkololo,恩科洛洛,Beijing Guoan,appeared_in_player_stats_table,63',63,true,https://www.cfl-china.cn/zh/content/news/mcHi.html,official_cfl_match_report,M,,sofascore_rendered_player_stats,2026-09-27T05:32:05.450534+00:00,https://www.sofascore.com/football/match/liaoning-tieren-fc-beijing-guoan/BrbsPzNb#id:15552576
15552576,2026-07-17,Chinese Super League,926823,Dawhan,达万,Beijing Guoan,appeared_in_player_stats_table,90',90,true,https://www.cfl-china.cn/zh/content/news/mcHi.html,official_cfl_match_report,D,,sofascore_rendered_player_stats,2026-09-27T05:32:05.450534+00:00,https://www.sofascore.com/football/match/liaoning-tieren-fc-beijing-guoan/BrbsPzNb#id:15552576
15552576,2026-07-17,Chinese Super League,343673,Fabio Abreu,法比奥,Beijing Guoan,appeared_in_player_stats_table,90',90,true,https://www.cfl-china.cn/zh/content/news/mcHi.html,official_cfl_match_report,F,,sofascore_rendered_player_stats,2026-09-27T05:32:05.450534+00:00,https://www.sofascore.com/football/match/liaoning-tieren-fc-beijing-guoan/BrbsPzNb#id:15552576
15552576,2026-07-17,Chinese Super League,1113798,Yang Bai,柏杨,Beijing Guoan,appeared_in_player_stats_table,90',90,true,https://www.cfl-china.cn/zh/content/news/mcHi.html,official_cfl_match_report,D,,sofascore_rendered_player_stats,2026-09-27T05:32:05.450534+00:00,https://www.sofascore.com/football/match/liaoning-tieren-fc-beijing-guoan/BrbsPzNb#id:15552576
15552576,2026-07-17,Chinese Super League,977985,Yupeng He,何宇鹏,Beijing Guoan,appeared_in_player_stats_table,38',38,true,https://www.cfl-china.cn/zh/content/news/mcHi.html,official_cfl_match_report,M,,sofascore_rendered_player_stats,2026-09-27T05:32:05.450534+00:00,https://www.sofascore.com/football/match/liaoning-tieren-fc-beijing-guoan/BrbsPzNb#id:15552576
15552576,2026-07-17,Chinese Super League,793878,Hou Sen,侯森,Beijing Guoan,appeared_in_player_stats_table,90',90,true,https://www.cfl-china.cn/zh/content/news/mcHi.html,official_cfl_match_report,G,,sofascore_rendered_player_stats,2026-09-27T05:32:05.450534+00:00,https://www.sofascore.com/football/match/liaoning-tieren-fc-beijing-guoan/BrbsPzNb#id:15552576
15552576,2026-07-17,Chinese Super League,920987,Abdugheni Abduhamit,阿不都海米提,Beijing Guoan,appeared_in_player_stats_table,25',25,false,https://www.cfl-china.cn/zh/content/news/mcHi.html,official_cfl_match_report,D,,sofascore_rendered_player_stats,2026-09-27T05:32:05.450534+00:00,https://www.sofascore.com/football/match/liaoning-tieren-fc-beijing-guoan/BrbsPzNb#id:15552576
15552576,2026-07-17,Chinese Super League,872209,Yang Liyu,杨立瑜,Beijing Guoan,appeared_in_player_stats_table,27',27,false,https://www.cfl-china.cn/zh/content/news/mcHi.html,official_cfl_match_report,F,,sofascore_rendered_player_stats,2026-09-27T05:32:05.450534+00:00,https://www.sofascore.com/football/match/liaoning-tieren-fc-beijing-guoan/BrbsPzNb#id:15552576
15552576,2026-07-17,Chinese Super League,828227,Zhang Yuning,张玉宁,Beijing Guoan,appeared_in_player_stats_table,63',63,true,https://www.cfl-china.cn/zh/content/news/mcHi.html,official_cfl_match_report,F,,sofascore_rendered_player_stats,2026-09-27T05:32:05.450534+00:00,https://www.sofascore.com/football/match/liaoning-tieren-fc-beijing-guoan/BrbsPzNb#id:15552576
15552587,2026-07-26,Chinese Super League,828227,Zhang Yuning,张玉宁,Beijing Guoan,appeared_in_player_stats_table,90',90,true,https://www.cfl-china.cn/zh/content/news/GAYO.html,official_cfl_match_report,F,,sofascore_rendered_player_stats,2026-09-27T05:31:56.010996+00:00,https://www.sofascore.com/football/match/chengdu-rongcheng-beijing-guoan/BrbsQzNb#id:15552587
15552587,2026-07-26,Chinese Super League,979120,Aboubacar Konte,孔特,Beijing Guoan,appeared_in_player_stats_table,90',90,true,https://www.cfl-china.cn/zh/content/news/GAYO.html,official_cfl_match_report,M,,sofascore_rendered_player_stats,2026-09-27T05:31:56.010996+00:00,https://www.sofascore.com/football/match/chengdu-rongcheng-beijing-guoan/BrbsQzNb#id:15552587
15552587,2026-07-26,Chinese Super League,111752,Uroš Spajić,斯帕伊奇,Beijing Guoan,appeared_in_player_stats_table,45',45,true,https://www.cfl-china.cn/zh/content/news/GAYO.html,official_cfl_match_report,D,,sofascore_rendered_player_stats,2026-09-27T05:31:56.010996+00:00,https://www.sofascore.com/football/match/chengdu-rongcheng-beijing-guoan/BrbsQzNb#id:15552587
15552587,2026-07-26,Chinese Super League,793878,Hou Sen,侯森,Beijing Guoan,appeared_in_player_stats_table,90',90,true,https://www.cfl-china.cn/zh/content/news/GAYO.html,official_cfl_match_report,G,,sofascore_rendered_player_stats,2026-09-27T05:31:56.010996+00:00,https://www.sofascore.com/football/match/chengdu-rongcheng-beijing-guoan/BrbsQzNb#id:15552587
15552587,2026-07-26,Chinese Super League,967088,Tze-Nam Yue,茹子楠,Beijing Guoan,appeared_in_player_stats_table,81',81,true,https://www.cfl-china.cn/zh/content/news/GAYO.html,official_cfl_match_report,D,,sofascore_rendered_player_stats,2026-09-27T05:31:56.010996+00:00,https://www.sofascore.com/football/match/chengdu-rongcheng-beijing-guoan/BrbsQzNb#id:15552587
15552587,2026-07-26,Chinese Super League,926823,Dawhan,达万,Beijing Guoan,appeared_in_player_stats_table,90',90,true,https://www.cfl-china.cn/zh/content/news/GAYO.html,official_cfl_match_report,M,,sofascore_rendered_player_stats,2026-09-27T05:31:56.010996+00:00,https://www.sofascore.com/football/match/chengdu-rongcheng-beijing-guoan/BrbsQzNb#id:15552587
15552587,2026-07-26,Chinese Super League,1121219,Feifan Jia,贾非凡,Beijing Guoan,appeared_in_player_stats_table,26',26,false,https://www.cfl-china.cn/zh/content/news/GAYO.html,official_cfl_match_report,M,,sofascore_rendered_player_stats,2026-09-27T05:31:56.010996+00:00,https://www.sofascore.com/football/match/chengdu-rongcheng-beijing-guoan/BrbsQzNb#id:15552587
15552587,2026-07-26,Chinese Super League,343673,Fabio Abreu,法比奥,Beijing Guoan,appeared_in_player_stats_table,90',90,true,https://www.cfl-china.cn/zh/content/news/GAYO.html,official_cfl_match_report,F,,sofascore_rendered_player_stats,2026-09-27T05:31:56.010996+00:00,https://www.sofascore.com/football/match/chengdu-rongcheng-beijing-guoan/BrbsQzNb#id:15552587
15552587,2026-07-26,Chinese Super League,2443057,Deng Jiefu,邓捷夫,Beijing Guoan,appeared_in_player_stats_table,45',45,true,https://www.cfl-china.cn/zh/content/news/GAYO.html,official_cfl_match_report,M,,sofascore_rendered_player_stats,2026-09-27T05:31:56.010996+00:00,https://www.sofascore.com/football/match/chengdu-rongcheng-beijing-guoan/BrbsQzNb#id:15552587
15552587,2026-07-26,Chinese Super League,1130184,Wang Yu,王禹,Beijing Guoan,appeared_in_player_stats_table,23',23,false,https://www.cfl-china.cn/zh/content/news/GAYO.html,official_cfl_match_report,M,,sofascore_rendered_player_stats,2026-09-27T05:31:56.010996+00:00,https://www.sofascore.com/football/match/chengdu-rongcheng-beijing-guoan/BrbsQzNb#id:15552587
15552587,2026-07-26,Chinese Super League,797459,Chi Zhongguo,池忠国,Beijing Guoan,appeared_in_player_stats_table,22',22,false,https://www.cfl-china.cn/zh/content/news/GAYO.html,official_cfl_match_report,M,,sofascore_rendered_player_stats,2026-09-27T05:31:56.010996+00:00,https://www.sofascore.com/football/match/chengdu-rongcheng-beijing-guoan/BrbsQzNb#id:15552587
15552587,2026-07-26,Chinese Super League,827192,Guilherme Ramos,拉莫斯,Beijing Guoan,appeared_in_player_stats_table,90',90,true,https://www.cfl-china.cn/zh/content/news/GAYO.html,official_cfl_match_report,D,,sofascore_rendered_player_stats,2026-09-27T05:31:56.010996+00:00,https://www.sofascore.com/football/match/chengdu-rongcheng-beijing-guoan/BrbsQzNb#id:15552587
15552587,2026-07-26,Chinese Super League,817886,Yongjing Cao,曹永竞,Beijing Guoan,appeared_in_player_stats_table,45',45,false,https://www.cfl-china.cn/zh/content/news/GAYO.html,official_cfl_match_report,M,,sofascore_rendered_player_stats,2026-09-27T05:31:56.010996+00:00,https://www.sofascore.com/football/match/chengdu-rongcheng-beijing-guoan/BrbsQzNb#id:15552587
15552587,2026-07-26,Chinese Super League,872209,Yang Liyu,杨立瑜,Beijing Guoan,appeared_in_player_stats_table,64',64,true,https://www.cfl-china.cn/zh/content/news/GAYO.html,official_cfl_match_report,M,,sofascore_rendered_player_stats,2026-09-27T05:31:56.010996+00:00,https://www.sofascore.com/football/match/chengdu-rongcheng-beijing-guoan/BrbsQzNb#id:15552587
15552587,2026-07-26,Chinese Super League,1113798,Yang Bai,柏杨,Beijing Guoan,appeared_in_player_stats_table,90',90,true,https://www.cfl-china.cn/zh/content/news/GAYO.html,official_cfl_match_report,D,,sofascore_rendered_player_stats,2026-09-27T05:31:56.010996+00:00,https://www.sofascore.com/football/match/chengdu-rongcheng-beijing-guoan/BrbsQzNb#id:15552587
15552587,2026-07-26,Chinese Super League,1886700,Shuangjie Fan,范双杰,Beijing Guoan,appeared_in_player_stats_table,9',9,false,https://www.cfl-china.cn/zh/content/news/GAYO.html,official_cfl_match_report,D,,sofascore_rendered_player_stats,2026-09-27T05:31:56.010996+00:00,https://www.sofascore.com/football/match/chengdu-rongcheng-beijing-guoan/BrbsQzNb#id:15552587
15552596,2026-08-01,Chinese Super League,231992,Zhang Xizhe,张稀哲,Beijing Guoan,appeared_in_player_stats_table,21',21,false,https://www.cfl-china.cn/zh/content/news/HjEz.html,official_cfl_match_report,M,,sofascore_rendered_player_stats,2026-09-27T05:31:47.300888+00:00,https://www.sofascore.com/football/match/zhejiang-beijing-guoan/BrbsXTn#id:15552596
15552596,2026-08-01,Chinese Super League,111752,Uroš Spajić,斯帕伊奇,Beijing Guoan,appeared_in_player_stats_table,69',69,true,https://www.cfl-china.cn/zh/content/news/HjEz.html,official_cfl_match_report,D,,sofascore_rendered_player_stats,2026-09-27T05:31:47.300888+00:00,https://www.sofascore.com/football/match/zhejiang-beijing-guoan/BrbsXTn#id:15552596
15552596,2026-08-01,Chinese Super League,343673,Fabio Abreu,法比奥,Beijing Guoan,appeared_in_player_stats_table,90',90,true,https://www.cfl-china.cn/zh/content/news/HjEz.html,official_cfl_match_report,F,,sofascore_rendered_player_stats,2026-09-27T05:31:47.300888+00:00,https://www.sofascore.com/football/match/zhejiang-beijing-guoan/BrbsXTn#id:15552596
15552596,2026-08-01,Chinese Super League,843735,Sai Erjini'ao,塞尔吉尼奥,Beijing Guoan,appeared_in_player_stats_table,33',33,false,https://www.cfl-china.cn/zh/content/news/HjEz.html,official_cfl_match_report,M,,sofascore_rendered_player_stats,2026-09-27T05:31:47.300888+00:00,https://www.sofascore.com/football/match/zhejiang-beijing-guoan/BrbsXTn#id:15552596
15552596,2026-08-01,Chinese Super League,920987,Abdugheni Abduhamit,阿不都海米提,Beijing Guoan,appeared_in_player_stats_table,12',12,false,https://www.cfl-china.cn/zh/content/news/HjEz.html,official_cfl_match_report,D,,sofascore_rendered_player_stats,2026-09-27T05:31:47.300888+00:00,https://www.sofascore.com/football/match/zhejiang-beijing-guoan/BrbsXTn#id:15552596
15552596,2026-08-01,Chinese Super League,979120,Aboubacar Konte,孔特,Beijing Guoan,appeared_in_player_stats_table,90',90,true,https://www.cfl-china.cn/zh/content/news/HjEz.html,official_cfl_match_report,M,,sofascore_rendered_player_stats,2026-09-27T05:31:47.300888+00:00,https://www.sofascore.com/football/match/zhejiang-beijing-guoan/BrbsXTn#id:15552596
15552596,2026-08-01,Chinese Super League,1113798,Yang Bai,柏杨,Beijing Guoan,appeared_in_player_stats_table,78',78,true,https://www.cfl-china.cn/zh/content/news/HjEz.html,official_cfl_match_report,D,,sofascore_rendered_player_stats,2026-09-27T05:31:47.300888+00:00,https://www.sofascore.com/football/match/zhejiang-beijing-guoan/BrbsXTn#id:15552596
15552596,2026-08-01,Chinese Super League,926823,Dawhan,达万,Beijing Guoan,appeared_in_player_stats_table,90',90,true,https://www.cfl-china.cn/zh/content/news/HjEz.html,official_cfl_match_report,M,,sofascore_rendered_player_stats,2026-09-27T05:31:47.300888+00:00,https://www.sofascore.com/football/match/zhejiang-beijing-guoan/BrbsXTn#id:15552596
15552596,2026-08-01,Chinese Super League,827192,Guilherme Ramos,拉莫斯,Beijing Guoan,appeared_in_player_stats_table,90',90,true,https://www.cfl-china.cn/zh/content/news/HjEz.html,official_cfl_match_report,D,,sofascore_rendered_player_stats,2026-09-27T05:31:47.300888+00:00,https://www.sofascore.com/football/match/zhejiang-beijing-guoan/BrbsXTn#id:15552596
15552596,2026-08-01,Chinese Super League,2443057,Deng Jiefu,邓捷夫,Beijing Guoan,appeared_in_player_stats_table,12',12,false,https://www.cfl-china.cn/zh/content/news/HjEz.html,official_cfl_match_report,D,,sofascore_rendered_player_stats,2026-09-27T05:31:47.300888+00:00,https://www.sofascore.com/football/match/zhejiang-beijing-guoan/BrbsXTn#id:15552596
15552596,2026-08-01,Chinese Super League,793878,Hou Sen,侯森,Beijing Guoan,appeared_in_player_stats_table,90',90,true,https://www.cfl-china.cn/zh/content/news/HjEz.html,official_cfl_match_report,G,,sofascore_rendered_player_stats,2026-09-27T05:31:47.300888+00:00,https://www.sofascore.com/football/match/zhejiang-beijing-guoan/BrbsXTn#id:15552596
15552596,2026-08-01,Chinese Super League,967088,Tze-Nam Yue,茹子楠,Beijing Guoan,appeared_in_player_stats_table,78',78,true,https://www.cfl-china.cn/zh/content/news/HjEz.html,official_cfl_match_report,D,,sofascore_rendered_player_stats,2026-09-27T05:31:47.300888+00:00,https://www.sofascore.com/football/match/zhejiang-beijing-guoan/BrbsXTn#id:15552596
15552596,2026-08-01,Chinese Super League,1121219,Feifan Jia,贾非凡,Beijing Guoan,appeared_in_player_stats_table,12',12,false,https://www.cfl-china.cn/zh/content/news/HjEz.html,official_cfl_match_report,M,,sofascore_rendered_player_stats,2026-09-27T05:31:47.300888+00:00,https://www.sofascore.com/football/match/zhejiang-beijing-guoan/BrbsXTn#id:15552596
15552596,2026-08-01,Chinese Super League,817886,Yongjing Cao,曹永竞,Beijing Guoan,appeared_in_player_stats_table,78',78,true,https://www.cfl-china.cn/zh/content/news/HjEz.html,official_cfl_match_report,M,,sofascore_rendered_player_stats,2026-09-27T05:31:47.300888+00:00,https://www.sofascore.com/football/match/zhejiang-beijing-guoan/BrbsXTn#id:15552596
15552596,2026-08-01,Chinese Super League,872209,Yang Liyu,杨立瑜,Beijing Guoan,appeared_in_player_stats_table,57',57,true,https://www.cfl-china.cn/zh/content/news/HjEz.html,official_cfl_match_report,M,,sofascore_rendered_player_stats,2026-09-27T05:31:47.300888+00:00,https://www.sofascore.com/football/match/zhejiang-beijing-guoan/BrbsXTn#id:15552596
15552596,2026-08-01,Chinese Super League,828227,Zhang Yuning,张玉宁,Beijing Guoan,appeared_in_player_stats_table,90',90,true,https://www.cfl-china.cn/zh/content/news/HjEz.html,official_cfl_match_report,F,,sofascore_rendered_player_stats,2026-09-27T05:31:47.300888+00:00,https://www.sofascore.com/football/match/zhejiang-beijing-guoan/BrbsXTn#id:15552596
15552600,2026-08-07,Chinese Super League,926823,Dawhan,达万,Beijing Guoan,appeared_in_player_stats_table,90',90,true,https://i.ifeng.com/c/8vOsEt0rsRr,secondary_public_report:Dongqiudi user report mirrored by Phoenix,M,,sofascore_rendered_player_stats,2026-09-27T05:31:39.281748+00:00,https://www.sofascore.com/football/match/shenzhen-peng-city-beijing-guoan/BrbsGBmc#id:15552600
15552600,2026-08-07,Chinese Super League,343673,Fabio Abreu,法比奥,Beijing Guoan,appeared_in_player_stats_table,90',90,true,https://i.ifeng.com/c/8vOsEt0rsRr,secondary_public_report:Dongqiudi user report mirrored by Phoenix,F,,sofascore_rendered_player_stats,2026-09-27T05:31:39.281748+00:00,https://www.sofascore.com/football/match/shenzhen-peng-city-beijing-guoan/BrbsGBmc#id:15552600
15552600,2026-08-07,Chinese Super League,979120,Aboubacar Konte,孔特,Beijing Guoan,appeared_in_player_stats_table,90',90,true,https://i.ifeng.com/c/8vOsEt0rsRr,secondary_public_report:Dongqiudi user report mirrored by Phoenix,M,,sofascore_rendered_player_stats,2026-09-27T05:31:39.281748+00:00,https://www.sofascore.com/football/match/shenzhen-peng-city-beijing-guoan/BrbsGBmc#id:15552600
15552600,2026-08-07,Chinese Super League,967088,Tze-Nam Yue,茹子楠,Beijing Guoan,appeared_in_player_stats_table,73',73,true,https://i.ifeng.com/c/8vOsEt0rsRr,secondary_public_report:Dongqiudi user report mirrored by Phoenix,D,,sofascore_rendered_player_stats,2026-09-27T05:31:39.281748+00:00,https://www.sofascore.com/football/match/shenzhen-peng-city-beijing-guoan/BrbsGBmc#id:15552600
15552600,2026-08-07,Chinese Super League,793878,Hou Sen,侯森,Beijing Guoan,appeared_in_player_stats_table,90',90,true,https://i.ifeng.com/c/8vOsEt0rsRr,secondary_public_report:Dongqiudi user report mirrored by Phoenix,G,,sofascore_rendered_player_stats,2026-09-27T05:31:39.281748+00:00,https://www.sofascore.com/football/match/shenzhen-peng-city-beijing-guoan/BrbsGBmc#id:15552600
15552600,2026-08-07,Chinese Super League,828227,Zhang Yuning,张玉宁,Beijing Guoan,appeared_in_player_stats_table,62',62,true,https://i.ifeng.com/c/8vOsEt0rsRr,secondary_public_report:Dongqiudi user report mirrored by Phoenix,F,,sofascore_rendered_player_stats,2026-09-27T05:31:39.281748+00:00,https://www.sofascore.com/football/match/shenzhen-peng-city-beijing-guoan/BrbsGBmc#id:15552600
15552600,2026-08-07,Chinese Super League,827192,Guilherme Ramos,拉莫斯,Beijing Guoan,appeared_in_player_stats_table,90',90,true,https://i.ifeng.com/c/8vOsEt0rsRr,secondary_public_report:Dongqiudi user report mirrored by Phoenix,D,,sofascore_rendered_player_stats,2026-09-27T05:31:39.281748+00:00,https://www.sofascore.com/football/match/shenzhen-peng-city-beijing-guoan/BrbsGBmc#id:15552600
15552600,2026-08-07,Chinese Super League,920987,Abdugheni Abduhamit,阿不都海米提,Beijing Guoan,appeared_in_player_stats_table,90',90,true,https://i.ifeng.com/c/8vOsEt0rsRr,secondary_public_report:Dongqiudi user report mirrored by Phoenix,D,,sofascore_rendered_player_stats,2026-09-27T05:31:39.281748+00:00,https://www.sofascore.com/football/match/shenzhen-peng-city-beijing-guoan/BrbsGBmc#id:15552600
15552600,2026-08-07,Chinese Super League,1113798,Yang Bai,柏杨,Beijing Guoan,appeared_in_player_stats_table,83',83,true,https://i.ifeng.com/c/8vOsEt0rsRr,secondary_public_report:Dongqiudi user report mirrored by Phoenix,D,,sofascore_rendered_player_stats,2026-09-27T05:31:39.281748+00:00,https://www.sofascore.com/football/match/shenzhen-peng-city-beijing-guoan/BrbsGBmc#id:15552600
15552600,2026-08-07,Chinese Super League,231992,Zhang Xizhe,张稀哲,Beijing Guoan,appeared_in_player_stats_table,28',28,false,https://i.ifeng.com/c/8vOsEt0rsRr,secondary_public_report:Dongqiudi user report mirrored by Phoenix,M,,sofascore_rendered_player_stats,2026-09-27T05:31:39.281748+00:00,https://www.sofascore.com/football/match/shenzhen-peng-city-beijing-guoan/BrbsGBmc#id:15552600
15552600,2026-08-07,Chinese Super League,2443057,Deng Jiefu,邓捷夫,Beijing Guoan,appeared_in_player_stats_table,62',62,true,https://i.ifeng.com/c/8vOsEt0rsRr,secondary_public_report:Dongqiudi user report mirrored by Phoenix,M,,sofascore_rendered_player_stats,2026-09-27T05:31:39.281748+00:00,https://www.sofascore.com/football/match/shenzhen-peng-city-beijing-guoan/BrbsGBmc#id:15552600
15552600,2026-08-07,Chinese Super League,1121219,Feifan Jia,贾非凡,Beijing Guoan,appeared_in_player_stats_table,18',18,false,https://i.ifeng.com/c/8vOsEt0rsRr,secondary_public_report:Dongqiudi user report mirrored by Phoenix,M,,sofascore_rendered_player_stats,2026-09-27T05:31:39.281748+00:00,https://www.sofascore.com/football/match/shenzhen-peng-city-beijing-guoan/BrbsGBmc#id:15552600
15552600,2026-08-07,Chinese Super League,817886,Yongjing Cao,曹永竞,Beijing Guoan,appeared_in_player_stats_table,72',72,true,https://i.ifeng.com/c/8vOsEt0rsRr,secondary_public_report:Dongqiudi user report mirrored by Phoenix,M,,sofascore_rendered_player_stats,2026-09-27T05:31:39.281748+00:00,https://www.sofascore.com/football/match/shenzhen-peng-city-beijing-guoan/BrbsGBmc#id:15552600
15552600,2026-08-07,Chinese Super League,77758,Gang Wang,王刚,Beijing Guoan,appeared_in_player_stats_table,17',17,false,https://i.ifeng.com/c/8vOsEt0rsRr,secondary_public_report:Dongqiudi user report mirrored by Phoenix,D,,sofascore_rendered_player_stats,2026-09-27T05:31:39.281748+00:00,https://www.sofascore.com/football/match/shenzhen-peng-city-beijing-guoan/BrbsGBmc#id:15552600
15552600,2026-08-07,Chinese Super League,872209,Yang Liyu,杨立瑜,Beijing Guoan,appeared_in_player_stats_table,28',28,false,https://i.ifeng.com/c/8vOsEt0rsRr,secondary_public_report:Dongqiudi user report mirrored by Phoenix,F,,sofascore_rendered_player_stats,2026-09-27T05:31:39.281748+00:00,https://www.sofascore.com/football/match/shenzhen-peng-city-beijing-guoan/BrbsGBmc#id:15552600
15552600,2026-08-07,Chinese Super League,2664502,Zicheng Jiang,蒋子承,Beijing Guoan,appeared_in_player_stats_table,12',12,false,https://i.ifeng.com/c/8vOsEt0rsRr,secondary_public_report:Dongqiudi user report mirrored by Phoenix,F,,sofascore_rendered_player_stats,2026-09-27T05:31:39.281748+00:00,https://www.sofascore.com/football/match/shenzhen-peng-city-beijing-guoan/BrbsGBmc#id:15552600
15552613,2026-08-15,Chinese Super League,343673,Fabio Abreu,法比奥,Beijing Guoan,appeared_in_player_stats_table,79',79,true,https://www.cfl-china.cn/zh/content/news/Lnuf.html,official_cfl_match_report,F,forward_line_member,sofascore_rendered_player_stats,2026-09-27T05:31:29.821074+00:00,https://www.sofascore.com/football/match/beijing-guoan-tianjin-jinmen-tiger/rrbsBrb#id:15552613
15552613,2026-08-15,Chinese Super League,843735,Sai Erjini'ao,塞尔吉尼奥,Beijing Guoan,appeared_in_player_stats_table,62',62,true,https://www.cfl-china.cn/zh/content/news/Lnuf.html,official_cfl_match_report,M,midfield_line_member,sofascore_rendered_player_stats,2026-09-27T05:31:29.821074+00:00,https://www.sofascore.com/football/match/beijing-guoan-tianjin-jinmen-tiger/rrbsBrb#id:15552613
15552613,2026-08-15,Chinese Super League,926823,Dawhan,达万,Beijing Guoan,appeared_in_player_stats_table,90',90,true,https://www.cfl-china.cn/zh/content/news/Lnuf.html,official_cfl_match_report,M,midfield_line_member,sofascore_rendered_player_stats,2026-09-27T05:31:29.821074+00:00,https://www.sofascore.com/football/match/beijing-guoan-tianjin-jinmen-tiger/rrbsBrb#id:15552613
15552613,2026-08-15,Chinese Super League,920987,Abdugheni Abduhamit,阿不都海米提,Beijing Guoan,appeared_in_player_stats_table,78',78,true,https://www.cfl-china.cn/zh/content/news/Lnuf.html,official_cfl_match_report,D,defensive_line_member,sofascore_rendered_player_stats,2026-09-27T05:31:29.821074+00:00,https://www.sofascore.com/football/match/beijing-guoan-tianjin-jinmen-tiger/rrbsBrb#id:15552613
15552613,2026-08-15,Chinese Super League,817886,Yongjing Cao,曹永竞,Beijing Guoan,appeared_in_player_stats_table,45',45,false,https://www.cfl-china.cn/zh/content/news/Lnuf.html,official_cfl_match_report,M,,sofascore_rendered_player_stats,2026-09-27T05:31:29.821074+00:00,https://www.sofascore.com/football/match/beijing-guoan-tianjin-jinmen-tiger/rrbsBrb#id:15552613
15552613,2026-08-15,Chinese Super League,979120,Aboubacar Konte,孔特,Beijing Guoan,appeared_in_player_stats_table,90',90,true,https://www.cfl-china.cn/zh/content/news/Lnuf.html,official_cfl_match_report,M,midfield_line_member,sofascore_rendered_player_stats,2026-09-27T05:31:29.821074+00:00,https://www.sofascore.com/football/match/beijing-guoan-tianjin-jinmen-tiger/rrbsBrb#id:15552613
15552613,2026-08-15,Chinese Super League,793878,Hou Sen,侯森,Beijing Guoan,appeared_in_player_stats_table,90',90,true,https://www.cfl-china.cn/zh/content/news/Lnuf.html,official_cfl_match_report,G,goalkeeper,sofascore_rendered_player_stats,2026-09-27T05:31:29.821074+00:00,https://www.sofascore.com/football/match/beijing-guoan-tianjin-jinmen-tiger/rrbsBrb#id:15552613
15552613,2026-08-15,Chinese Super League,872209,Yang Liyu,杨立瑜,Beijing Guoan,appeared_in_player_stats_table,28',28,false,https://www.cfl-china.cn/zh/content/news/Lnuf.html,official_cfl_match_report,F,,sofascore_rendered_player_stats,2026-09-27T05:31:29.821074+00:00,https://www.sofascore.com/football/match/beijing-guoan-tianjin-jinmen-tiger/rrbsBrb#id:15552613
15552613,2026-08-15,Chinese Super League,1113798,Yang Bai,柏杨,Beijing Guoan,appeared_in_player_stats_table,90',90,true,https://www.cfl-china.cn/zh/content/news/Lnuf.html,official_cfl_match_report,D,defensive_line_member,sofascore_rendered_player_stats,2026-09-27T05:31:29.821074+00:00,https://www.sofascore.com/football/match/beijing-guoan-tianjin-jinmen-tiger/rrbsBrb#id:15552613
15552613,2026-08-15,Chinese Super League,77758,Gang Wang,王刚,Beijing Guoan,appeared_in_player_stats_table,62',62,true,https://www.cfl-china.cn/zh/content/news/Lnuf.html,official_cfl_match_report,D,defensive_line_member,sofascore_rendered_player_stats,2026-09-27T05:31:29.821074+00:00,https://www.sofascore.com/football/match/beijing-guoan-tianjin-jinmen-tiger/rrbsBrb#id:15552613
15552613,2026-08-15,Chinese Super League,231992,Zhang Xizhe,张稀哲,Beijing Guoan,appeared_in_player_stats_table,11',11,false,https://www.cfl-china.cn/zh/content/news/Lnuf.html,official_cfl_match_report,M,,sofascore_rendered_player_stats,2026-09-27T05:31:29.821074+00:00,https://www.sofascore.com/football/match/beijing-guoan-tianjin-jinmen-tiger/rrbsBrb#id:15552613
15552613,2026-08-15,Chinese Super League,828227,Zhang Yuning,张玉宁,Beijing Guoan,appeared_in_player_stats_table,45',45,true,https://www.cfl-china.cn/zh/content/news/Lnuf.html,official_cfl_match_report,F,forward_line_member,sofascore_rendered_player_stats,2026-09-27T05:31:29.821074+00:00,https://www.sofascore.com/football/match/beijing-guoan-tianjin-jinmen-tiger/rrbsBrb#id:15552613
15552613,2026-08-15,Chinese Super League,791491,Li Lei,李磊,Beijing Guoan,appeared_in_player_stats_table,12',12,false,https://www.cfl-china.cn/zh/content/news/Lnuf.html,official_cfl_match_report,D,,sofascore_rendered_player_stats,2026-09-27T05:31:29.821074+00:00,https://www.sofascore.com/football/match/beijing-guoan-tianjin-jinmen-tiger/rrbsBrb#id:15552613
15552613,2026-08-15,Chinese Super League,1886700,Shuangjie Fan,范双杰,Beijing Guoan,appeared_in_player_stats_table,28',28,false,https://www.cfl-china.cn/zh/content/news/Lnuf.html,official_cfl_match_report,D,,sofascore_rendered_player_stats,2026-09-27T05:31:29.821074+00:00,https://www.sofascore.com/football/match/beijing-guoan-tianjin-jinmen-tiger/rrbsBrb#id:15552613
15552613,2026-08-15,Chinese Super League,967088,Tze-Nam Yue,茹子楠,Beijing Guoan,appeared_in_player_stats_table,90',90,true,https://www.cfl-china.cn/zh/content/news/Lnuf.html,official_cfl_match_report,D,defensive_line_member,sofascore_rendered_player_stats,2026-09-27T05:31:29.821074+00:00,https://www.sofascore.com/football/match/beijing-guoan-tianjin-jinmen-tiger/rrbsBrb#id:15552613
15552613,2026-08-15,Chinese Super League,2443057,Deng Jiefu,邓捷夫,Beijing Guoan,appeared_in_player_stats_table,90',90,true,https://www.cfl-china.cn/zh/content/news/Lnuf.html,official_cfl_match_report,M,midfield_line_member,sofascore_rendered_player_stats,2026-09-27T05:31:29.821074+00:00,https://www.sofascore.com/football/match/beijing-guoan-tianjin-jinmen-tiger/rrbsBrb#id:15552613
16851672,2026-08-18,Chinese Super League,827192,Guilherme Ramos,拉莫斯,Beijing Guoan,appeared_in_player_stats_table,90',90,true,https://app.bjtitle.com/8816/newshow.php?did=867950049830928&mood=&newsid=6773523&typeid=16&uid=0,secondary_public_report:Beijing Youth Daily matchday report,D,,sofascore_rendered_player_stats,2026-09-27T05:30:52.309018+00:00,https://www.sofascore.com/football/match/beijing-guoan-shanghai-shenhua/yrbsBrb#id:16851672
16851672,2026-08-18,Chinese Super League,793878,Hou Sen,侯森,Beijing Guoan,appeared_in_player_stats_table,90',90,true,https://app.bjtitle.com/8816/newshow.php?did=867950049830928&mood=&newsid=6773523&typeid=16&uid=0,secondary_public_report:Beijing Youth Daily matchday report,G,,sofascore_rendered_player_stats,2026-09-27T05:30:52.309018+00:00,https://www.sofascore.com/football/match/beijing-guoan-shanghai-shenhua/yrbsBrb#id:16851672
16851672,2026-08-18,Chinese Super League,817886,Yongjing Cao,曹永竞,Beijing Guoan,appeared_in_player_stats_table,81',81,true,https://app.bjtitle.com/8816/newshow.php?did=867950049830928&mood=&newsid=6773523&typeid=16&uid=0,secondary_public_report:Beijing Youth Daily matchday report,M,,sofascore_rendered_player_stats,2026-09-27T05:30:52.309018+00:00,https://www.sofascore.com/football/match/beijing-guoan-shanghai-shenhua/yrbsBrb#id:16851672
16851672,2026-08-18,Chinese Super League,231992,Zhang Xizhe,张稀哲,Beijing Guoan,appeared_in_player_stats_table,28',28,false,https://app.bjtitle.com/8816/newshow.php?did=867950049830928&mood=&newsid=6773523&typeid=16&uid=0,secondary_public_report:Beijing Youth Daily matchday report,M,,sofascore_rendered_player_stats,2026-09-27T05:30:52.309018+00:00,https://www.sofascore.com/football/match/beijing-guoan-shanghai-shenhua/yrbsBrb#id:16851672
16851672,2026-08-18,Chinese Super League,1113798,Yang Bai,柏杨,Beijing Guoan,appeared_in_player_stats_table,76',76,true,https://app.bjtitle.com/8816/newshow.php?did=867950049830928&mood=&newsid=6773523&typeid=16&uid=0,secondary_public_report:Beijing Youth Daily matchday report,D,,sofascore_rendered_player_stats,2026-09-27T05:30:52.309018+00:00,https://www.sofascore.com/football/match/beijing-guoan-shanghai-shenhua/yrbsBrb#id:16851672
16851672,2026-08-18,Chinese Super League,843735,Sai Erjini'ao,塞尔吉尼奥,Beijing Guoan,appeared_in_player_stats_table,90',90,true,https://app.bjtitle.com/8816/newshow.php?did=867950049830928&mood=&newsid=6773523&typeid=16&uid=0,secondary_public_report:Beijing Youth Daily matchday report,M,,sofascore_rendered_player_stats,2026-09-27T05:30:52.309018+00:00,https://www.sofascore.com/football/match/beijing-guoan-shanghai-shenhua/yrbsBrb#id:16851672
16851672,2026-08-18,Chinese Super League,926823,Dawhan,达万,Beijing Guoan,appeared_in_player_stats_table,90',90,true,https://app.bjtitle.com/8816/newshow.php?did=867950049830928&mood=&newsid=6773523&typeid=16&uid=0,secondary_public_report:Beijing Youth Daily matchday report,M,,sofascore_rendered_player_stats,2026-09-27T05:30:52.309018+00:00,https://www.sofascore.com/football/match/beijing-guoan-shanghai-shenhua/yrbsBrb#id:16851672
16851672,2026-08-18,Chinese Super League,1121219,Feifan Jia,贾非凡,Beijing Guoan,appeared_in_player_stats_table,9',9,false,https://app.bjtitle.com/8816/newshow.php?did=867950049830928&mood=&newsid=6773523&typeid=16&uid=0,secondary_public_report:Beijing Youth Daily matchday report,M,,sofascore_rendered_player_stats,2026-09-27T05:30:52.309018+00:00,https://www.sofascore.com/football/match/beijing-guoan-shanghai-shenhua/yrbsBrb#id:16851672
16851672,2026-08-18,Chinese Super League,77758,Gang Wang,王刚,Beijing Guoan,appeared_in_player_stats_table,28',28,false,https://app.bjtitle.com/8816/newshow.php?did=867950049830928&mood=&newsid=6773523&typeid=16&uid=0,secondary_public_report:Beijing Youth Daily matchday report,D,,sofascore_rendered_player_stats,2026-09-27T05:30:52.309018+00:00,https://www.sofascore.com/football/match/beijing-guoan-shanghai-shenhua/yrbsBrb#id:16851672
16851672,2026-08-18,Chinese Super League,920987,Abdugheni Abduhamit,阿不都海米提,Beijing Guoan,appeared_in_player_stats_table,90',90,true,https://app.bjtitle.com/8816/newshow.php?did=867950049830928&mood=&newsid=6773523&typeid=16&uid=0,secondary_public_report:Beijing Youth Daily matchday report,D,,sofascore_rendered_player_stats,2026-09-27T05:30:52.309018+00:00,https://www.sofascore.com/football/match/beijing-guoan-shanghai-shenhua/yrbsBrb#id:16851672
16851672,2026-08-18,Chinese Super League,791491,Li Lei,李磊,Beijing Guoan,appeared_in_player_stats_table,14',14,false,https://app.bjtitle.com/8816/newshow.php?did=867950049830928&mood=&newsid=6773523&typeid=16&uid=0,secondary_public_report:Beijing Youth Daily matchday report,D,,sofascore_rendered_player_stats,2026-09-27T05:30:52.309018+00:00,https://www.sofascore.com/football/match/beijing-guoan-shanghai-shenhua/yrbsBrb#id:16851672
16851672,2026-08-18,Chinese Super League,828227,Zhang Yuning,张玉宁,Beijing Guoan,appeared_in_player_stats_table,90',90,true,https://app.bjtitle.com/8816/newshow.php?did=867950049830928&mood=&newsid=6773523&typeid=16&uid=0,secondary_public_report:Beijing Youth Daily matchday report,F,,sofascore_rendered_player_stats,2026-09-27T05:30:52.309018+00:00,https://www.sofascore.com/football/match/beijing-guoan-shanghai-shenhua/yrbsBrb#id:16851672
16851672,2026-08-18,Chinese Super League,343673,Fabio Abreu,法比奥,Beijing Guoan,appeared_in_player_stats_table,90',90,true,https://app.bjtitle.com/8816/newshow.php?did=867950049830928&mood=&newsid=6773523&typeid=16&uid=0,secondary_public_report:Beijing Youth Daily matchday report,F,,sofascore_rendered_player_stats,2026-09-27T05:30:52.309018+00:00,https://www.sofascore.com/football/match/beijing-guoan-shanghai-shenhua/yrbsBrb#id:16851672
16851672,2026-08-18,Chinese Super League,872209,Yang Liyu,杨立瑜,Beijing Guoan,appeared_in_player_stats_table,62',62,true,https://app.bjtitle.com/8816/newshow.php?did=867950049830928&mood=&newsid=6773523&typeid=16&uid=0,secondary_public_report:Beijing Youth Daily matchday report,M,,sofascore_rendered_player_stats,2026-09-27T05:30:52.309018+00:00,https://www.sofascore.com/football/match/beijing-guoan-shanghai-shenhua/yrbsBrb#id:16851672
16851672,2026-08-18,Chinese Super League,967088,Tze-Nam Yue,茹子楠,Beijing Guoan,appeared_in_player_stats_table,62',62,true,https://app.bjtitle.com/8816/newshow.php?did=867950049830928&mood=&newsid=6773523&typeid=16&uid=0,secondary_public_report:Beijing Youth Daily matchday report,D,,sofascore_rendered_player_stats,2026-09-27T05:30:52.309018+00:00,https://www.sofascore.com/football/match/beijing-guoan-shanghai-shenhua/yrbsBrb#id:16851672
15552619,2026-08-22,Chinese Super League,843735,Sai Erjini'ao,塞尔吉尼奥,Beijing Guoan,appeared_in_player_stats_table,90',90,true,https://www.cfl-china.cn/zh/content/news/iZbR.html,official_cfl_match_report,M,,sofascore_rendered_player_stats,2026-09-27T05:29:49.113878+00:00,https://www.sofascore.com/football/match/yunnan-yukun-beijing-guoan/BrbsQZOd#id:15552619
15552619,2026-08-22,Chinese Super League,926823,Dawhan,达万,Beijing Guoan,appeared_in_player_stats_table,90',90,true,https://www.cfl-china.cn/zh/content/news/iZbR.html,official_cfl_match_report,M,,sofascore_rendered_player_stats,2026-09-27T05:29:49.113878+00:00,https://www.sofascore.com/football/match/yunnan-yukun-beijing-guoan/BrbsQZOd#id:15552619
15552619,2026-08-22,Chinese Super League,343673,Fabio Abreu,法比奥,Beijing Guoan,appeared_in_player_stats_table,90',90,true,https://www.cfl-china.cn/zh/content/news/iZbR.html,official_cfl_match_report,F,,sofascore_rendered_player_stats,2026-09-27T05:29:49.113878+00:00,https://www.sofascore.com/football/match/yunnan-yukun-beijing-guoan/BrbsQZOd#id:15552619
15552619,2026-08-22,Chinese Super League,828227,Zhang Yuning,张玉宁,Beijing Guoan,appeared_in_player_stats_table,84',84,true,https://www.cfl-china.cn/zh/content/news/iZbR.html,official_cfl_match_report,F,,sofascore_rendered_player_stats,2026-09-27T05:29:49.113878+00:00,https://www.sofascore.com/football/match/yunnan-yukun-beijing-guoan/BrbsQZOd#id:15552619
15552619,2026-08-22,Chinese Super League,2443057,Deng Jiefu,邓捷夫,Beijing Guoan,appeared_in_player_stats_table,62',62,true,https://www.cfl-china.cn/zh/content/news/iZbR.html,official_cfl_match_report,M,,sofascore_rendered_player_stats,2026-09-27T05:29:49.113878+00:00,https://www.sofascore.com/football/match/yunnan-yukun-beijing-guoan/BrbsQZOd#id:15552619
15552619,2026-08-22,Chinese Super League,231992,Zhang Xizhe,张稀哲,Beijing Guoan,appeared_in_player_stats_table,28',28,false,https://www.cfl-china.cn/zh/content/news/iZbR.html,official_cfl_match_report,M,,sofascore_rendered_player_stats,2026-09-27T05:29:49.113878+00:00,https://www.sofascore.com/football/match/yunnan-yukun-beijing-guoan/BrbsQZOd#id:15552619
15552619,2026-08-22,Chinese Super League,817886,Yongjing Cao,曹永竞,Beijing Guoan,appeared_in_player_stats_table,90',90,true,https://www.cfl-china.cn/zh/content/news/iZbR.html,official_cfl_match_report,M,,sofascore_rendered_player_stats,2026-09-27T05:29:49.113878+00:00,https://www.sofascore.com/football/match/yunnan-yukun-beijing-guoan/BrbsQZOd#id:15552619
15552619,2026-08-22,Chinese Super League,920987,Abdugheni Abduhamit,阿不都海米提,Beijing Guoan,appeared_in_player_stats_table,90',90,true,https://www.cfl-china.cn/zh/content/news/iZbR.html,official_cfl_match_report,D,,sofascore_rendered_player_stats,2026-09-27T05:29:49.113878+00:00,https://www.sofascore.com/football/match/yunnan-yukun-beijing-guoan/BrbsQZOd#id:15552619
15552619,2026-08-22,Chinese Super League,77758,Gang Wang,王刚,Beijing Guoan,appeared_in_player_stats_table,62',62,true,https://www.cfl-china.cn/zh/content/news/iZbR.html,official_cfl_match_report,D,,sofascore_rendered_player_stats,2026-09-27T05:29:49.113878+00:00,https://www.sofascore.com/football/match/yunnan-yukun-beijing-guoan/BrbsQZOd#id:15552619
15552619,2026-08-22,Chinese Super League,827192,Guilherme Ramos,拉莫斯,Beijing Guoan,appeared_in_player_stats_table,90',90,true,https://www.cfl-china.cn/zh/content/news/iZbR.html,official_cfl_match_report,D,,sofascore_rendered_player_stats,2026-09-27T05:29:49.113878+00:00,https://www.sofascore.com/football/match/yunnan-yukun-beijing-guoan/BrbsQZOd#id:15552619
15552619,2026-08-22,Chinese Super League,791491,Li Lei,李磊,Beijing Guoan,appeared_in_player_stats_table,16',16,false,https://www.cfl-china.cn/zh/content/news/iZbR.html,official_cfl_match_report,D,,sofascore_rendered_player_stats,2026-09-27T05:29:49.113878+00:00,https://www.sofascore.com/football/match/yunnan-yukun-beijing-guoan/BrbsQZOd#id:15552619
15552619,2026-08-22,Chinese Super League,793878,Hou Sen,侯森,Beijing Guoan,appeared_in_player_stats_table,90',90,true,https://www.cfl-china.cn/zh/content/news/iZbR.html,official_cfl_match_report,G,,sofascore_rendered_player_stats,2026-09-27T05:29:49.113878+00:00,https://www.sofascore.com/football/match/yunnan-yukun-beijing-guoan/BrbsQZOd#id:15552619
15552619,2026-08-22,Chinese Super League,967088,Tze-Nam Yue,茹子楠,Beijing Guoan,appeared_in_player_stats_table,28',28,false,https://www.cfl-china.cn/zh/content/news/iZbR.html,official_cfl_match_report,D,,sofascore_rendered_player_stats,2026-09-27T05:29:49.113878+00:00,https://www.sofascore.com/football/match/yunnan-yukun-beijing-guoan/BrbsQZOd#id:15552619
15552619,2026-08-22,Chinese Super League,1113798,Yang Bai,柏杨,Beijing Guoan,appeared_in_player_stats_table,90',90,true,https://www.cfl-china.cn/zh/content/news/iZbR.html,official_cfl_match_report,D,,sofascore_rendered_player_stats,2026-09-27T05:29:49.113878+00:00,https://www.sofascore.com/football/match/yunnan-yukun-beijing-guoan/BrbsQZOd#id:15552619
15552624,2026-08-28,Chinese Super League,843735,Sai Erjini'ao,塞尔吉尼奥,Beijing Guoan,appeared_in_player_stats_table,90',90,true,https://www.cfl-china.cn/zh/content/news/DqGe.html,official_cfl_match_report,M,,sofascore_rendered_player_stats,2026-09-27T05:29:00.226919+00:00,https://www.sofascore.com/football/match/dalian-yingbo-fc-beijing-guoan/BrbsRZOd#id:15552624
15552624,2026-08-28,Chinese Super League,827192,Guilherme Ramos,拉莫斯,Beijing Guoan,appeared_in_player_stats_table,90',90,true,https://www.cfl-china.cn/zh/content/news/DqGe.html,official_cfl_match_report,D,,sofascore_rendered_player_stats,2026-09-27T05:29:00.226919+00:00,https://www.sofascore.com/football/match/dalian-yingbo-fc-beijing-guoan/BrbsRZOd#id:15552624
15552624,2026-08-28,Chinese Super League,967088,Tze-Nam Yue,茹子楠,Beijing Guoan,appeared_in_player_stats_table,57',57,true,https://www.cfl-china.cn/zh/content/news/DqGe.html,official_cfl_match_report,D,,sofascore_rendered_player_stats,2026-09-27T05:29:00.226919+00:00,https://www.sofascore.com/football/match/dalian-yingbo-fc-beijing-guoan/BrbsRZOd#id:15552624
15552624,2026-08-28,Chinese Super League,926823,Dawhan,达万,Beijing Guoan,appeared_in_player_stats_table,73',73,true,https://www.cfl-china.cn/zh/content/news/DqGe.html,official_cfl_match_report,M,,sofascore_rendered_player_stats,2026-09-27T05:29:00.226919+00:00,https://www.sofascore.com/football/match/dalian-yingbo-fc-beijing-guoan/BrbsRZOd#id:15552624
15552624,2026-08-28,Chinese Super League,343673,Fabio Abreu,法比奥,Beijing Guoan,appeared_in_player_stats_table,57',57,true,https://www.cfl-china.cn/zh/content/news/DqGe.html,official_cfl_match_report,F,,sofascore_rendered_player_stats,2026-09-27T05:29:00.226919+00:00,https://www.sofascore.com/football/match/dalian-yingbo-fc-beijing-guoan/BrbsRZOd#id:15552624
15552624,2026-08-28,Chinese Super League,231992,Zhang Xizhe,张稀哲,Beijing Guoan,appeared_in_player_stats_table,33',33,false,https://www.cfl-china.cn/zh/content/news/DqGe.html,official_cfl_match_report,M,,sofascore_rendered_player_stats,2026-09-27T05:29:00.226919+00:00,https://www.sofascore.com/football/match/dalian-yingbo-fc-beijing-guoan/BrbsRZOd#id:15552624
15552624,2026-08-28,Chinese Super League,828227,Zhang Yuning,张玉宁,Beijing Guoan,appeared_in_player_stats_table,90',90,true,https://www.cfl-china.cn/zh/content/news/DqGe.html,official_cfl_match_report,F,,sofascore_rendered_player_stats,2026-09-27T05:29:00.226919+00:00,https://www.sofascore.com/football/match/dalian-yingbo-fc-beijing-guoan/BrbsRZOd#id:15552624
15552624,2026-08-28,Chinese Super League,920987,Abdugheni Abduhamit,阿不都海米提,Beijing Guoan,appeared_in_player_stats_table,33',33,false,https://www.cfl-china.cn/zh/content/news/DqGe.html,official_cfl_match_report,D,,sofascore_rendered_player_stats,2026-09-27T05:29:00.226919+00:00,https://www.sofascore.com/football/match/dalian-yingbo-fc-beijing-guoan/BrbsRZOd#id:15552624
15552624,2026-08-28,Chinese Super League,77758,Gang Wang,王刚,Beijing Guoan,appeared_in_player_stats_table,90',90,true,https://www.cfl-china.cn/zh/content/news/DqGe.html,official_cfl_match_report,D,,sofascore_rendered_player_stats,2026-09-27T05:29:00.226919+00:00,https://www.sofascore.com/football/match/dalian-yingbo-fc-beijing-guoan/BrbsRZOd#id:15552624
15552624,2026-08-28,Chinese Super League,2443057,Deng Jiefu,邓捷夫,Beijing Guoan,appeared_in_player_stats_table,17',17,false,https://www.cfl-china.cn/zh/content/news/DqGe.html,official_cfl_match_report,D,,sofascore_rendered_player_stats,2026-09-27T05:29:00.226919+00:00,https://www.sofascore.com/football/match/dalian-yingbo-fc-beijing-guoan/BrbsRZOd#id:15552624
15552624,2026-08-28,Chinese Super League,1113798,Yang Bai,柏杨,Beijing Guoan,appeared_in_player_stats_table,90',90,true,https://www.cfl-china.cn/zh/content/news/DqGe.html,official_cfl_match_report,D,,sofascore_rendered_player_stats,2026-09-27T05:29:00.226919+00:00,https://www.sofascore.com/football/match/dalian-yingbo-fc-beijing-guoan/BrbsRZOd#id:15552624
15552624,2026-08-28,Chinese Super League,791491,Li Lei,李磊,Beijing Guoan,appeared_in_player_stats_table,17',17,false,https://www.cfl-china.cn/zh/content/news/DqGe.html,official_cfl_match_report,D,,sofascore_rendered_player_stats,2026-09-27T05:29:00.226919+00:00,https://www.sofascore.com/football/match/dalian-yingbo-fc-beijing-guoan/BrbsRZOd#id:15552624
15552624,2026-08-28,Chinese Super League,1130184,Wang Yu,王禹,Beijing Guoan,appeared_in_player_stats_table,17',17,false,https://www.cfl-china.cn/zh/content/news/DqGe.html,official_cfl_match_report,M,,sofascore_rendered_player_stats,2026-09-27T05:29:00.226919+00:00,https://www.sofascore.com/football/match/dalian-yingbo-fc-beijing-guoan/BrbsRZOd#id:15552624
15552624,2026-08-28,Chinese Super League,793878,Hou Sen,侯森,Beijing Guoan,appeared_in_player_stats_table,90',90,true,https://www.cfl-china.cn/zh/content/news/DqGe.html,official_cfl_match_report,G,,sofascore_rendered_player_stats,2026-09-27T05:29:00.226919+00:00,https://www.sofascore.com/football/match/dalian-yingbo-fc-beijing-guoan/BrbsRZOd#id:15552624
15552624,2026-08-28,Chinese Super League,817886,Yongjing Cao,曹永竞,Beijing Guoan,appeared_in_player_stats_table,73',73,true,https://www.cfl-china.cn/zh/content/news/DqGe.html,official_cfl_match_report,M,,sofascore_rendered_player_stats,2026-09-27T05:29:00.226919+00:00,https://www.sofascore.com/football/match/dalian-yingbo-fc-beijing-guoan/BrbsRZOd#id:15552624
15552624,2026-08-28,Chinese Super League,872209,Yang Liyu,杨立瑜,Beijing Guoan,appeared_in_player_stats_table,73',73,true,https://www.cfl-china.cn/zh/content/news/DqGe.html,official_cfl_match_report,M,,sofascore_rendered_player_stats,2026-09-27T05:29:00.226919+00:00,https://www.sofascore.com/football/match/dalian-yingbo-fc-beijing-guoan/BrbsRZOd#id:15552624
15552633,2026-09-05,Chinese Super League,793878,Hou Sen,侯森,Beijing Guoan,appeared_in_player_stats_table,90',90,true,https://www.cfl-china.cn/zh/content/news/nDAQ.html,official_cfl_match_report,G,,sofascore_rendered_player_stats,2026-09-27T05:28:06.171296+00:00,https://www.sofascore.com/football/match/shanghai-port-beijing-guoan/BrbsMFq#id:15552633
15552633,2026-09-05,Chinese Super League,827192,Guilherme Ramos,拉莫斯,Beijing Guoan,appeared_in_player_stats_table,90',90,true,https://www.cfl-china.cn/zh/content/news/nDAQ.html,official_cfl_match_report,D,,sofascore_rendered_player_stats,2026-09-27T05:28:06.171296+00:00,https://www.sofascore.com/football/match/shanghai-port-beijing-guoan/BrbsMFq#id:15552633
15552633,2026-09-05,Chinese Super League,2443057,Deng Jiefu,邓捷夫,Beijing Guoan,appeared_in_player_stats_table,45',45,false,https://www.cfl-china.cn/zh/content/news/nDAQ.html,official_cfl_match_report,D,,sofascore_rendered_player_stats,2026-09-27T05:28:06.171296+00:00,https://www.sofascore.com/football/match/shanghai-port-beijing-guoan/BrbsMFq#id:15552633
15552633,2026-09-05,Chinese Super League,967088,Tze-Nam Yue,茹子楠,Beijing Guoan,appeared_in_player_stats_table,90',90,true,https://www.cfl-china.cn/zh/content/news/nDAQ.html,official_cfl_match_report,D,,sofascore_rendered_player_stats,2026-09-27T05:28:06.171296+00:00,https://www.sofascore.com/football/match/shanghai-port-beijing-guoan/BrbsMFq#id:15552633
15552633,2026-09-05,Chinese Super League,1113798,Yang Bai,柏杨,Beijing Guoan,appeared_in_player_stats_table,90',90,true,https://www.cfl-china.cn/zh/content/news/nDAQ.html,official_cfl_match_report,D,,sofascore_rendered_player_stats,2026-09-27T05:28:06.171296+00:00,https://www.sofascore.com/football/match/shanghai-port-beijing-guoan/BrbsMFq#id:15552633
15552633,2026-09-05,Chinese Super League,1130184,Wang Yu,王禹,Beijing Guoan,appeared_in_player_stats_table,81',81,true,https://www.cfl-china.cn/zh/content/news/nDAQ.html,official_cfl_match_report,M,,sofascore_rendered_player_stats,2026-09-27T05:28:06.171296+00:00,https://www.sofascore.com/football/match/shanghai-port-beijing-guoan/BrbsMFq#id:15552633
15552633,2026-09-05,Chinese Super League,872209,Yang Liyu,杨立瑜,Beijing Guoan,appeared_in_player_stats_table,89',89,true,https://www.cfl-china.cn/zh/content/news/nDAQ.html,official_cfl_match_report,M,,sofascore_rendered_player_stats,2026-09-27T05:28:06.171296+00:00,https://www.sofascore.com/football/match/shanghai-port-beijing-guoan/BrbsMFq#id:15552633
15552633,2026-09-05,Chinese Super League,2487614,Cheng Xi,程熙,Beijing Guoan,appeared_in_player_stats_table,9',9,false,https://www.cfl-china.cn/zh/content/news/nDAQ.html,official_cfl_match_report,M,,sofascore_rendered_player_stats,2026-09-27T05:28:06.171296+00:00,https://www.sofascore.com/football/match/shanghai-port-beijing-guoan/BrbsMFq#id:15552633
15552633,2026-09-05,Chinese Super League,77758,Gang Wang,王刚,Beijing Guoan,appeared_in_player_stats_table,90',90,true,https://www.cfl-china.cn/zh/content/news/nDAQ.html,official_cfl_match_report,D,,sofascore_rendered_player_stats,2026-09-27T05:28:06.171296+00:00,https://www.sofascore.com/football/match/shanghai-port-beijing-guoan/BrbsMFq#id:15552633
15552633,2026-09-05,Chinese Super League,817886,Yongjing Cao,曹永竞,Beijing Guoan,appeared_in_player_stats_table,90',90,true,https://www.cfl-china.cn/zh/content/news/nDAQ.html,official_cfl_match_report,M,,sofascore_rendered_player_stats,2026-09-27T05:28:06.171296+00:00,https://www.sofascore.com/football/match/shanghai-port-beijing-guoan/BrbsMFq#id:15552633
15552633,2026-09-05,Chinese Super League,843735,Sai Erjini'ao,塞尔吉尼奥,Beijing Guoan,appeared_in_player_stats_table,81',81,true,https://www.cfl-china.cn/zh/content/news/nDAQ.html,official_cfl_match_report,M,,sofascore_rendered_player_stats,2026-09-27T05:28:06.171296+00:00,https://www.sofascore.com/football/match/shanghai-port-beijing-guoan/BrbsMFq#id:15552633
15552633,2026-09-05,Chinese Super League,1121219,Feifan Jia,贾非凡,Beijing Guoan,appeared_in_player_stats_table,9',9,false,https://www.cfl-china.cn/zh/content/news/nDAQ.html,official_cfl_match_report,M,,sofascore_rendered_player_stats,2026-09-27T05:28:06.171296+00:00,https://www.sofascore.com/football/match/shanghai-port-beijing-guoan/BrbsMFq#id:15552633
15552633,2026-09-05,Chinese Super League,231992,Zhang Xizhe,张稀哲,Beijing Guoan,appeared_in_player_stats_table,45',45,true,https://www.cfl-china.cn/zh/content/news/nDAQ.html,official_cfl_match_report,M,,sofascore_rendered_player_stats,2026-09-27T05:28:06.171296+00:00,https://www.sofascore.com/football/match/shanghai-port-beijing-guoan/BrbsMFq#id:15552633
15552633,2026-09-05,Chinese Super League,828227,Zhang Yuning,张玉宁,Beijing Guoan,appeared_in_player_stats_table,90',90,true,https://www.cfl-china.cn/zh/content/news/nDAQ.html,official_cfl_match_report,F,,sofascore_rendered_player_stats,2026-09-27T05:28:06.171296+00:00,https://www.sofascore.com/football/match/shanghai-port-beijing-guoan/BrbsMFq#id:15552633
15552633,2026-09-05,Chinese Super League,791491,Li Lei,李磊,Beijing Guoan,appeared_in_player_stats_table,1',1,false,https://www.cfl-china.cn/zh/content/news/nDAQ.html,official_cfl_match_report,D,,sofascore_rendered_player_stats,2026-09-27T05:28:06.171296+00:00,https://www.sofascore.com/football/match/shanghai-port-beijing-guoan/BrbsMFq#id:15552633
16863671,2026-09-15,AFC Champions League Elite,553488,Chadrac Akolo,阿科洛,Beijing Guoan,appeared_in_player_stats_table,34',34,true,https://www.ppsport.com/article/news/2616403.html,secondary_public_report:PP Sports official-lineup report,F,forward_line_member,sofascore_rendered_player_stats,2026-09-27T05:28:50.338257+00:00,https://www.sofascore.com/football/match/pohang-steelers-beijing-guoan/Brbsadd#id:16863671
16863671,2026-09-15,AFC Champions League Elite,187187,Jeremy Dudziak,杜齐亚克,Beijing Guoan,appeared_in_player_stats_table,82',82,true,https://www.ppsport.com/article/news/2616403.html,secondary_public_report:PP Sports official-lineup report,M,midfield_line_member,sofascore_rendered_player_stats,2026-09-27T05:28:50.338257+00:00,https://www.sofascore.com/football/match/pohang-steelers-beijing-guoan/Brbsadd#id:16863671
16863671,2026-09-15,AFC Champions League Elite,843735,Sai Erjini'ao,塞尔吉尼奥,Beijing Guoan,appeared_in_player_stats_table,90',90,true,https://www.ppsport.com/article/news/2616403.html,secondary_public_report:PP Sports official-lineup report,M,midfield_line_member,sofascore_rendered_player_stats,2026-09-27T05:28:50.338257+00:00,https://www.sofascore.com/football/match/pohang-steelers-beijing-guoan/Brbsadd#id:16863671
16863671,2026-09-15,AFC Champions League Elite,231992,Zhang Xizhe,张稀哲,Beijing Guoan,appeared_in_player_stats_table,68',68,true,https://www.ppsport.com/article/news/2616403.html,secondary_public_report:PP Sports official-lineup report,M,midfield_line_member,sofascore_rendered_player_stats,2026-09-27T05:28:50.338257+00:00,https://www.sofascore.com/football/match/pohang-steelers-beijing-guoan/Brbsadd#id:16863671
16863671,2026-09-15,AFC Champions League Elite,827192,Guilherme Ramos,拉莫斯,Beijing Guoan,appeared_in_player_stats_table,90',90,true,https://www.ppsport.com/article/news/2616403.html,secondary_public_report:PP Sports official-lineup report,D,defensive_line_member,sofascore_rendered_player_stats,2026-09-27T05:28:50.338257+00:00,https://www.sofascore.com/football/match/pohang-steelers-beijing-guoan/Brbsadd#id:16863671
16863671,2026-09-15,AFC Champions League Elite,793878,Hou Sen,侯森,Beijing Guoan,appeared_in_player_stats_table,90',90,true,https://www.ppsport.com/article/news/2616403.html,secondary_public_report:PP Sports official-lineup report,G,goalkeeper,sofascore_rendered_player_stats,2026-09-27T05:28:50.338257+00:00,https://www.sofascore.com/football/match/pohang-steelers-beijing-guoan/Brbsadd#id:16863671
16863671,2026-09-15,AFC Champions League Elite,926823,Dawhan,达万,Beijing Guoan,appeared_in_player_stats_table,90',90,true,https://www.ppsport.com/article/news/2616403.html,secondary_public_report:PP Sports official-lineup report,M,midfield_line_member,sofascore_rendered_player_stats,2026-09-27T05:28:50.338257+00:00,https://www.sofascore.com/football/match/pohang-steelers-beijing-guoan/Brbsadd#id:16863671
16863671,2026-09-15,AFC Champions League Elite,920987,Abdugheni Abduhamit,阿不都海米提,Beijing Guoan,appeared_in_player_stats_table,22',22,false,https://www.ppsport.com/article/news/2616403.html,secondary_public_report:PP Sports official-lineup report,D,,sofascore_rendered_player_stats,2026-09-27T05:28:50.338257+00:00,https://www.sofascore.com/football/match/pohang-steelers-beijing-guoan/Brbsadd#id:16863671
16863671,2026-09-15,AFC Champions League Elite,837300,Béni Nkololo,恩科洛洛,Beijing Guoan,appeared_in_player_stats_table,82',82,true,https://www.ppsport.com/article/news/2616403.html,secondary_public_report:PP Sports official-lineup report,F,forward_line_member,sofascore_rendered_player_stats,2026-09-27T05:28:50.338257+00:00,https://www.sofascore.com/football/match/pohang-steelers-beijing-guoan/Brbsadd#id:16863671
16863671,2026-09-15,AFC Champions League Elite,791491,Li Lei,李磊,Beijing Guoan,appeared_in_player_stats_table,22',22,false,https://www.ppsport.com/article/news/2616403.html,secondary_public_report:PP Sports official-lineup report,D,,sofascore_rendered_player_stats,2026-09-27T05:28:50.338257+00:00,https://www.sofascore.com/football/match/pohang-steelers-beijing-guoan/Brbsadd#id:16863671
16863671,2026-09-15,AFC Champions League Elite,343673,Fabio Abreu,法比奥,Beijing Guoan,appeared_in_player_stats_table,8',8,false,https://www.ppsport.com/article/news/2616403.html,secondary_public_report:PP Sports official-lineup report,F,,sofascore_rendered_player_stats,2026-09-27T05:28:50.338257+00:00,https://www.sofascore.com/football/match/pohang-steelers-beijing-guoan/Brbsadd#id:16863671
16863671,2026-09-15,AFC Champions League Elite,77758,Gang Wang,王刚,Beijing Guoan,appeared_in_player_stats_table,68',68,true,https://www.ppsport.com/article/news/2616403.html,secondary_public_report:PP Sports official-lineup report,D,defensive_line_member,sofascore_rendered_player_stats,2026-09-27T05:28:50.338257+00:00,https://www.sofascore.com/football/match/pohang-steelers-beijing-guoan/Brbsadd#id:16863671
16863671,2026-09-15,AFC Champions League Elite,1130184,Wang Yu,王禹,Beijing Guoan,appeared_in_player_stats_table,8',8,false,https://www.ppsport.com/article/news/2616403.html,secondary_public_report:PP Sports official-lineup report,M,,sofascore_rendered_player_stats,2026-09-27T05:28:50.338257+00:00,https://www.sofascore.com/football/match/pohang-steelers-beijing-guoan/Brbsadd#id:16863671
16863671,2026-09-15,AFC Champions League Elite,872209,Yang Liyu,杨立瑜,Beijing Guoan,appeared_in_player_stats_table,56',56,false,https://www.ppsport.com/article/news/2616403.html,secondary_public_report:PP Sports official-lineup report,F,,sofascore_rendered_player_stats,2026-09-27T05:28:50.338257+00:00,https://www.sofascore.com/football/match/pohang-steelers-beijing-guoan/Brbsadd#id:16863671
16863671,2026-09-15,AFC Champions League Elite,967088,Tze-Nam Yue,茹子楠,Beijing Guoan,appeared_in_player_stats_table,90',90,true,https://www.ppsport.com/article/news/2616403.html,secondary_public_report:PP Sports official-lineup report,D,defensive_line_member,sofascore_rendered_player_stats,2026-09-27T05:28:50.338257+00:00,https://www.sofascore.com/football/match/pohang-steelers-beijing-guoan/Brbsadd#id:16863671
16863671,2026-09-15,AFC Champions League Elite,2443057,Deng Jiefu,邓捷夫,Beijing Guoan,appeared_in_player_stats_table,90',90,true,https://www.ppsport.com/article/news/2616403.html,secondary_public_report:PP Sports official-lineup report,D,defensive_line_member,sofascore_rendered_player_stats,2026-09-27T05:28:50.338257+00:00,https://www.sofascore.com/football/match/pohang-steelers-beijing-guoan/Brbsadd#id:16863671
